timestamp,sheep_id,latitude,longitude
2025-08-27 10:00:00,Sheep_1,31.000310082666683,-7.000358079651448
2025-08-27 10:00:00,Sheep_2,30.999987511201237,-7.000014642540907
2025-08-27 10:00:00,Sheep_3,31.000006520722373,-7.000060153520436
2025-08-27 10:00:00,Sheep_4,30.999953514611054,-7.000017678316847
2025-08-27 10:00:00,Sheep_5,30.999972704874587,-6.999990120065581
2025-08-27 10:00:00,Sheep_6,30.999975529354774,-7.000044402820651
2025-08-27 10:00:00,Sheep_7,31.000039498260033,-7.0000070984056535
2025-08-27 10:00:00,Sheep_8,31.000001819840225,-7.000044794075189
2025-08-27 10:00:00,Sheep_9,30.99998532924745,-6.999996512594386
2025-08-27 10:00:00,Sheep_10,30.999968981488212,-6.999988188056356
2025-08-27 10:00:30,Sheep_1,31.00062624348791,-7.000745017315903
2025-08-27 10:00:30,Sheep_2,30.999983784406783,-6.999941764384001
2025-08-27 10:00:30,Sheep_3,30.999999636258767,-7.000033254425826
2025-08-27 10:00:30,Sheep_4,31.000022167038594,-7.000038383317683
2025-08-27 10:00:30,Sheep_5,31.000005628735043,-7.000061612017985
2025-08-27 10:00:30,Sheep_6,30.999964206268896,-6.99999381068382
2025-08-27 10:00:30,Sheep_7,31.000019901183435,-6.999994612182176
2025-08-27 10:00:30,Sheep_8,30.999996883355667,-7.000009466698544
2025-08-27 10:00:30,Sheep_9,30.999960154815206,-7.000022631897978
2025-08-27 10:00:30,Sheep_10,30.999987586091333,-6.999966764082985
2025-08-27 10:01:00,Sheep_1,31.000961725568278,-7.001145308439188
2025-08-27 10:01:00,Sheep_2,31.00000873384754,-7.000012106984792
2025-08-27 10:01:00,Sheep_3,30.999981757402075,-6.999980768900822
2025-08-27 10:01:00,Sheep_4,31.000027784751776,-6.999970720558144
2025-08-27 10:01:00,Sheep_5,30.999977383645618,-7.000009721635407
2025-08-27 10:01:00,Sheep_6,31.00000892732927,-6.999969328866534
2025-08-27 10:01:00,Sheep_7,30.999987086572823,-7.000005837117212
2025-08-27 10:01:00,Sheep_8,30.999970185007886,-7.000037608729724
2025-08-27 10:01:00,Sheep_9,31.000021897030788,-6.999957359820914
2025-08-27 10:01:00,Sheep_10,30.99999805937509,-6.999968448931175
2025-08-27 10:01:30,Sheep_1,31.00128056662737,-7.001491328539647
2025-08-27 10:01:30,Sheep_2,31.00000973937133,-6.999951644138756
2025-08-27 10:01:30,Sheep_3,30.99999903451206,-6.999950807612012
2025-08-27 10:01:30,Sheep_4,30.99992939961092,-6.999974159389754
2025-08-27 10:01:30,Sheep_5,31.000002345860626,-7.000009400789464
2025-08-27 10:01:30,Sheep_6,31.00000247289193,-7.000062489155813
2025-08-27 10:01:30,Sheep_7,30.99999407998865,-6.999988772382704
2025-08-27 10:01:30,Sheep_8,31.000039828262075,-7.000016294412831
2025-08-27 10:01:30,Sheep_9,30.999978211634847,-7.000015775238708
2025-08-27 10:01:30,Sheep_10,31.00002466947856,-6.999989664066909
2025-08-27 10:02:00,Sheep_1,31.001583068951923,-7.001836500456397
2025-08-27 10:02:00,Sheep_2,31.000002616175422,-6.999969545806791
2025-08-27 10:02:00,Sheep_3,30.99998108013581,-7.000010301696098
2025-08-27 10:02:00,Sheep_4,30.999989432945927,-7.000046012901971
2025-08-27 10:02:00,Sheep_5,31.00000798024462,-6.999991792423669
2025-08-27 10:02:00,Sheep_6,31.000000137804257,-7.000007375418192
2025-08-27 10:02:00,Sheep_7,30.999961856699368,-7.000013225086649
2025-08-27 10:02:00,Sheep_8,30.999990764071597,-7.00002522359296
2025-08-27 10:02:00,Sheep_9,30.999995653457287,-6.99998729664327
2025-08-27 10:02:00,Sheep_10,31.000050831456196,-6.999994511274519
2025-08-27 10:02:30,Sheep_1,31.001915731298457,-7.0022182706340335
2025-08-27 10:02:30,Sheep_2,30.999948290391252,-7.000000833596099
2025-08-27 10:02:30,Sheep_3,31.00000162316412,-6.999922555681445
2025-08-27 10:02:30,Sheep_4,30.99999481599987,-6.999990519353205
2025-08-27 10:02:30,Sheep_5,30.99999906454088,-7.000036743231116
2025-08-27 10:02:30,Sheep_6,31.00003079831516,-6.999976359229562
2025-08-27 10:02:30,Sheep_7,31.000021317785134,-7.000028591136609
2025-08-27 10:02:30,Sheep_8,31.000037804374173,-7.000044074189753
2025-08-27 10:02:30,Sheep_9,31.000015815408563,-6.999931132087095
2025-08-27 10:02:30,Sheep_10,30.999973305704497,-7.000017804397524
2025-08-27 10:03:00,Sheep_1,31.002231411797702,-7.002596714803771
2025-08-27 10:03:00,Sheep_2,30.999958210651336,-6.999997844380447
2025-08-27 10:03:00,Sheep_3,30.999971371621083,-6.999985110256569
2025-08-27 10:03:00,Sheep_4,30.999975222128075,-6.999951270070777
2025-08-27 10:03:00,Sheep_5,30.99997889184444,-7.0000101256123095
2025-08-27 10:03:00,Sheep_6,31.00002192374822,-7.000038698367382
2025-08-27 10:03:00,Sheep_7,31.000006129894032,-6.999958903438949
2025-08-27 10:03:00,Sheep_8,30.999956679395403,-6.999994195112497
2025-08-27 10:03:00,Sheep_9,31.000007003668546,-6.999975419493184
2025-08-27 10:03:00,Sheep_10,30.999966665000606,-7.000041515148699
2025-08-27 10:03:30,Sheep_1,31.002557516106254,-7.002949388866211
2025-08-27 10:03:30,Sheep_2,31.000006750615803,-6.999989107670187
2025-08-27 10:03:30,Sheep_3,30.9999816737858,-6.99999269794503
2025-08-27 10:03:30,Sheep_4,31.000007898108336,-7.000022459204679
2025-08-27 10:03:30,Sheep_5,31.0000502813828,-6.999985102695556
2025-08-27 10:03:30,Sheep_6,30.99996789516267,-6.999979357958132
2025-08-27 10:03:30,Sheep_7,30.99997373297691,-6.99997525406436
2025-08-27 10:03:30,Sheep_8,31.000031223380677,-7.000025802247604
2025-08-27 10:03:30,Sheep_9,31.000025962346278,-6.999987022169913
2025-08-27 10:03:30,Sheep_10,31.000022153974847,-6.9999403648389915
2025-08-27 10:04:00,Sheep_1,31.002862247438127,-7.003340863679124
2025-08-27 10:04:00,Sheep_2,30.999976028177425,-7.000025649070901
2025-08-27 10:04:00,Sheep_3,30.999997922160183,-6.999989274183776
2025-08-27 10:04:00,Sheep_4,31.00000745663311,-6.999973993363171
2025-08-27 10:04:00,Sheep_5,31.000000350392344,-6.999954300896557
2025-08-27 10:04:00,Sheep_6,30.999992867674276,-6.999914477896268
2025-08-27 10:04:00,Sheep_7,31.00001686131911,-7.000026949028889
2025-08-27 10:04:00,Sheep_8,30.999971140159055,-6.999984831069901
2025-08-27 10:04:00,Sheep_9,30.99999397782648,-6.999977551828367
2025-08-27 10:04:00,Sheep_10,31.000012753439396,-7.000002289740616
2025-08-27 10:04:30,Sheep_1,31.003169959799095,-7.003726268272161
2025-08-27 10:04:30,Sheep_2,30.999987966718862,-6.9999730748265865
2025-08-27 10:04:30,Sheep_3,31.000005769684087,-7.000039166020395
2025-08-27 10:04:30,Sheep_4,31.00000466711083,-6.999987885623687
2025-08-27 10:04:30,Sheep_5,30.999976180629638,-6.999995166883509
2025-08-27 10:04:30,Sheep_6,31.00000156868627,-7.000035934979918
2025-08-27 10:04:30,Sheep_7,31.000009642131523,-6.999982368937555
2025-08-27 10:04:30,Sheep_8,31.000029187511046,-6.999966868469243
2025-08-27 10:04:30,Sheep_9,30.99996287272634,-7.00002948521413
2025-08-27 10:04:30,Sheep_10,31.00001387985808,-6.999983846572511
2025-08-27 10:05:00,Sheep_1,31.003512944294567,-7.0039832155498285
2025-08-27 10:05:00,Sheep_2,31.000015385119763,-6.999964297822478
2025-08-27 10:05:00,Sheep_3,31.000025709713352,-6.9999795202626185
2025-08-27 10:05:00,Sheep_4,30.99999150370343,-6.9999761380118555
2025-08-27 10:05:00,Sheep_5,30.999979172874205,-7.000007445575702
2025-08-27 10:05:00,Sheep_6,30.999986919775033,-6.999997425877505
2025-08-27 10:05:00,Sheep_7,31.000062378509703,-7.000058706807451
2025-08-27 10:05:00,Sheep_8,31.00001849425594,-7.000050703778177
2025-08-27 10:05:00,Sheep_9,30.999987281749934,-6.9999657633991825
2025-08-27 10:05:00,Sheep_10,31.000001732303783,-7.000033884289929
2025-08-27 10:05:30,Sheep_1,31.00380935687484,-7.004419176129479
2025-08-27 10:05:30,Sheep_2,30.999980317104786,-6.999993194543126
2025-08-27 10:05:30,Sheep_3,31.00000122813079,-7.000020486311368
2025-08-27 10:05:30,Sheep_4,31.00005777786802,-6.9999800695894026
2025-08-27 10:05:30,Sheep_5,30.999945423753502,-6.999994137877363
2025-08-27 10:05:30,Sheep_6,30.999982165294696,-6.999973199500612
2025-08-27 10:05:30,Sheep_7,30.999978642092927,-7.000003607313093
2025-08-27 10:05:30,Sheep_8,31.000013609071477,-6.999972780661427
2025-08-27 10:05:30,Sheep_9,30.999967652809726,-7.000010516717027
2025-08-27 10:05:30,Sheep_10,30.999987200539586,-7.000020540667502
2025-08-27 10:06:00,Sheep_1,31.00417244407504,-7.00479438378862
2025-08-27 10:06:00,Sheep_2,30.999966020015602,-6.999971142425401
2025-08-27 10:06:00,Sheep_3,31.000057190698804,-6.999967539297851
2025-08-27 10:06:00,Sheep_4,30.999959053989418,-7.000015224316605
2025-08-27 10:06:00,Sheep_5,31.00003414241329,-7.0000222491241315
2025-08-27 10:06:00,Sheep_6,31.00001196063856,-6.999975645509593
2025-08-27 10:06:00,Sheep_7,30.99997501983997,-7.0000018714768695
2025-08-27 10:06:00,Sheep_8,30.999912649999818,-7.000032206741845
2025-08-27 10:06:00,Sheep_9,30.999993193456216,-7.000039230296422
2025-08-27 10:06:00,Sheep_10,31.000043992399494,-7.000044963637108
2025-08-27 10:06:30,Sheep_1,31.00445133694041,-7.005169583589767
2025-08-27 10:06:30,Sheep_2,31.000038841357053,-7.000045143498186
2025-08-27 10:06:30,Sheep_3,31.00003134648991,-6.9999996782726175
2025-08-27 10:06:30,Sheep_4,30.999973548994312,-6.999985471469294
2025-08-27 10:06:30,Sheep_5,31.00000536452647,-7.000018870815338
2025-08-27 10:06:30,Sheep_6,31.00000188111979,-7.0000121142573795
2025-08-27 10:06:30,Sheep_7,31.000003059216994,-6.999979182615212
2025-08-27 10:06:30,Sheep_8,31.00004274209889,-7.000038916912518
2025-08-27 10:06:30,Sheep_9,31.00005748383151,-7.000061373629749
2025-08-27 10:06:30,Sheep_10,30.999995909492586,-6.999981503310243
2025-08-27 10:07:00,Sheep_1,31.004782808589134,-7.005554827399443
2025-08-27 10:07:00,Sheep_2,30.999994391243703,-7.0000154999466915
2025-08-27 10:07:00,Sheep_3,30.999984117011582,-6.999973288514712
2025-08-27 10:07:00,Sheep_4,31.00000962133002,-7.000021785073888
2025-08-27 10:07:00,Sheep_5,31.000024243618633,-6.999990338504743
2025-08-27 10:07:00,Sheep_6,31.000021906093753,-6.999980204472651
2025-08-27 10:07:00,Sheep_7,30.99997765913553,-7.000017612088842
2025-08-27 10:07:00,Sheep_8,31.000020139065896,-6.9999808099621905
2025-08-27 10:07:00,Sheep_9,30.999999436715935,-6.99999631122771
2025-08-27 10:07:00,Sheep_10,31.000034432219614,-7.0000185990012325
2025-08-27 10:07:30,Sheep_1,31.005106106848693,-7.005915465285019
2025-08-27 10:07:30,Sheep_2,30.999994133636278,-6.999965454461778
2025-08-27 10:07:30,Sheep_3,31.00002224442191,-6.99997442326149
2025-08-27 10:07:30,Sheep_4,31.000035181786036,-6.999999339639333
2025-08-27 10:07:30,Sheep_5,31.00001837817925,-7.000009754785132
2025-08-27 10:07:30,Sheep_6,31.00000873606771,-7.000004091696918
2025-08-27 10:07:30,Sheep_7,31.00000261397678,-6.999981288266373
2025-08-27 10:07:30,Sheep_8,30.9999779494965,-6.999934215355487
2025-08-27 10:07:30,Sheep_9,30.99997288850032,-7.00003817408335
2025-08-27 10:07:30,Sheep_10,31.000031210318188,-6.9999751101292285
2025-08-27 10:08:00,Sheep_1,31.005426007999418,-7.006267508916161
2025-08-27 10:08:00,Sheep_2,30.999999669957614,-7.000028209672536
2025-08-27 10:08:00,Sheep_3,31.000002042882453,-7.000021289960509
2025-08-27 10:08:00,Sheep_4,31.000026278828603,-7.000004623483271
2025-08-27 10:08:00,Sheep_5,30.999977753399296,-7.000010104369105
2025-08-27 10:08:00,Sheep_6,31.000011128228195,-7.0000177234968595
2025-08-27 10:08:00,Sheep_7,30.99997784170691,-6.999992338475402
2025-08-27 10:08:00,Sheep_8,31.00000660168625,-7.000015938290663
2025-08-27 10:08:00,Sheep_9,30.999987305830786,-6.9999927043512375
2025-08-27 10:08:00,Sheep_10,30.99996097508961,-7.000044250653374
2025-08-27 10:08:30,Sheep_1,31.005720404542274,-7.006654604595254
2025-08-27 10:08:30,Sheep_2,31.000008378752216,-6.999953614808602
2025-08-27 10:08:30,Sheep_3,31.000023113356715,-7.000005028466508
2025-08-27 10:08:30,Sheep_4,30.999999487525837,-7.000031519517745
2025-08-27 10:08:30,Sheep_5,30.99999950108329,-7.00000907542603
2025-08-27 10:08:30,Sheep_6,31.000008697050674,-7.000026008136344
2025-08-27 10:08:30,Sheep_7,31.00001399604332,-6.999951810696952
2025-08-27 10:08:30,Sheep_8,30.999997068986296,-6.999987370185653
2025-08-27 10:08:30,Sheep_9,31.000018598921802,-7.000012614369443
2025-08-27 10:08:30,Sheep_10,31.00000603914342,-6.999999604094988
2025-08-27 10:09:00,Sheep_1,31.006053584490772,-7.0070357847339695
2025-08-27 10:09:00,Sheep_2,31.000000660532905,-6.999984342936445
2025-08-27 10:09:00,Sheep_3,31.000039107355583,-6.99996984053047
2025-08-27 10:09:00,Sheep_4,31.0000580268359,-7.000024125403184
2025-08-27 10:09:00,Sheep_5,31.000023508461283,-6.999994235728342
2025-08-27 10:09:00,Sheep_6,31.000059013733377,-7.000025412893674
2025-08-27 10:09:00,Sheep_7,30.99997737005456,-7.000018844901497
2025-08-27 10:09:00,Sheep_8,30.99994276242209,-7.000016529735008
2025-08-27 10:09:00,Sheep_9,30.999979541879405,-6.999995271620175
2025-08-27 10:09:00,Sheep_10,31.000009210096366,-6.999941013199068
2025-08-27 10:09:30,Sheep_1,31.006387422495678,-7.007401126058222
2025-08-27 10:09:30,Sheep_2,30.99997578832183,-6.999984534063936
2025-08-27 10:09:30,Sheep_3,30.999964420592697,-6.99994241894641
2025-08-27 10:09:30,Sheep_4,31.00003178512722,-7.000014750879938
2025-08-27 10:09:30,Sheep_5,30.999953832163246,-6.999957434259955
2025-08-27 10:09:30,Sheep_6,30.99999691322731,-6.999961083061916
2025-08-27 10:09:30,Sheep_7,30.99995703123449,-7.000018844347446
2025-08-27 10:09:30,Sheep_8,31.00000014131422,-6.9999985229303885
2025-08-27 10:09:30,Sheep_9,30.999987871034726,-6.999980417601531
2025-08-27 10:09:30,Sheep_10,30.999971228339128,-7.000004476410231
2025-08-27 10:10:00,Sheep_1,31.00669102557522,-7.007747703231599
2025-08-27 10:10:00,Sheep_2,31.00001917754792,-7.000035358741221
2025-08-27 10:10:00,Sheep_3,30.999958656642903,-6.999959829847702
2025-08-27 10:10:00,Sheep_4,31.000008955641718,-7.0000235324126185
2025-08-27 10:10:00,Sheep_5,31.000041802514612,-6.99999636319013
2025-08-27 10:10:00,Sheep_6,31.000031781275172,-6.999997877219314
2025-08-27 10:10:00,Sheep_7,31.000055535786693,-6.999944812093506
2025-08-27 10:10:00,Sheep_8,30.9999932905817,-6.999969453814612
2025-08-27 10:10:00,Sheep_9,31.00001739245283,-6.9999569702313105
2025-08-27 10:10:00,Sheep_10,30.99997399595417,-6.999978430545847
2025-08-27 10:10:30,Sheep_1,31.00702639755633,-7.0081648007489
2025-08-27 10:10:30,Sheep_2,30.999968111969654,-7.000064113448524
2025-08-27 10:10:30,Sheep_3,30.9999927396649,-6.999977440475399
2025-08-27 10:10:30,Sheep_4,31.00004048752386,-6.999997670460509
2025-08-27 10:10:30,Sheep_5,31.00004389010633,-7.000043390382304
2025-08-27 10:10:30,Sheep_6,30.999954094975582,-7.00000174641935
2025-08-27 10:10:30,Sheep_7,31.000010350308543,-7.000001027922702
2025-08-27 10:10:30,Sheep_8,30.999944283809736,-7.000002801933555
2025-08-27 10:10:30,Sheep_9,30.99996484541411,-6.999978945498724
2025-08-27 10:10:30,Sheep_10,31.000009879579036,-7.000029549815346
2025-08-27 10:11:00,Sheep_1,31.007316666765984,-7.008519590395217
2025-08-27 10:11:00,Sheep_2,30.999998310839995,-6.999969970330663
2025-08-27 10:11:00,Sheep_3,30.999973435338312,-6.999984152780307
2025-08-27 10:11:00,Sheep_4,30.999985709909673,-7.000024927917513
2025-08-27 10:11:00,Sheep_5,30.999997115602948,-7.0000325480129595
2025-08-27 10:11:00,Sheep_6,30.99998507951926,-7.000037661274397
2025-08-27 10:11:00,Sheep_7,31.00005294803628,-6.999998891314119
2025-08-27 10:11:00,Sheep_8,30.9999811428627,-6.999993272472776
2025-08-27 10:11:00,Sheep_9,30.99999697283373,-7.000006947283001
2025-08-27 10:11:00,Sheep_10,31.0000165513843,-6.999976183961736
2025-08-27 10:11:30,Sheep_1,31.007634885260114,-7.008878910139868
2025-08-27 10:11:30,Sheep_2,30.9999925875396,-7.000072372388839
2025-08-27 10:11:30,Sheep_3,30.999959166608097,-6.9999570254805015
2025-08-27 10:11:30,Sheep_4,31.000044330786388,-7.0000078296917225
2025-08-27 10:11:30,Sheep_5,31.000015537826886,-6.999990214296842
2025-08-27 10:11:30,Sheep_6,31.000082973791102,-6.999964800570903
2025-08-27 10:11:30,Sheep_7,30.999996552705944,-7.00003004218623
2025-08-27 10:11:30,Sheep_8,30.999956707339553,-6.9999936031044
2025-08-27 10:11:30,Sheep_9,30.999979616850197,-7.000044715648857
2025-08-27 10:11:30,Sheep_10,30.99998257529058,-7.000034003863323
2025-08-27 10:12:00,Sheep_1,31.00799324527442,-7.0092178135335335
2025-08-27 10:12:00,Sheep_2,30.999999785142617,-6.999953470564361
2025-08-27 10:12:00,Sheep_3,31.00000208502446,-7.000027078770583
2025-08-27 10:12:00,Sheep_4,31.000041047181384,-6.999983056671172
2025-08-27 10:12:00,Sheep_5,30.99997204690565,-7.000005984246998
2025-08-27 10:12:00,Sheep_6,30.99997640267014,-7.000043475215985
2025-08-27 10:12:00,Sheep_7,31.00002495986923,-6.999939967951258
2025-08-27 10:12:00,Sheep_8,30.999962309533583,-6.9999823002502755
2025-08-27 10:12:00,Sheep_9,30.999982465615275,-7.000015315219404
2025-08-27 10:12:00,Sheep_10,30.999984035377537,-7.000027163865077
2025-08-27 10:12:30,Sheep_1,31.00828232280957,-7.009623161119024
2025-08-27 10:12:30,Sheep_2,31.000007288631668,-7.000001579485887
2025-08-27 10:12:30,Sheep_3,30.999993560508976,-7.000028533796574
2025-08-27 10:12:30,Sheep_4,30.99998445639605,-6.999976250503988
2025-08-27 10:12:30,Sheep_5,31.000013499385222,-7.000030734331554
2025-08-27 10:12:30,Sheep_6,31.0000026769396,-6.999976376392947
2025-08-27 10:12:30,Sheep_7,30.99995501063741,-6.999982916758521
2025-08-27 10:12:30,Sheep_8,30.999982142730175,-6.999982060380978
2025-08-27 10:12:30,Sheep_9,30.999979430673108,-7.0000567454833815
2025-08-27 10:12:30,Sheep_10,30.999956138813207,-6.99999848820954
2025-08-27 10:13:00,Sheep_1,31.0086046346401,-7.009994150588764
2025-08-27 10:13:00,Sheep_2,31.00001720964226,-7.000052238181678
2025-08-27 10:13:00,Sheep_3,30.999998219193355,-7.000038074342703
2025-08-27 10:13:00,Sheep_4,30.999982433450203,-6.999998509786033
2025-08-27 10:13:00,Sheep_5,30.999976812431765,-7.000012090424209
2025-08-27 10:13:00,Sheep_6,31.000027118922276,-7.000018137477225
2025-08-27 10:13:00,Sheep_7,31.000022521346892,-7.000035517977337
2025-08-27 10:13:00,Sheep_8,31.000014277870406,-6.999954677090445
2025-08-27 10:13:00,Sheep_9,30.99993339082375,-7.000025054382477
2025-08-27 10:13:00,Sheep_10,31.00001555171022,-7.000006383745828
2025-08-27 10:13:30,Sheep_1,31.008925153845727,-7.010357307350895
2025-08-27 10:13:30,Sheep_2,31.00000233353721,-7.00000489449143
2025-08-27 10:13:30,Sheep_3,31.00003147095028,-6.999992001010077
2025-08-27 10:13:30,Sheep_4,31.00000909816732,-7.000012949409564
2025-08-27 10:13:30,Sheep_5,30.9999868593364,-7.000013599627061
2025-08-27 10:13:30,Sheep_6,31.000010630223024,-7.000013235749776
2025-08-27 10:13:30,Sheep_7,31.000007809239765,-6.999934749410232
2025-08-27 10:13:30,Sheep_8,31.00002347623168,-7.00001025017807
2025-08-27 10:13:30,Sheep_9,31.000032371916696,-7.000012829887497
2025-08-27 10:13:30,Sheep_10,30.99994507389862,-7.000031694228106
2025-08-27 10:14:00,Sheep_1,31.00920339203867,-7.010721467252912
2025-08-27 10:14:00,Sheep_2,31.000000496363075,-6.999947292820064
2025-08-27 10:14:00,Sheep_3,31.000008810475396,-7.000006888519429
2025-08-27 10:14:00,Sheep_4,31.000022351929065,-7.000069518082031
2025-08-27 10:14:00,Sheep_5,31.000006349655717,-6.999975764002517
2025-08-27 10:14:00,Sheep_6,30.999960153083567,-6.999964040379132
2025-08-27 10:14:00,Sheep_7,31.000009122253168,-7.000013056649744
2025-08-27 10:14:00,Sheep_8,31.000017053050648,-6.9999286094289594
2025-08-27 10:14:00,Sheep_9,31.000004901174677,-6.999992195946123
2025-08-27 10:14:00,Sheep_10,30.99998762052912,-7.0000267191023315
2025-08-27 10:14:30,Sheep_1,31.009570438451735,-7.011101494753424
2025-08-27 10:14:30,Sheep_2,31.00000192866252,-7.000015017547516
2025-08-27 10:14:30,Sheep_3,31.0000129081879,-6.999989509665233
2025-08-27 10:14:30,Sheep_4,31.000027961011792,-7.000016034912793
2025-08-27 10:14:30,Sheep_5,30.999992727049893,-7.000030772325875
2025-08-27 10:14:30,Sheep_6,30.999988026591986,-6.999988137674561
2025-08-27 10:14:30,Sheep_7,31.00002040034001,-7.000028992872752
2025-08-27 10:14:30,Sheep_8,31.000023435301475,-6.999957378753128
2025-08-27 10:14:30,Sheep_9,31.00001114179581,-6.9999409935499095
2025-08-27 10:14:30,Sheep_10,30.99997914689546,-7.00003913193707
2025-08-27 10:15:00,Sheep_1,31.009842080915767,-7.011421645864219
2025-08-27 10:15:00,Sheep_2,31.00001763471945,-7.0000017475817495
2025-08-27 10:15:00,Sheep_3,31.00000754496837,-7.000035385369497
2025-08-27 10:15:00,Sheep_4,31.000065911390035,-6.999995937286745
2025-08-27 10:15:00,Sheep_5,31.000002948116993,-6.999977181901311
2025-08-27 10:15:00,Sheep_6,31.000012962879044,-6.9999929610875
2025-08-27 10:15:00,Sheep_7,30.999978697238895,-6.999985177037428
2025-08-27 10:15:00,Sheep_8,31.000050719309105,-6.999957700001102
2025-08-27 10:15:00,Sheep_9,31.00004293532052,-7.000016072618073
2025-08-27 10:15:00,Sheep_10,30.999973330807933,-7.00000395474008
2025-08-27 10:15:30,Sheep_1,31.01019355631596,-7.011799520405281
2025-08-27 10:15:30,Sheep_2,30.999954389203296,-6.999951910946315
2025-08-27 10:15:30,Sheep_3,30.99999574179217,-7.000013421138506
2025-08-27 10:15:30,Sheep_4,30.999972724459884,-7.00005202868472
2025-08-27 10:15:30,Sheep_5,31.000022183900036,-6.999997694883512
2025-08-27 10:15:30,Sheep_6,30.999965236411253,-7.000040717269516
2025-08-27 10:15:30,Sheep_7,30.999990950825566,-6.999947525972366
2025-08-27 10:15:30,Sheep_8,30.999993004185644,-7.000047258806232
2025-08-27 10:15:30,Sheep_9,30.99999337738778,-7.000008574427542
2025-08-27 10:15:30,Sheep_10,30.99992732069773,-7.000001707030306
2025-08-27 10:16:00,Sheep_1,31.01050692347678,-7.012177313880637
2025-08-27 10:16:00,Sheep_2,31.000049828137666,-6.9999645808016275
2025-08-27 10:16:00,Sheep_3,30.999992753628533,-7.000034789168524
2025-08-27 10:16:00,Sheep_4,31.000069350336055,-6.999998138172758
2025-08-27 10:16:00,Sheep_5,31.000000375385156,-7.0000007584926065
2025-08-27 10:16:00,Sheep_6,31.000005338252627,-7.000004538690562
2025-08-27 10:16:00,Sheep_7,30.99998454019026,-7.000017193242124
2025-08-27 10:16:00,Sheep_8,30.999999117321142,-7.000017085271835
2025-08-27 10:16:00,Sheep_9,30.99998078928002,-6.999996653834223
2025-08-27 10:16:00,Sheep_10,30.999993128533486,-6.999952714468658
2025-08-27 10:16:30,Sheep_1,31.010781961930522,-7.012538480091853
2025-08-27 10:16:30,Sheep_2,31.000033581167603,-7.000065187377576
2025-08-27 10:16:30,Sheep_3,30.99999076479714,-7.000011678098797
2025-08-27 10:16:30,Sheep_4,30.99996206849547,-7.000024454552407
2025-08-27 10:16:30,Sheep_5,30.999970070719222,-6.999944908626834
2025-08-27 10:16:30,Sheep_6,31.000025215910703,-6.999960022314762
2025-08-27 10:16:30,Sheep_7,31.000019448582393,-7.000035497381517
2025-08-27 10:16:30,Sheep_8,30.9999858645275,-6.999984614066469
2025-08-27 10:16:30,Sheep_9,30.99996706446796,-6.999977583333252
2025-08-27 10:16:30,Sheep_10,30.999993523390277,-7.000011784364141
2025-08-27 10:17:00,Sheep_1,31.011160880460707,-7.012921498022087
2025-08-27 10:17:00,Sheep_2,30.999990272201785,-6.999963550677318
2025-08-27 10:17:00,Sheep_3,30.999970866061958,-6.9999806349878835
2025-08-27 10:17:00,Sheep_4,31.000015983684637,-7.00000973213836
2025-08-27 10:17:00,Sheep_5,31.000008789068154,-7.000039335004004
2025-08-27 10:17:00,Sheep_6,31.00002490191392,-7.00000581332216
2025-08-27 10:17:00,Sheep_7,30.999985912962078,-6.999967019155672
2025-08-27 10:17:00,Sheep_8,30.99998101840575,-7.000044282015461
2025-08-27 10:17:00,Sheep_9,30.999958049878543,-6.9999809470504415
2025-08-27 10:17:00,Sheep_10,30.999965493280115,-6.999944829280508
2025-08-27 10:17:30,Sheep_1,31.011429220134396,-7.013264703768164
2025-08-27 10:17:30,Sheep_2,31.00000568678047,-7.000003040659709
2025-08-27 10:17:30,Sheep_3,30.999985314792845,-6.999987451162746
2025-08-27 10:17:30,Sheep_4,30.99999898576979,-6.999965312194859
2025-08-27 10:17:30,Sheep_5,31.0000030783592,-6.999995274513441
2025-08-27 10:17:30,Sheep_6,30.999990200892594,-7.000001790370098
2025-08-27 10:17:30,Sheep_7,31.00000829505306,-7.0000537676849195
2025-08-27 10:17:30,Sheep_8,30.99996366729908,-6.999976631780946
2025-08-27 10:17:30,Sheep_9,31.000004604709975,-7.000005784435089
2025-08-27 10:17:30,Sheep_10,31.000000496782242,-6.999989072033083
2025-08-27 10:18:00,Sheep_1,31.011775444448826,-7.0136860264596566
2025-08-27 10:18:00,Sheep_2,31.000005277899437,-7.0000307600347815
2025-08-27 10:18:00,Sheep_3,31.00001100214038,-7.000053529219213
2025-08-27 10:18:00,Sheep_4,31.000027735060293,-6.999985141537736
2025-08-27 10:18:00,Sheep_5,31.000006899831146,-6.999969104200835
2025-08-27 10:18:00,Sheep_6,31.000044883429155,-6.999968108210699
2025-08-27 10:18:00,Sheep_7,30.999950389663187,-7.000040229892841
2025-08-27 10:18:00,Sheep_8,30.99998316155468,-6.999999179697524
2025-08-27 10:18:00,Sheep_9,31.000013950566487,-7.000022817381519
2025-08-27 10:18:00,Sheep_10,31.00000503324015,-7.0000237492352655
2025-08-27 10:18:30,Sheep_1,31.012092672574784,-7.014068648514898
2025-08-27 10:18:30,Sheep_2,30.999975119477735,-7.000042496956614
2025-08-27 10:18:30,Sheep_3,30.999973700864544,-6.999966873507673
2025-08-27 10:18:30,Sheep_4,30.99997441433106,-6.999917237922268
2025-08-27 10:18:30,Sheep_5,31.000013294589497,-6.9999941887532815
2025-08-27 10:18:30,Sheep_6,30.99997686782842,-6.9999779822612185
2025-08-27 10:18:30,Sheep_7,30.999984486943237,-6.999996164012094
2025-08-27 10:18:30,Sheep_8,31.00006899257649,-7.000003020122723
2025-08-27 10:18:30,Sheep_9,31.000030972152164,-7.000022107862963
2025-08-27 10:18:30,Sheep_10,30.99999905708344,-6.999944326037693
2025-08-27 10:19:00,Sheep_1,31.012410912358447,-7.014370627696246
2025-08-27 10:19:00,Sheep_2,31.000019073444182,-7.00001768395236
2025-08-27 10:19:00,Sheep_3,31.000017042968175,-6.999969422893419
2025-08-27 10:19:00,Sheep_4,31.000016757365135,-7.0000493678566125
2025-08-27 10:19:00,Sheep_5,30.999980404136476,-7.000007781984549
2025-08-27 10:19:00,Sheep_6,30.999997994068565,-6.999980486072645
2025-08-27 10:19:00,Sheep_7,31.00000478892385,-7.00004198321934
2025-08-27 10:19:00,Sheep_8,31.00001024607935,-6.999980803187505
2025-08-27 10:19:00,Sheep_9,31.00001508598045,-6.999966020259895
2025-08-27 10:19:00,Sheep_10,31.000022473647714,-6.999985563380818
2025-08-27 10:19:30,Sheep_1,31.01273943332431,-7.014812882054518
2025-08-27 10:19:30,Sheep_2,31.000011577925417,-6.99999347030025
2025-08-27 10:19:30,Sheep_3,31.00000731886913,-7.000040140968246
2025-08-27 10:19:30,Sheep_4,30.99997086624487,-6.999966888880047
2025-08-27 10:19:30,Sheep_5,30.999998934014897,-6.9999785736217985
2025-08-27 10:19:30,Sheep_6,31.000000763161413,-6.999999064467137
2025-08-27 10:19:30,Sheep_7,31.000025286124846,-7.000016224443435
2025-08-27 10:19:30,Sheep_8,31.00000259039104,-7.000014533932551
2025-08-27 10:19:30,Sheep_9,30.9999882906155,-7.000009720369873
2025-08-27 10:19:30,Sheep_10,31.000005986357483,-7.0000150518540485
2025-08-27 10:20:00,Sheep_1,31.012763255132377,-7.014796819285198
2025-08-27 10:20:00,Sheep_2,30.999994963933414,-7.000013825142069
2025-08-27 10:20:00,Sheep_3,31.000038995092105,-6.999993820318901
2025-08-27 10:20:00,Sheep_4,31.000027807524418,-7.00004670601001
2025-08-27 10:20:00,Sheep_5,31.000007196827145,-6.999972030012647
2025-08-27 10:20:00,Sheep_6,31.000002217498814,-6.999966501302831
2025-08-27 10:20:00,Sheep_7,30.999986059420138,-6.999955690124183
2025-08-27 10:20:00,Sheep_8,31.00006195377624,-7.000011407642357
2025-08-27 10:20:00,Sheep_9,30.999987994003195,-6.999954305599982
2025-08-27 10:20:00,Sheep_10,31.000042568419307,-7.000016438716396
2025-08-27 10:20:30,Sheep_1,31.012733144766898,-7.014783974523778
2025-08-27 10:20:30,Sheep_2,30.99996376795245,-7.0000288824121775
2025-08-27 10:20:30,Sheep_3,30.99997293907384,-7.000024139551251
2025-08-27 10:20:30,Sheep_4,30.999999065265342,-6.999992636290089
2025-08-27 10:20:30,Sheep_5,31.000041784957585,-7.000031388245585
2025-08-27 10:20:30,Sheep_6,31.00002652683431,-7.000006727808093
2025-08-27 10:20:30,Sheep_7,30.999998666985906,-6.999978783678854
2025-08-27 10:20:30,Sheep_8,30.999969743387847,-6.99998797703967
2025-08-27 10:20:30,Sheep_9,31.000004485776362,-6.99998451733495
2025-08-27 10:20:30,Sheep_10,31.00000779290273,-6.999922805377019
2025-08-27 10:21:00,Sheep_1,31.012729236158073,-7.014789198013645
2025-08-27 10:21:00,Sheep_2,30.999983206777046,-7.000017464197591
2025-08-27 10:21:00,Sheep_3,30.99998282284062,-6.9999626173267595
2025-08-27 10:21:00,Sheep_4,31.000038281645203,-7.000017944260357
2025-08-27 10:21:00,Sheep_5,30.999977568570614,-6.999985178697483
2025-08-27 10:21:00,Sheep_6,30.999985117956047,-6.999980100627108
2025-08-27 10:21:00,Sheep_7,31.00000546864052,-7.000047654986692
2025-08-27 10:21:00,Sheep_8,31.000041704236473,-6.999943537615772
2025-08-27 10:21:00,Sheep_9,30.999983485752143,-7.000012189334925
2025-08-27 10:21:00,Sheep_10,31.00000770388225,-6.99998948468035
2025-08-27 10:21:30,Sheep_1,31.012752525490754,-7.014735934439594
2025-08-27 10:21:30,Sheep_2,30.999995231389846,-7.0000250984610055
2025-08-27 10:21:30,Sheep_3,30.99996282826371,-7.000022980436461
2025-08-27 10:21:30,Sheep_4,30.9999991072501,-6.999943579110578
2025-08-27 10:21:30,Sheep_5,30.999986050719574,-6.999992964108023
2025-08-27 10:21:30,Sheep_6,30.99999955741387,-6.999962636921977
2025-08-27 10:21:30,Sheep_7,31.000068099149097,-7.00001669051132
2025-08-27 10:21:30,Sheep_8,30.99998680993238,-6.999967171587731
2025-08-27 10:21:30,Sheep_9,31.00001837652236,-6.999941939531771
2025-08-27 10:21:30,Sheep_10,31.000015736476428,-7.000011296141371
2025-08-27 10:22:00,Sheep_1,31.012432788425436,-7.0143853781884085
2025-08-27 10:22:00,Sheep_2,31.00002211144937,-6.9999840513072344
2025-08-27 10:22:00,Sheep_3,31.00002874617381,-6.999963237353026
2025-08-27 10:22:00,Sheep_4,31.00003724826602,-6.999979604564679
2025-08-27 10:22:00,Sheep_5,30.999995496278828,-6.9999953873225005
2025-08-27 10:22:00,Sheep_6,31.00003251461462,-7.000025684453031
2025-08-27 10:22:00,Sheep_7,31.0000099355006,-7.00001236657011
2025-08-27 10:22:00,Sheep_8,31.00000077465387,-6.999959805480426
2025-08-27 10:22:00,Sheep_9,31.00000514999285,-6.99999854003518
2025-08-27 10:22:00,Sheep_10,30.999963352780966,-6.999976537791962
2025-08-27 10:22:30,Sheep_1,31.012115256153372,-7.013993823092314
2025-08-27 10:22:30,Sheep_2,30.999991705581163,-6.999993109914896
2025-08-27 10:22:30,Sheep_3,31.0000067207245,-6.999950404877505
2025-08-27 10:22:30,Sheep_4,30.99999743184875,-6.999991227564754
2025-08-27 10:22:30,Sheep_5,31.000016382406837,-6.999994133010188
2025-08-27 10:22:30,Sheep_6,30.999987968910855,-6.999993897811684
2025-08-27 10:22:30,Sheep_7,31.000028933661962,-7.000032273635403
2025-08-27 10:22:30,Sheep_8,31.000003583444325,-7.000022011794596
2025-08-27 10:22:30,Sheep_9,31.00003220571224,-7.000047888987963
2025-08-27 10:22:30,Sheep_10,30.999984937427758,-6.99998814046071
2025-08-27 10:23:00,Sheep_1,31.01181326844648,-7.01367109132068
2025-08-27 10:23:00,Sheep_2,30.999985037741826,-6.999940856432017
2025-08-27 10:23:00,Sheep_3,30.99996097698795,-7.00006913044726
2025-08-27 10:23:00,Sheep_4,31.00001185809693,-7.00001578458207
2025-08-27 10:23:00,Sheep_5,30.999972478454442,-6.999977729277168
2025-08-27 10:23:00,Sheep_6,31.00000657026717,-7.0000177346290675
2025-08-27 10:23:00,Sheep_7,30.999965496647537,-6.999972569946367
2025-08-27 10:23:00,Sheep_8,31.000017522489525,-7.000003118088615
2025-08-27 10:23:00,Sheep_9,31.000049765639492,-7.000033643459205
2025-08-27 10:23:00,Sheep_10,30.999958888110736,-7.000021753585936
2025-08-27 10:23:30,Sheep_1,31.01146580553489,-7.013295161093492
2025-08-27 10:23:30,Sheep_2,30.999993498848603,-6.9999889313802575
2025-08-27 10:23:30,Sheep_3,30.999966271844478,-6.999954608048738
2025-08-27 10:23:30,Sheep_4,30.999997786080353,-6.999964872225161
2025-08-27 10:23:30,Sheep_5,31.000009236220258,-6.999985639681286
2025-08-27 10:23:30,Sheep_6,31.00001535484945,-6.99998592404532
2025-08-27 10:23:30,Sheep_7,31.000017320951127,-6.999958211451716
2025-08-27 10:23:30,Sheep_8,31.000005296114885,-6.999977708925736
2025-08-27 10:23:30,Sheep_9,30.999997581682692,-6.999954722722617
2025-08-27 10:23:30,Sheep_10,30.999981771677092,-6.999943378442631
2025-08-27 10:24:00,Sheep_1,31.011147385708302,-7.012960798820405
2025-08-27 10:24:00,Sheep_2,31.000003452328823,-7.000021412260389
2025-08-27 10:24:00,Sheep_3,31.00002265478483,-7.000020518494343
2025-08-27 10:24:00,Sheep_4,30.999987975653074,-7.000059407150255
2025-08-27 10:24:00,Sheep_5,30.99998781064537,-7.000076206752783
2025-08-27 10:24:00,Sheep_6,30.999957314871807,-6.999976092567366
2025-08-27 10:24:00,Sheep_7,31.000021176791915,-6.999986623616582
2025-08-27 10:24:00,Sheep_8,30.99997394063574,-7.000001500044776
2025-08-27 10:24:00,Sheep_9,30.999999902913967,-7.000036418979498
2025-08-27 10:24:00,Sheep_10,31.00004051558485,-6.999972415734379
2025-08-27 10:24:30,Sheep_1,31.010825619954858,-7.012560794544405
2025-08-27 10:24:30,Sheep_2,31.00000561577815,-7.000064192133105
2025-08-27 10:24:30,Sheep_3,30.99999333873385,-7.00002144158103
2025-08-27 10:24:30,Sheep_4,30.99997300700656,-7.000008837791672
2025-08-27 10:24:30,Sheep_5,31.000048446456887,-6.999979851903944
2025-08-27 10:24:30,Sheep_6,30.999984607105915,-6.999981998000483
2025-08-27 10:24:30,Sheep_7,31.000037711698795,-6.999970929522062
2025-08-27 10:24:30,Sheep_8,31.00000160699883,-7.0000203396887555
2025-08-27 10:24:30,Sheep_9,31.00001881665416,-6.999987628821633
2025-08-27 10:24:30,Sheep_10,31.0000241248622,-6.9999800302020265
2025-08-27 10:25:00,Sheep_1,31.01052992899682,-7.012203124891592
2025-08-27 10:25:00,Sheep_2,31.00003550289433,-6.999993787469508
2025-08-27 10:25:00,Sheep_3,31.000055926900988,-7.000021668061234
2025-08-27 10:25:00,Sheep_4,31.000046783070513,-6.99999377768605
2025-08-27 10:25:00,Sheep_5,30.999982444717833,-7.000015213367979
2025-08-27 10:25:00,Sheep_6,30.999991366852996,-6.999986664224963
2025-08-27 10:25:00,Sheep_7,31.00001409006885,-7.000018037124988
2025-08-27 10:25:00,Sheep_8,30.99999934365993,-6.999932647031633
2025-08-27 10:25:00,Sheep_9,31.00004655614005,-6.99998628198621
2025-08-27 10:25:00,Sheep_10,31.000001024168473,-6.999996226215744
2025-08-27 10:25:30,Sheep_1,31.01020357775075,-7.011843892383963
2025-08-27 10:25:30,Sheep_2,30.999993063873408,-7.000052460274164
2025-08-27 10:25:30,Sheep_3,31.00001075879777,-6.9999796521631925
2025-08-27 10:25:30,Sheep_4,30.99998697844604,-6.999950513864764
2025-08-27 10:25:30,Sheep_5,30.99996696643021,-7.000046039938231
2025-08-27 10:25:30,Sheep_6,31.000006048827306,-6.9999670792350885
2025-08-27 10:25:30,Sheep_7,31.000045380731894,-7.000014427318717
2025-08-27 10:25:30,Sheep_8,31.000029069731408,-7.0000012107060705
2025-08-27 10:25:30,Sheep_9,30.99999534780902,-6.999972217736395
2025-08-27 10:25:30,Sheep_10,31.00001757966794,-7.000049561760801
2025-08-27 10:26:00,Sheep_1,31.009900565655233,-7.011424076237782
2025-08-27 10:26:00,Sheep_2,30.999983141501037,-6.999987555939072
2025-08-27 10:26:00,Sheep_3,31.000013313785114,-6.999991804418227
2025-08-27 10:26:00,Sheep_4,30.99998516964192,-7.000021115835017
2025-08-27 10:26:00,Sheep_5,30.999999311334776,-6.999963129406043
2025-08-27 10:26:00,Sheep_6,31.00001464966281,-7.000011652112575
2025-08-27 10:26:00,Sheep_7,31.000020796767267,-7.000089558164426
2025-08-27 10:26:00,Sheep_8,31.00003095847198,-7.000054696591698
2025-08-27 10:26:00,Sheep_9,30.999990232457563,-7.0000352024153685
2025-08-27 10:26:00,Sheep_10,30.999965109194868,-6.999963503612149
2025-08-27 10:26:30,Sheep_1,31.00954711762856,-7.011076288519454
2025-08-27 10:26:30,Sheep_2,30.99999873552159,-6.999985001838999
2025-08-27 10:26:30,Sheep_3,31.000002070298898,-7.000040337268517
2025-08-27 10:26:30,Sheep_4,31.000026848728517,-7.000015523704276
2025-08-27 10:26:30,Sheep_5,30.999958051152568,-7.000013459938321
2025-08-27 10:26:30,Sheep_6,31.000040444478728,-6.999973269033075
2025-08-27 10:26:30,Sheep_7,30.999990604056745,-7.000010980660315
2025-08-27 10:26:30,Sheep_8,30.999991332149175,-6.999934707054746
2025-08-27 10:26:30,Sheep_9,31.000010292906545,-6.9999864794929625
2025-08-27 10:26:30,Sheep_10,31.000027765454206,-6.999992492470145
2025-08-27 10:27:00,Sheep_1,31.009232349095356,-7.010718215023688
2025-08-27 10:27:00,Sheep_2,30.999998070393655,-7.000001170266913
2025-08-27 10:27:00,Sheep_3,31.000019609132508,-6.999998366821634
2025-08-27 10:27:00,Sheep_4,31.00001974416306,-7.000002537728838
2025-08-27 10:27:00,Sheep_5,31.000002119166105,-7.0000628234186015
2025-08-27 10:27:00,Sheep_6,31.000024694421704,-6.999989106404211
2025-08-27 10:27:00,Sheep_7,31.000026895709034,-7.000091058253263
2025-08-27 10:27:00,Sheep_8,31.000056280310048,-7.000004388697146
2025-08-27 10:27:00,Sheep_9,31.000029864790246,-7.0000326946366656
2025-08-27 10:27:00,Sheep_10,31.0000165138494,-7.000033119379549
2025-08-27 10:27:30,Sheep_1,31.008907278983454,-7.010304529733379
2025-08-27 10:27:30,Sheep_2,30.999994861236054,-6.999993163911656
2025-08-27 10:27:30,Sheep_3,31.000023447746965,-6.999984415764151
2025-08-27 10:27:30,Sheep_4,31.0000040536895,-6.999988525628077
2025-08-27 10:27:30,Sheep_5,31.00006477045235,-7.000001811534664
2025-08-27 10:27:30,Sheep_6,31.00000541948563,-6.999966967431531
2025-08-27 10:27:30,Sheep_7,31.000029793188993,-6.99996267977368
2025-08-27 10:27:30,Sheep_8,31.000017213354887,-7.00003593606821
2025-08-27 10:27:30,Sheep_9,31.00004401989397,-7.0000360410928915
2025-08-27 10:27:30,Sheep_10,31.00000815582461,-7.000023714428602
2025-08-27 10:28:00,Sheep_1,31.008598816083715,-7.009968305256675
2025-08-27 10:28:00,Sheep_2,31.000008660363335,-6.999986734813793
2025-08-27 10:28:00,Sheep_3,31.000043488445986,-6.999985740884039
2025-08-27 10:28:00,Sheep_4,30.99999342014098,-6.999969689104698
2025-08-27 10:28:00,Sheep_5,31.000032055438975,-7.000038595982999
2025-08-27 10:28:00,Sheep_6,31.00001609953476,-6.999977955132813
2025-08-27 10:28:00,Sheep_7,30.999991980861388,-6.9999567477853075
2025-08-27 10:28:00,Sheep_8,30.999995956101678,-6.999996051876989
2025-08-27 10:28:00,Sheep_9,30.999995335829386,-6.999999510194829
2025-08-27 10:28:00,Sheep_10,30.999970456115157,-7.000045275191879
2025-08-27 10:28:30,Sheep_1,31.008310098293496,-7.009623496714387
2025-08-27 10:28:30,Sheep_2,30.99997328263521,-7.0000677025734035
2025-08-27 10:28:30,Sheep_3,30.99998278040565,-7.0000415979358745
2025-08-27 10:28:30,Sheep_4,31.000044251217037,-6.99996825135623
2025-08-27 10:28:30,Sheep_5,30.999981454805646,-6.99992918343059
2025-08-27 10:28:30,Sheep_6,31.000026457927245,-7.000010212696922
2025-08-27 10:28:30,Sheep_7,30.999932642677464,-6.999927972778037
2025-08-27 10:28:30,Sheep_8,30.99996255194574,-7.000051731327613
2025-08-27 10:28:30,Sheep_9,31.000027557593388,-6.999923294197678
2025-08-27 10:28:30,Sheep_10,31.00003730523226,-6.999982270700348
2025-08-27 10:29:00,Sheep_1,31.007973619200158,-7.009218405112624
2025-08-27 10:29:00,Sheep_2,31.000020452620998,-6.999991159343167
2025-08-27 10:29:00,Sheep_3,31.000002808150484,-7.000001967927599
2025-08-27 10:29:00,Sheep_4,30.99997968115553,-7.000008824422883
2025-08-27 10:29:00,Sheep_5,30.99995437593925,-7.000003091797329
2025-08-27 10:29:00,Sheep_6,30.99997335812683,-7.0000346968421026
2025-08-27 10:29:00,Sheep_7,31.00000484802779,-6.999956235455724
2025-08-27 10:29:00,Sheep_8,31.00002474802208,-7.000049376530395
2025-08-27 10:29:00,Sheep_9,30.999973330179575,-6.999970422158991
2025-08-27 10:29:00,Sheep_10,30.999973522617854,-7.000007062465008
2025-08-27 10:29:30,Sheep_1,31.007654298721246,-7.008887137487887
2025-08-27 10:29:30,Sheep_2,31.00000283979984,-7.00004194175427
2025-08-27 10:29:30,Sheep_3,30.999983793541755,-6.999989946057738
2025-08-27 10:29:30,Sheep_4,30.999957069877823,-6.999986151476645
2025-08-27 10:29:30,Sheep_5,30.999999470774373,-6.999982629718852
2025-08-27 10:29:30,Sheep_6,31.000006034337066,-6.9999571114323365
2025-08-27 10:29:30,Sheep_7,31.000003374717103,-7.000013500507866
2025-08-27 10:29:30,Sheep_8,31.00000329583641,-6.999982918712936
2025-08-27 10:29:30,Sheep_9,31.000001316746417,-6.99999872379745
2025-08-27 10:29:30,Sheep_10,30.99998108179066,-7.000020841601225
2025-08-27 10:30:00,Sheep_1,31.007300699494074,-7.008460718161493
2025-08-27 10:30:00,Sheep_2,30.999966478712665,-7.000021784935632
2025-08-27 10:30:00,Sheep_3,30.999980639401755,-6.99997186358248
2025-08-27 10:30:00,Sheep_4,30.99999205130224,-6.999960770996054
2025-08-27 10:30:00,Sheep_5,30.99998184987538,-6.999991228425064
2025-08-27 10:30:00,Sheep_6,30.99997748795221,-6.999932556523146
2025-08-27 10:30:00,Sheep_7,30.999967995012064,-6.999990259238563
2025-08-27 10:30:00,Sheep_8,31.00001707986564,-6.999986990158638
2025-08-27 10:30:00,Sheep_9,30.999995006620765,-7.00000408156209
2025-08-27 10:30:00,Sheep_10,31.000001180690045,-7.000004621742128
2025-08-27 10:30:30,Sheep_1,31.00702469893308,-7.008081605021612
2025-08-27 10:30:30,Sheep_2,30.99998497596699,-7.0000430665981925
2025-08-27 10:30:30,Sheep_3,30.99999762085748,-6.999918893952522
2025-08-27 10:30:30,Sheep_4,30.999978341504637,-6.999948466176594
2025-08-27 10:30:30,Sheep_5,31.000045212921687,-7.000017404811294
2025-08-27 10:30:30,Sheep_6,31.00001533371575,-6.999948803219068
2025-08-27 10:30:30,Sheep_7,30.999989782759407,-7.000006400565409
2025-08-27 10:30:30,Sheep_8,30.999984324086043,-7.000031903946067
2025-08-27 10:30:30,Sheep_9,30.999982502401767,-7.000038480675299
2025-08-27 10:30:30,Sheep_10,31.000000918526812,-7.000024207954176
2025-08-27 10:31:00,Sheep_1,31.006693064566953,-7.007791097434763
2025-08-27 10:31:00,Sheep_2,31.000008917002305,-6.999973793854002
2025-08-27 10:31:00,Sheep_3,30.99994627014977,-6.999988239663488
2025-08-27 10:31:00,Sheep_4,31.000033084863254,-7.000038031107017
2025-08-27 10:31:00,Sheep_5,31.00004507471398,-6.999986826044635
2025-08-27 10:31:00,Sheep_6,30.999981000399146,-7.000001753379497
2025-08-27 10:31:00,Sheep_7,31.000015046539144,-6.999997610390909
2025-08-27 10:31:00,Sheep_8,31.000014519115858,-7.000028945972735
2025-08-27 10:31:00,Sheep_9,31.000004564161625,-7.000044447176057
2025-08-27 10:31:00,Sheep_10,30.999997002531583,-7.000028418851308
2025-08-27 10:31:30,Sheep_1,31.006357132273244,-7.007363125651253
2025-08-27 10:31:30,Sheep_2,31.000029410082302,-6.999980848700807
2025-08-27 10:31:30,Sheep_3,30.999970562897108,-7.00000994787993
2025-08-27 10:31:30,Sheep_4,31.000032692176607,-6.99999554442101
2025-08-27 10:31:30,Sheep_5,31.000062504389327,-6.999987634089279
2025-08-27 10:31:30,Sheep_6,31.000005175596026,-7.000009718619945
2025-08-27 10:31:30,Sheep_7,31.000003598838614,-7.000004793650823
2025-08-27 10:31:30,Sheep_8,31.00001908305812,-6.999969921284388
2025-08-27 10:31:30,Sheep_9,30.999978818106527,-7.000041853956785
2025-08-27 10:31:30,Sheep_10,30.999950515485814,-6.999984028755458
2025-08-27 10:32:00,Sheep_1,31.006032006289104,-7.007064707030701
2025-08-27 10:32:00,Sheep_2,31.000010471935084,-6.999921620108796
2025-08-27 10:32:00,Sheep_3,30.99999983639297,-6.999973637854634
2025-08-27 10:32:00,Sheep_4,31.000002205246815,-7.000003109090156
2025-08-27 10:32:00,Sheep_5,31.00002476850026,-7.000009126230083
2025-08-27 10:32:00,Sheep_6,31.000007206045115,-6.999989885822731
2025-08-27 10:32:00,Sheep_7,30.999981995406387,-6.999968810193952
2025-08-27 10:32:00,Sheep_8,30.999995284950863,-7.000023760623685
2025-08-27 10:32:00,Sheep_9,31.00001445858364,-7.000028247828437
2025-08-27 10:32:00,Sheep_10,31.000000759463457,-7.000000286701205
2025-08-27 10:32:30,Sheep_1,31.005752821714157,-7.0066401810705
2025-08-27 10:32:30,Sheep_2,30.9999993255401,-6.999974289432022
2025-08-27 10:32:30,Sheep_3,31.000037465169306,-6.999982462447017
2025-08-27 10:32:30,Sheep_4,31.00000027899622,-7.000041244123976
2025-08-27 10:32:30,Sheep_5,30.999971295894813,-7.000009596263037
2025-08-27 10:32:30,Sheep_6,30.999983574051324,-7.0000058783767445
2025-08-27 10:32:30,Sheep_7,31.000001526677817,-6.999983346462698
2025-08-27 10:32:30,Sheep_8,30.999998100104797,-6.999984704390977
2025-08-27 10:32:30,Sheep_9,31.00000173754262,-7.00006210865805
2025-08-27 10:32:30,Sheep_10,30.99997468553556,-7.000004530111965
2025-08-27 10:33:00,Sheep_1,31.00539306127718,-7.006268104531752
2025-08-27 10:33:00,Sheep_2,31.000041252717363,-6.999961682134043
2025-08-27 10:33:00,Sheep_3,30.999994247856513,-6.999953131578404
2025-08-27 10:33:00,Sheep_4,31.000004006489146,-7.00001059798109
2025-08-27 10:33:00,Sheep_5,30.999983469205976,-7.00000950964529
2025-08-27 10:33:00,Sheep_6,30.99998953889278,-6.9999946421149
2025-08-27 10:33:00,Sheep_7,31.00000432736205,-6.999999904233143
2025-08-27 10:33:00,Sheep_8,31.00001177519322,-6.9999625660876275
2025-08-27 10:33:00,Sheep_9,31.000025589852733,-7.000046685184013
2025-08-27 10:33:00,Sheep_10,30.999931173523134,-6.999970624987097
2025-08-27 10:33:30,Sheep_1,31.005071719926672,-7.005915938409766
2025-08-27 10:33:30,Sheep_2,30.99996846623178,-7.0000566542551095
2025-08-27 10:33:30,Sheep_3,31.000014592060587,-6.999976132165909
2025-08-27 10:33:30,Sheep_4,30.999984463427936,-7.000081462355506
2025-08-27 10:33:30,Sheep_5,30.999985279075236,-6.999987681684211
2025-08-27 10:33:30,Sheep_6,30.99996014431633,-6.999994235165124
2025-08-27 10:33:30,Sheep_7,30.999999587409743,-6.9999817870784184
2025-08-27 10:33:30,Sheep_8,31.000003222611436,-7.000030593282184
2025-08-27 10:33:30,Sheep_9,31.000032246806548,-7.00000498416891
2025-08-27 10:33:30,Sheep_10,30.99999926416081,-7.000029341939533
2025-08-27 10:34:00,Sheep_1,31.00476979611844,-7.005560321081439
2025-08-27 10:34:00,Sheep_2,30.99999533921865,-6.999946183894739
2025-08-27 10:34:00,Sheep_3,30.999963028176168,-7.000050730361531
2025-08-27 10:34:00,Sheep_4,31.000039647062366,-7.000006581135266
2025-08-27 10:34:00,Sheep_5,30.99998196893446,-6.999967305402311
2025-08-27 10:34:00,Sheep_6,30.99998367906379,-6.999942590264585
2025-08-27 10:34:00,Sheep_7,31.00001826965158,-7.0000153399320055
2025-08-27 10:34:00,Sheep_8,31.000058138022276,-7.000019043673869
2025-08-27 10:34:00,Sheep_9,31.000019998976967,-6.999990590242907
2025-08-27 10:34:00,Sheep_10,31.000035081062418,-6.999950906096508
2025-08-27 10:34:30,Sheep_1,31.0044598178717,-7.005188115547608
2025-08-27 10:34:30,Sheep_2,31.000012395943486,-7.000021307367521
2025-08-27 10:34:30,Sheep_3,31.00005425944792,-6.999995707329937
2025-08-27 10:34:30,Sheep_4,30.99999015482704,-6.999994193652193
2025-08-27 10:34:30,Sheep_5,30.999963695842,-7.000030547540061
2025-08-27 10:34:30,Sheep_6,31.000032350356843,-7.000020652752541
2025-08-27 10:34:30,Sheep_7,30.999971786444952,-6.999983127640394
2025-08-27 10:34:30,Sheep_8,31.00003195393877,-6.999977396111841
2025-08-27 10:34:30,Sheep_9,31.000026842823008,-7.000023793633448
2025-08-27 10:34:30,Sheep_10,30.99996168314768,-6.999952798078187
2025-08-27 10:35:00,Sheep_1,31.004134928191476,-7.004808129662917
2025-08-27 10:35:00,Sheep_2,31.000035793949205,-6.999982512131544
2025-08-27 10:35:00,Sheep_3,31.000012285872405,-6.999931932338108
2025-08-27 10:35:00,Sheep_4,30.99998265761147,-6.999970828711444
2025-08-27 10:35:00,Sheep_5,31.000001536465817,-6.999991555460221
2025-08-27 10:35:00,Sheep_6,31.00004119120804,-6.999984033646598
2025-08-27 10:35:00,Sheep_7,31.0000145067215,-6.999966280375176
2025-08-27 10:35:00,Sheep_8,30.99999016476654,-7.000026384747355
2025-08-27 10:35:00,Sheep_9,30.999971843086758,-7.000061822240424
2025-08-27 10:35:00,Sheep_10,31.00005541341529,-7.000034684864989
2025-08-27 10:35:30,Sheep_1,31.0038182330891,-7.004439222501578
2025-08-27 10:35:30,Sheep_2,31.000008284406157,-6.999974353226496
2025-08-27 10:35:30,Sheep_3,31.00002318918851,-7.000018331951482
2025-08-27 10:35:30,Sheep_4,30.999995496180908,-6.999991115687901
2025-08-27 10:35:30,Sheep_5,30.99999329793947,-6.999949465063874
2025-08-27 10:35:30,Sheep_6,31.00001323144857,-6.999976895446423
2025-08-27 10:35:30,Sheep_7,31.00001786420954,-6.999963105988334
2025-08-27 10:35:30,Sheep_8,31.000004878410675,-7.000040772389356
2025-08-27 10:35:30,Sheep_9,31.000010771324607,-7.000020478657182
2025-08-27 10:35:30,Sheep_10,30.999985754131824,-6.999981564718455
2025-08-27 10:36:00,Sheep_1,31.003525938103138,-7.004063522935665
2025-08-27 10:36:00,Sheep_2,31.000008322844394,-6.999946482371443
2025-08-27 10:36:00,Sheep_3,31.000006488138148,-6.999918203097108
2025-08-27 10:36:00,Sheep_4,31.000015240109025,-7.000055358371525
2025-08-27 10:36:00,Sheep_5,31.000020302055905,-6.999988016382463
2025-08-27 10:36:00,Sheep_6,31.00003475797936,-6.999978835181995
2025-08-27 10:36:00,Sheep_7,30.99999626870327,-7.000038491929859
2025-08-27 10:36:00,Sheep_8,30.999994366962163,-7.000026740358432
2025-08-27 10:36:00,Sheep_9,30.99998435527893,-6.999981495098181
2025-08-27 10:36:00,Sheep_10,31.00004500281632,-6.999987591529259
2025-08-27 10:36:30,Sheep_1,31.003163687981917,-7.003685198209545
2025-08-27 10:36:30,Sheep_2,31.000032248423103,-7.0000191715711795
2025-08-27 10:36:30,Sheep_3,30.999996388326448,-6.999999538203238
2025-08-27 10:36:30,Sheep_4,30.999978847512224,-6.999979618066702
2025-08-27 10:36:30,Sheep_5,30.999996740527795,-6.999986809902256
2025-08-27 10:36:30,Sheep_6,30.99997608267577,-7.000013753686572
2025-08-27 10:36:30,Sheep_7,31.000019467697392,-7.000011721872264
2025-08-27 10:36:30,Sheep_8,31.00004654052779,-7.0000125645594915
2025-08-27 10:36:30,Sheep_9,31.000006055104,-6.999970679349342
2025-08-27 10:36:30,Sheep_10,30.999961775986357,-7.000055359819426
2025-08-27 10:37:00,Sheep_1,31.00283924585353,-7.003298601613658
2025-08-27 10:37:00,Sheep_2,30.999985127789817,-6.999919570228439
2025-08-27 10:37:00,Sheep_3,30.9999847939023,-6.999994197708036
2025-08-27 10:37:00,Sheep_4,31.000041558838102,-6.999936928450559
2025-08-27 10:37:00,Sheep_5,31.000055556151004,-6.999962008972314
2025-08-27 10:37:00,Sheep_6,31.000027597804326,-6.999981370955955
2025-08-27 10:37:00,Sheep_7,31.000020976313586,-7.000017329275909
2025-08-27 10:37:00,Sheep_8,30.99997795008399,-7.000000106092923
2025-08-27 10:37:00,Sheep_9,30.999995413637553,-7.000014249487394
2025-08-27 10:37:00,Sheep_10,31.000018767178783,-6.999969965209464
2025-08-27 10:37:30,Sheep_1,31.00254972712531,-7.002924644638765
2025-08-27 10:37:30,Sheep_2,30.999969232237312,-7.000006088652341
2025-08-27 10:37:30,Sheep_3,30.999980682114966,-7.00005868390104
2025-08-27 10:37:30,Sheep_4,30.999997771810477,-7.000003827740998
2025-08-27 10:37:30,Sheep_5,31.000040786464513,-6.999980167284085
2025-08-27 10:37:30,Sheep_6,30.999972398845912,-6.999941707339847
2025-08-27 10:37:30,Sheep_7,31.00003290604641,-6.999981698851384
2025-08-27 10:37:30,Sheep_8,30.999993896404092,-7.000030164764359
2025-08-27 10:37:30,Sheep_9,30.99998996927481,-6.9999657697493465
2025-08-27 10:37:30,Sheep_10,31.000050788348165,-6.999951480431905
2025-08-27 10:38:00,Sheep_1,31.002220838661035,-7.002609629133218
2025-08-27 10:38:00,Sheep_2,31.0000037967907,-7.000055599723989
2025-08-27 10:38:00,Sheep_3,31.000008709155072,-7.000004640624507
2025-08-27 10:38:00,Sheep_4,30.99998744062607,-7.00005013745572
2025-08-27 10:38:00,Sheep_5,31.000013841181456,-7.000016748111488
2025-08-27 10:38:00,Sheep_6,30.99996847151898,-7.000090303908289
2025-08-27 10:38:00,Sheep_7,30.9999992584916,-6.999944280419486
2025-08-27 10:38:00,Sheep_8,31.000044769831508,-7.000014371103809
2025-08-27 10:38:00,Sheep_9,30.999983770785295,-6.999985261739951
2025-08-27 10:38:00,Sheep_10,30.99997309417609,-6.999990511664319
2025-08-27 10:38:30,Sheep_1,31.001924867660076,-7.0021909937320075
2025-08-27 10:38:30,Sheep_2,30.999997300914217,-7.000006403501592
2025-08-27 10:38:30,Sheep_3,30.999976338952926,-7.000025997113812
2025-08-27 10:38:30,Sheep_4,30.999993896544414,-6.999988450030473
2025-08-27 10:38:30,Sheep_5,31.000024620498372,-7.00002525194182
2025-08-27 10:38:30,Sheep_6,31.000040226964668,-7.000008524124535
2025-08-27 10:38:30,Sheep_7,30.999999424165622,-7.000023492331109
2025-08-27 10:38:30,Sheep_8,30.9999346683365,-6.99997220561757
2025-08-27 10:38:30,Sheep_9,31.00001985745321,-7.0000088449368585
2025-08-27 10:38:30,Sheep_10,31.000001805355296,-6.999983778873815
2025-08-27 10:39:00,Sheep_1,31.001564513694053,-7.001858347482115
2025-08-27 10:39:00,Sheep_2,31.000021404905127,-7.00003943485261
2025-08-27 10:39:00,Sheep_3,31.00000791119113,-7.000042650924524
2025-08-27 10:39:00,Sheep_4,31.00001256997797,-7.000001120568009
2025-08-27 10:39:00,Sheep_5,30.999956473271222,-6.999963380601061
2025-08-27 10:39:00,Sheep_6,30.999980203245325,-7.000025474332192
2025-08-27 10:39:00,Sheep_7,31.000005405206537,-6.999963886848011
2025-08-27 10:39:00,Sheep_8,30.999972624277245,-6.999998060785858
2025-08-27 10:39:00,Sheep_9,31.000011556319627,-6.999978208763495
2025-08-27 10:39:00,Sheep_10,31.000004754982626,-7.000011539353255
2025-08-27 10:39:30,Sheep_1,31.001259200722846,-7.001476001256465
2025-08-27 10:39:30,Sheep_2,30.99997110656633,-7.000091847243236
2025-08-27 10:39:30,Sheep_3,31.00001176499652,-6.999971580293536
2025-08-27 10:39:30,Sheep_4,30.99993632054162,-7.000031745927838
2025-08-27 10:39:30,Sheep_5,31.00001668579575,-6.999935312353676
2025-08-27 10:39:30,Sheep_6,31.0000005603766,-7.000022888408494
2025-08-27 10:39:30,Sheep_7,30.999995071062493,-6.999956773892896
2025-08-27 10:39:30,Sheep_8,30.999982591694778,-7.0000251265923215
2025-08-27 10:39:30,Sheep_9,30.999986990382983,-7.000029972646233
2025-08-27 10:39:30,Sheep_10,31.00000330588347,-6.999948920118144
2025-08-27 10:40:00,Sheep_1,31.000961356559717,-7.00111364445244
2025-08-27 10:40:00,Sheep_2,30.999992135880284,-7.000049146710483
2025-08-27 10:40:00,Sheep_3,31.000023799221445,-7.000002447201049
2025-08-27 10:40:00,Sheep_4,30.999995136186303,-6.999899608715517
2025-08-27 10:40:00,Sheep_5,31.000008051192285,-7.000023636306507
2025-08-27 10:40:00,Sheep_6,30.999988509946203,-6.999963892873179
2025-08-27 10:40:00,Sheep_7,31.000003052562267,-7.000045219451779
2025-08-27 10:40:00,Sheep_8,31.00002477260873,-7.000021006446398
2025-08-27 10:40:00,Sheep_9,31.000050484129794,-6.999966043294716
2025-08-27 10:40:00,Sheep_10,30.99998794497227,-6.999959724852587
2025-08-27 10:40:30,Sheep_1,31.000638253804127,-7.000721029282847
2025-08-27 10:40:30,Sheep_2,31.0000130632272,-7.000026609448607
2025-08-27 10:40:30,Sheep_3,30.99998265675982,-6.999967618037524
2025-08-27 10:40:30,Sheep_4,30.99999097802734,-7.0000126907054785
2025-08-27 10:40:30,Sheep_5,30.999974260081405,-6.999986682047693
2025-08-27 10:40:30,Sheep_6,31.00005558367551,-7.00003356322899
2025-08-27 10:40:30,Sheep_7,31.000000652698258,-6.999955599793456
2025-08-27 10:40:30,Sheep_8,30.99999785371745,-6.999985777433198
2025-08-27 10:40:30,Sheep_9,30.999971369200644,-6.9999865340272045
2025-08-27 10:40:30,Sheep_10,30.999994956586463,-6.999969008654323
2025-08-27 10:41:00,Sheep_1,31.00033985019161,-7.000315174463483
2025-08-27 10:41:00,Sheep_2,31.000015620728707,-6.999989756965587
2025-08-27 10:41:00,Sheep_3,31.00000523852771,-7.000011103546316
2025-08-27 10:41:00,Sheep_4,31.000009121914573,-7.00000928741872
2025-08-27 10:41:00,Sheep_5,31.000004539911327,-6.999958574740681
2025-08-27 10:41:00,Sheep_6,30.999972874346966,-6.999964162224267
2025-08-27 10:41:00,Sheep_7,31.000035495375514,-7.000003712073843
2025-08-27 10:41:00,Sheep_8,30.999942817420976,-7.000019109919952
2025-08-27 10:41:00,Sheep_9,31.00003495314085,-7.000000718971754
2025-08-27 10:41:00,Sheep_10,30.999973069469124,-7.000015870120765
2025-08-27 10:41:30,Sheep_1,31.000015102767275,-6.999988540466402
2025-08-27 10:41:30,Sheep_2,30.99999356093876,-7.000011532957503
2025-08-27 10:41:30,Sheep_3,30.999989442378304,-7.00002900057116
2025-08-27 10:41:30,Sheep_4,31.00004353330101,-7.000010133753791
2025-08-27 10:41:30,Sheep_5,31.00003280161303,-6.999952169831642
2025-08-27 10:41:30,Sheep_6,31.000026903815076,-7.000013570140273
2025-08-27 10:41:30,Sheep_7,31.000010880257555,-7.0000007607097325
2025-08-27 10:41:30,Sheep_8,30.99997564583559,-6.999989802145955
2025-08-27 10:41:30,Sheep_9,30.999968225661394,-6.999962659366517
2025-08-27 10:41:30,Sheep_10,30.999987478872693,-6.999993675541519
2025-08-27 10:42:00,Sheep_1,31.000007634419823,-7.000008139970959
2025-08-27 10:42:00,Sheep_2,30.99987366255434,-6.999510878734447
2025-08-27 10:42:00,Sheep_3,31.000023480882973,-7.000042317593791
2025-08-27 10:42:00,Sheep_4,31.000003405845657,-6.999939040082865
2025-08-27 10:42:00,Sheep_5,30.99997304173577,-7.0000213082981695
2025-08-27 10:42:00,Sheep_6,31.00001384947493,-6.9999943539497576
2025-08-27 10:42:00,Sheep_7,31.000009449248093,-6.999984619959301
2025-08-27 10:42:00,Sheep_8,31.000017105321646,-6.999965111043033
2025-08-27 10:42:00,Sheep_9,31.000011044340376,-7.000007585139342
2025-08-27 10:42:00,Sheep_10,31.000018125414154,-6.99994026772235
2025-08-27 10:42:30,Sheep_1,30.999996425608703,-7.000030639196013
2025-08-27 10:42:30,Sheep_2,30.99974613382349,-6.999004372699827
2025-08-27 10:42:30,Sheep_3,30.99994144800002,-6.999973357067102
2025-08-27 10:42:30,Sheep_4,30.99998557326125,-7.000002846365901
2025-08-27 10:42:30,Sheep_5,31.000008946649224,-6.9999940106911085
2025-08-27 10:42:30,Sheep_6,31.000019119254862,-7.0000136916891105
2025-08-27 10:42:30,Sheep_7,31.000013827860172,-7.000008160146125
2025-08-27 10:42:30,Sheep_8,31.000019910451336,-6.999980652849666
2025-08-27 10:42:30,Sheep_9,30.999974790548812,-6.999965856728203
2025-08-27 10:42:30,Sheep_10,30.999985556141436,-6.999974594667238
2025-08-27 10:43:00,Sheep_1,31.000009898148942,-6.999942207515247
2025-08-27 10:43:00,Sheep_2,30.999585350807344,-6.998510095945377
2025-08-27 10:43:00,Sheep_3,30.99999947665453,-7.000009531970716
2025-08-27 10:43:00,Sheep_4,31.000021557902496,-7.000050816796696
2025-08-27 10:43:00,Sheep_5,30.99997160395924,-7.000033571718019
2025-08-27 10:43:00,Sheep_6,31.000025610157888,-6.999946218324914
2025-08-27 10:43:00,Sheep_7,30.999997185162993,-7.000005307754055
2025-08-27 10:43:00,Sheep_8,31.000001887859227,-6.999963470552515
2025-08-27 10:43:00,Sheep_9,30.999975008449493,-6.999992505680486
2025-08-27 10:43:00,Sheep_10,31.00002628092786,-6.999984245602035
2025-08-27 10:43:30,Sheep_1,31.00000510909854,-6.99996852711632
2025-08-27 10:43:30,Sheep_2,30.999403920653958,-6.997989490757909
2025-08-27 10:43:30,Sheep_3,30.999982373095136,-7.000057555088273
2025-08-27 10:43:30,Sheep_4,31.000013776570235,-6.999956812182847
2025-08-27 10:43:30,Sheep_5,30.9999962958539,-6.999970041629443
2025-08-27 10:43:30,Sheep_6,31.00004344982729,-6.999958659096765
2025-08-27 10:43:30,Sheep_7,31.0000441959539,-6.999976667515736
2025-08-27 10:43:30,Sheep_8,31.000002032886425,-7.000050365796372
2025-08-27 10:43:30,Sheep_9,30.999993368779514,-7.000026511668349
2025-08-27 10:43:30,Sheep_10,31.0000585054631,-7.000005529848981
2025-08-27 10:44:00,Sheep_1,31.000003320287643,-6.999982661302791
2025-08-27 10:44:00,Sheep_2,30.999316392783175,-6.99746909551404
2025-08-27 10:44:00,Sheep_3,30.999983220013608,-6.999993881542671
2025-08-27 10:44:00,Sheep_4,30.999979990911275,-7.000041501500539
2025-08-27 10:44:00,Sheep_5,30.999983513229672,-7.000001164436696
2025-08-27 10:44:00,Sheep_6,30.999988430590427,-7.000021769711823
2025-08-27 10:44:00,Sheep_7,30.999962100679205,-7.000002612838749
2025-08-27 10:44:00,Sheep_8,30.999959448786182,-6.999976103844655
2025-08-27 10:44:00,Sheep_9,31.00000222169654,-7.000045825411178
2025-08-27 10:44:00,Sheep_10,30.99999166702092,-7.000023647793281
2025-08-27 10:44:30,Sheep_1,31.000008601540884,-6.999957856245302
2025-08-27 10:44:30,Sheep_2,30.999145041526567,-6.997003137587006
2025-08-27 10:44:30,Sheep_3,30.999995684527608,-6.999978893071665
2025-08-27 10:44:30,Sheep_4,31.00000574550741,-7.000023641911681
2025-08-27 10:44:30,Sheep_5,30.999991401708524,-7.000025027048587
2025-08-27 10:44:30,Sheep_6,31.00002899767711,-6.999999329961883
2025-08-27 10:44:30,Sheep_7,31.000051235825165,-7.000001907175655
2025-08-27 10:44:30,Sheep_8,30.999980908908544,-7.0000475911722315
2025-08-27 10:44:30,Sheep_9,30.999951406584362,-7.000049805225391
2025-08-27 10:44:30,Sheep_10,31.000007198885672,-6.99998400568805
2025-08-27 10:45:00,Sheep_1,30.999957387961675,-6.999971860000297
2025-08-27 10:45:00,Sheep_2,30.999033174393812,-6.996503396507744
2025-08-27 10:45:00,Sheep_3,31.00004344827421,-6.99997180337681
2025-08-27 10:45:00,Sheep_4,30.999992763277543,-7.000028019078697
2025-08-27 10:45:00,Sheep_5,30.999942010005356,-7.000022610176427
2025-08-27 10:45:00,Sheep_6,30.999994310180412,-7.000031036918939
2025-08-27 10:45:00,Sheep_7,30.99999646271199,-6.99999758377722
2025-08-27 10:45:00,Sheep_8,30.999993940280763,-7.000020436077589
2025-08-27 10:45:00,Sheep_9,31.000004545131297,-6.999986105388393
2025-08-27 10:45:00,Sheep_10,30.999970614469706,-6.999955640293692
2025-08-27 10:45:30,Sheep_1,30.99999734311537,-6.999999407367958
2025-08-27 10:45:30,Sheep_2,30.998917698997623,-6.996002509835013
2025-08-27 10:45:30,Sheep_3,31.000025686398686,-6.999990972817815
2025-08-27 10:45:30,Sheep_4,30.999983495219873,-6.999988634331143
2025-08-27 10:45:30,Sheep_5,30.999969177339004,-6.9999965868834435
2025-08-27 10:45:30,Sheep_6,30.99999910447384,-7.000006543192855
2025-08-27 10:45:30,Sheep_7,30.99999653599951,-7.000059165323706
2025-08-27 10:45:30,Sheep_8,30.999985212228502,-6.999997080956816
2025-08-27 10:45:30,Sheep_9,31.0000043080235,-7.000032310100814
2025-08-27 10:45:30,Sheep_10,31.00003410998493,-7.000027232532494
2025-08-27 10:46:00,Sheep_1,31.00002612622711,-6.999986569011598
2025-08-27 10:46:00,Sheep_2,30.998756486677102,-6.995471112289968
2025-08-27 10:46:00,Sheep_3,30.999967832280856,-6.999971101797805
2025-08-27 10:46:00,Sheep_4,31.000026965028333,-7.0000210842957085
2025-08-27 10:46:00,Sheep_5,31.000037526014196,-7.000007861461053
2025-08-27 10:46:00,Sheep_6,31.0000077801014,-6.999991815482812
2025-08-27 10:46:00,Sheep_7,30.999996380468698,-6.999974508192323
2025-08-27 10:46:00,Sheep_8,31.00002138399355,-7.000054973835683
2025-08-27 10:46:00,Sheep_9,31.000035151102484,-7.000052268739019
2025-08-27 10:46:00,Sheep_10,31.000027826433822,-6.999964576396655
2025-08-27 10:46:30,Sheep_1,30.999970599179925,-7.000012915998968
2025-08-27 10:46:30,Sheep_2,30.998611353486563,-6.995013752299355
2025-08-27 10:46:30,Sheep_3,30.99999169868081,-6.999975487477126
2025-08-27 10:46:30,Sheep_4,31.00003531194968,-6.999956119708616
2025-08-27 10:46:30,Sheep_5,30.999984849945385,-7.000006577934567
2025-08-27 10:46:30,Sheep_6,30.999954632459787,-7.000025336550487
2025-08-27 10:46:30,Sheep_7,31.000026002110125,-6.999949206084857
2025-08-27 10:46:30,Sheep_8,30.999966735118438,-7.00001862707307
2025-08-27 10:46:30,Sheep_9,30.999999288382405,-6.999991191734698
2025-08-27 10:46:30,Sheep_10,30.99997818172332,-6.999986667523079
2025-08-27 10:47:00,Sheep_1,30.99998723034458,-7.000000454379317
2025-08-27 10:47:00,Sheep_2,30.99850415537103,-6.994510037700126
2025-08-27 10:47:00,Sheep_3,30.99998823969034,-7.000003446131636
2025-08-27 10:47:00,Sheep_4,30.99999761867699,-7.000011633144758
2025-08-27 10:47:00,Sheep_5,30.999993025618146,-6.999949738541696
2025-08-27 10:47:00,Sheep_6,31.00001511640625,-7.000009289899584
2025-08-27 10:47:00,Sheep_7,31.0000187824579,-7.000010495282933
2025-08-27 10:47:00,Sheep_8,31.00003161492915,-6.999988378451498
2025-08-27 10:47:00,Sheep_9,30.99999710827855,-6.999985923782299
2025-08-27 10:47:00,Sheep_10,30.99995766593194,-7.000035425563065
2025-08-27 10:47:30,Sheep_1,30.99996782451474,-6.999995505869882
2025-08-27 10:47:30,Sheep_2,30.99838858934021,-6.993964329023477
2025-08-27 10:47:30,Sheep_3,31.00001719505304,-6.999984253452445
2025-08-27 10:47:30,Sheep_4,30.999951462691318,-7.000017061661298
2025-08-27 10:47:30,Sheep_5,30.999978769751564,-7.000019519445096
2025-08-27 10:47:30,Sheep_6,30.999995468635863,-7.000014842525183
2025-08-27 10:47:30,Sheep_7,30.999946659185852,-6.999976485705635
2025-08-27 10:47:30,Sheep_8,30.99997109028856,-6.9999924780799
2025-08-27 10:47:30,Sheep_9,31.000055895149202,-7.000028905446535
2025-08-27 10:47:30,Sheep_10,30.99993181043327,-7.000008991971173
2025-08-27 10:48:00,Sheep_1,31.0000296701303,-6.9999384295667415
2025-08-27 10:48:00,Sheep_2,30.99819849410807,-6.993501611008037
2025-08-27 10:48:00,Sheep_3,30.999987460192504,-7.00000333101568
2025-08-27 10:48:00,Sheep_4,31.000071263295375,-7.000047253378911
2025-08-27 10:48:00,Sheep_5,31.000006838115205,-6.9999852957292354
2025-08-27 10:48:00,Sheep_6,31.00002926121968,-6.99999691941019
2025-08-27 10:48:00,Sheep_7,31.000008301757262,-7.00001231342882
2025-08-27 10:48:00,Sheep_8,31.000007252792166,-7.000010789963266
2025-08-27 10:48:00,Sheep_9,31.000016750949243,-7.000011620546945
2025-08-27 10:48:00,Sheep_10,31.000010162604937,-7.0000009200227025
2025-08-27 10:48:30,Sheep_1,31.000030346305717,-7.000001615818388
2025-08-27 10:48:30,Sheep_2,30.998051851655667,-6.992986496707424
2025-08-27 10:48:30,Sheep_3,30.999975591116577,-7.000020554410114
2025-08-27 10:48:30,Sheep_4,30.999983947324093,-6.999956787673862
2025-08-27 10:48:30,Sheep_5,30.999942444999622,-6.999901349203249
2025-08-27 10:48:30,Sheep_6,31.00002846002899,-6.9999929813697594
2025-08-27 10:48:30,Sheep_7,30.999998520643175,-6.999991022181447
2025-08-27 10:48:30,Sheep_8,31.00001404390303,-6.999979714425503
2025-08-27 10:48:30,Sheep_9,31.00001497317102,-6.999997183583871
2025-08-27 10:48:30,Sheep_10,30.999994681860752,-7.0000047560312115
2025-08-27 10:49:00,Sheep_1,30.99999474735141,-6.999964354274351
2025-08-27 10:49:00,Sheep_2,30.99795749220837,-6.992575501868085
2025-08-27 10:49:00,Sheep_3,31.000017676089918,-6.999993877495102
2025-08-27 10:49:00,Sheep_4,30.99999949581145,-7.0000122150180415
2025-08-27 10:49:00,Sheep_5,31.00003029409055,-6.999970209773209
2025-08-27 10:49:00,Sheep_6,30.999979171460623,-6.999987202278318
2025-08-27 10:49:00,Sheep_7,30.99997381449691,-7.000043375187562
2025-08-27 10:49:00,Sheep_8,30.999983110387408,-6.999972886353941
2025-08-27 10:49:00,Sheep_9,31.00002568608638,-6.999983868597196
2025-08-27 10:49:00,Sheep_10,31.000019540849447,-6.999983771357474
2025-08-27 10:49:30,Sheep_1,30.999982712497435,-6.999986420357556
2025-08-27 10:49:30,Sheep_2,30.99782433045444,-6.991998986145025
2025-08-27 10:49:30,Sheep_3,31.00003204042503,-6.999977730930915
2025-08-27 10:49:30,Sheep_4,31.000009471295566,-6.999966354482356
2025-08-27 10:49:30,Sheep_5,30.999999285269695,-7.000027726134215
2025-08-27 10:49:30,Sheep_6,30.99999560545372,-7.000023419735082
2025-08-27 10:49:30,Sheep_7,30.999981804394313,-7.0000045436662175
2025-08-27 10:49:30,Sheep_8,30.99997864480989,-7.000009682308809
2025-08-27 10:49:30,Sheep_9,30.999948968343507,-6.999993294047006
2025-08-27 10:49:30,Sheep_10,31.00000003248676,-7.000025689262095
2025-08-27 10:50:00,Sheep_1,31.00001776623253,-6.999970522799996
2025-08-27 10:50:00,Sheep_2,30.99764419022058,-6.991531707552664
2025-08-27 10:50:00,Sheep_3,30.99997927212496,-7.000029550548362
2025-08-27 10:50:00,Sheep_4,31.000022353795597,-7.000006093892744
2025-08-27 10:50:00,Sheep_5,30.99999287150086,-7.000063001421786
2025-08-27 10:50:00,Sheep_6,31.00001712409352,-7.000038962277162
2025-08-27 10:50:00,Sheep_7,31.000001615144544,-6.999991279270587
2025-08-27 10:50:00,Sheep_8,31.00003666884466,-7.000041149306195
2025-08-27 10:50:00,Sheep_9,30.99991862615462,-6.999994219771318
2025-08-27 10:50:00,Sheep_10,31.00004852257945,-6.999961047533434
2025-08-27 10:50:30,Sheep_1,31.00000565018187,-7.000015457038989
2025-08-27 10:50:30,Sheep_2,30.99755069482773,-6.991037051124417
2025-08-27 10:50:30,Sheep_3,31.000012837525226,-6.999984108020958
2025-08-27 10:50:30,Sheep_4,31.00002857195223,-6.999913236303458
2025-08-27 10:50:30,Sheep_5,31.000010575349457,-7.000016001813611
2025-08-27 10:50:30,Sheep_6,30.99999931078929,-7.000055619736782
2025-08-27 10:50:30,Sheep_7,30.99998127794293,-7.000012867837618
2025-08-27 10:50:30,Sheep_8,30.999985876166065,-6.9999952099636555
2025-08-27 10:50:30,Sheep_9,30.999977836329528,-6.999964754801946
2025-08-27 10:50:30,Sheep_10,31.00000000558026,-7.000000292402046
2025-08-27 10:51:00,Sheep_1,30.99999116345536,-6.999995120805748
2025-08-27 10:51:00,Sheep_2,30.997414139664976,-6.990535745401315
2025-08-27 10:51:00,Sheep_3,30.999982264198103,-7.000009549144685
2025-08-27 10:51:00,Sheep_4,30.99996372967328,-7.000025757462632
2025-08-27 10:51:00,Sheep_5,30.999987166164026,-6.999972509208937
2025-08-27 10:51:00,Sheep_6,31.00000707585328,-6.999993913534245
2025-08-27 10:51:00,Sheep_7,31.000022931134446,-7.000004318968276
2025-08-27 10:51:00,Sheep_8,31.000010522768143,-7.0000032452913485
2025-08-27 10:51:00,Sheep_9,31.000007151338917,-7.00001832192901
2025-08-27 10:51:00,Sheep_10,30.999934275498788,-7.000004221736125
2025-08-27 10:51:30,Sheep_1,31.000038342116497,-6.999970879792815
2025-08-27 10:51:30,Sheep_2,30.997279782194497,-6.989992585815262
2025-08-27 10:51:30,Sheep_3,31.00000238926314,-6.999993796395238
2025-08-27 10:51:30,Sheep_4,30.999983354692002,-7.0000099373288664
2025-08-27 10:51:30,Sheep_5,31.00001659462315,-6.999962149879875
2025-08-27 10:51:30,Sheep_6,30.999996242015566,-7.000014153948027
2025-08-27 10:51:30,Sheep_7,31.00000001422814,-6.999981098063099
2025-08-27 10:51:30,Sheep_8,30.999961089072507,-7.000072191916618
2025-08-27 10:51:30,Sheep_9,30.999985163397877,-7.000038379192
2025-08-27 10:51:30,Sheep_10,30.99998630595946,-7.000004646212416
2025-08-27 10:52:00,Sheep_1,30.999987785256675,-6.9999543344286534
2025-08-27 10:52:00,Sheep_2,30.997131429899365,-6.989513121924738
2025-08-27 10:52:00,Sheep_3,31.00001676806892,-7.000035804906999
2025-08-27 10:52:00,Sheep_4,31.00002800337192,-7.000002382028755
2025-08-27 10:52:00,Sheep_5,31.000018069006934,-7.000033699185549
2025-08-27 10:52:00,Sheep_6,30.999958127234116,-6.9999742855536216
2025-08-27 10:52:00,Sheep_7,31.00001014398651,-7.000028360495939
2025-08-27 10:52:00,Sheep_8,30.999976563158068,-6.999964616336529
2025-08-27 10:52:00,Sheep_9,30.99996794614015,-6.999948354371327
2025-08-27 10:52:00,Sheep_10,30.999975728869888,-6.999979928961348
2025-08-27 10:52:30,Sheep_1,30.999991143950528,-6.999981035790463
2025-08-27 10:52:30,Sheep_2,30.9969789057385,-6.989023756760474
2025-08-27 10:52:30,Sheep_3,31.000001102744577,-7.000031508768133
2025-08-27 10:52:30,Sheep_4,31.000019964723645,-7.000016135431725
2025-08-27 10:52:30,Sheep_5,30.999993839384242,-7.000031262338903
2025-08-27 10:52:30,Sheep_6,30.999930946811208,-7.000006005911812
2025-08-27 10:52:30,Sheep_7,31.000065018381825,-6.9999753320454765
2025-08-27 10:52:30,Sheep_8,30.99999948094557,-7.000008265286233
2025-08-27 10:52:30,Sheep_9,31.000000605440878,-6.999982798578009
2025-08-27 10:52:30,Sheep_10,30.999968177879573,-6.999964965732009
2025-08-27 10:53:00,Sheep_1,31.0000192790509,-6.999977420244709
2025-08-27 10:53:00,Sheep_2,30.99685968104777,-6.988520858212216
2025-08-27 10:53:00,Sheep_3,31.000018133163024,-6.99998139336687
2025-08-27 10:53:00,Sheep_4,30.999990458838187,-7.000018034036605
2025-08-27 10:53:00,Sheep_5,31.00000274495945,-6.999951298814902
2025-08-27 10:53:00,Sheep_6,30.99996660688801,-7.0000461389863355
2025-08-27 10:53:00,Sheep_7,31.000004440195145,-6.999998400090932
2025-08-27 10:53:00,Sheep_8,31.000004671442625,-6.999992330112791
2025-08-27 10:53:00,Sheep_9,30.99999398484761,-6.999953158701632
2025-08-27 10:53:00,Sheep_10,30.99995685670198,-7.000026047941931
2025-08-27 10:53:30,Sheep_1,30.999997217352853,-7.000051661847243
2025-08-27 10:53:30,Sheep_2,30.99671176573749,-6.9879873697242045
2025-08-27 10:53:30,Sheep_3,31.000000562876977,-6.999992746764785
2025-08-27 10:53:30,Sheep_4,30.999966039397272,-7.0000193783993
2025-08-27 10:53:30,Sheep_5,30.999989888706963,-7.0000099889609055
2025-08-27 10:53:30,Sheep_6,31.0000345394483,-6.999982466196099
2025-08-27 10:53:30,Sheep_7,30.999970046946903,-6.999992249891113
2025-08-27 10:53:30,Sheep_8,31.00001342674493,-6.99996415372046
2025-08-27 10:53:30,Sheep_9,31.00004259452084,-7.000031914555843
2025-08-27 10:53:30,Sheep_10,30.99997814792909,-7.000039538241012
2025-08-27 10:54:00,Sheep_1,30.999993693320363,-6.999985337695256
2025-08-27 10:54:00,Sheep_2,30.996595785731994,-6.987524710821538
2025-08-27 10:54:00,Sheep_3,30.999991380321866,-6.999995228729553
2025-08-27 10:54:00,Sheep_4,30.99997749345396,-6.999934304914009
2025-08-27 10:54:00,Sheep_5,30.99995667460401,-6.999994191757209
2025-08-27 10:54:00,Sheep_6,31.000054534842416,-6.999999786212924
2025-08-27 10:54:00,Sheep_7,30.999994878574334,-7.0000112380821395
2025-08-27 10:54:00,Sheep_8,30.999995138564092,-6.9999568376514585
2025-08-27 10:54:00,Sheep_9,30.999940391791824,-6.999951788852811
2025-08-27 10:54:00,Sheep_10,30.999961625301317,-7.000008383547774
2025-08-27 10:54:30,Sheep_1,30.999988432148214,-6.999981495888415
2025-08-27 10:54:30,Sheep_2,30.996412456682492,-6.987014356506496
2025-08-27 10:54:30,Sheep_3,31.000054553798687,-7.000042858183255
2025-08-27 10:54:30,Sheep_4,31.00000511245511,-7.000020812716052
2025-08-27 10:54:30,Sheep_5,31.000011477377097,-6.9999993979939825
2025-08-27 10:54:30,Sheep_6,30.999982712354228,-6.99998466129803
2025-08-27 10:54:30,Sheep_7,31.000048625982117,-7.000006002014168
2025-08-27 10:54:30,Sheep_8,31.00001939699808,-7.000040660494728
2025-08-27 10:54:30,Sheep_9,30.999974224675437,-6.999985147549205
2025-08-27 10:54:30,Sheep_10,31.0000399959404,-6.999988819518258
2025-08-27 10:55:00,Sheep_1,30.999991563294184,-7.0000000222782095
2025-08-27 10:55:00,Sheep_2,30.99628182571934,-6.98651229776039
2025-08-27 10:55:00,Sheep_3,31.0000237782895,-7.000014213717594
2025-08-27 10:55:00,Sheep_4,30.99998733267658,-6.999991640789912
2025-08-27 10:55:00,Sheep_5,30.999988230693422,-7.000002079209042
2025-08-27 10:55:00,Sheep_6,31.000056586106428,-7.000007766486681
2025-08-27 10:55:00,Sheep_7,30.99999034297111,-7.00002035871083
2025-08-27 10:55:00,Sheep_8,31.00002005547893,-7.0000056976870155
2025-08-27 10:55:00,Sheep_9,30.99998249982829,-6.999958458208446
2025-08-27 10:55:00,Sheep_10,31.00003825735729,-7.000018877313625
2025-08-27 10:55:30,Sheep_1,30.999949697989095,-6.999968323775097
2025-08-27 10:55:30,Sheep_2,30.996155112494066,-6.986009321645284
2025-08-27 10:55:30,Sheep_3,30.99994690701174,-6.999971936744561
2025-08-27 10:55:30,Sheep_4,30.999967359721634,-6.99997702478009
2025-08-27 10:55:30,Sheep_5,31.00000038464969,-7.000029991850132
2025-08-27 10:55:30,Sheep_6,30.999989030641945,-6.999978422151464
2025-08-27 10:55:30,Sheep_7,31.00000285378512,-6.999981626059088
2025-08-27 10:55:30,Sheep_8,31.000053263759913,-7.000049179747724
2025-08-27 10:55:30,Sheep_9,31.00004358280385,-6.999996719049895
2025-08-27 10:55:30,Sheep_10,30.999975778367364,-7.000041825053123
2025-08-27 10:56:00,Sheep_1,30.999994903331185,-6.999971023325518
2025-08-27 10:56:00,Sheep_2,30.9960282430129,-6.985495144108664
2025-08-27 10:56:00,Sheep_3,30.99996089177982,-7.000000380076454
2025-08-27 10:56:00,Sheep_4,30.999966248829203,-6.999988567415597
2025-08-27 10:56:00,Sheep_5,31.000023901025603,-7.000013228748494
2025-08-27 10:56:00,Sheep_6,30.999929818167715,-6.999993745071352
2025-08-27 10:56:00,Sheep_7,31.000011769813646,-6.999987288975113
2025-08-27 10:56:00,Sheep_8,31.000033303508584,-7.000033673921835
2025-08-27 10:56:00,Sheep_9,31.00001833137187,-6.9999625075703245
2025-08-27 10:56:00,Sheep_10,30.999952068246927,-6.99998995014834
2025-08-27 10:56:30,Sheep_1,30.99998641268871,-7.000002563072397
2025-08-27 10:56:30,Sheep_2,30.99589990290469,-6.98503795497496
2025-08-27 10:56:30,Sheep_3,30.999981790116443,-6.999998926248181
2025-08-27 10:56:30,Sheep_4,30.999970699444695,-7.000034138336118
2025-08-27 10:56:30,Sheep_5,31.000018308658362,-7.000036118078187
2025-08-27 10:56:30,Sheep_6,31.000017956678967,-6.999985456132281
2025-08-27 10:56:30,Sheep_7,30.99995349065589,-7.000021302628967
2025-08-27 10:56:30,Sheep_8,31.000032180454628,-7.0000308478389375
2025-08-27 10:56:30,Sheep_9,30.999987484613843,-6.999985472808041
2025-08-27 10:56:30,Sheep_10,31.000021111853467,-7.000007908381202
2025-08-27 10:57:00,Sheep_1,30.999983897497447,-6.9999552806993215
2025-08-27 10:57:00,Sheep_2,30.99578801981366,-6.984508150560387
2025-08-27 10:57:00,Sheep_3,31.000002299267226,-7.0000254118698715
2025-08-27 10:57:00,Sheep_4,30.99997762007528,-6.999983572159386
2025-08-27 10:57:00,Sheep_5,31.000011275553923,-6.999955933747898
2025-08-27 10:57:00,Sheep_6,31.000017529197606,-7.000047256836473
2025-08-27 10:57:00,Sheep_7,31.000028349289014,-7.000031379020668
2025-08-27 10:57:00,Sheep_8,30.999989652229466,-6.999992133706883
2025-08-27 10:57:00,Sheep_9,31.00005378191223,-6.999902224177594
2025-08-27 10:57:00,Sheep_10,31.000016350783124,-7.0000057597006915
2025-08-27 10:57:30,Sheep_1,31.000014404571914,-6.999972092118261
2025-08-27 10:57:30,Sheep_2,30.995614139049803,-6.98399196455362
2025-08-27 10:57:30,Sheep_3,31.00000620025402,-6.999984350959999
2025-08-27 10:57:30,Sheep_4,31.00001794621592,-6.999986745319267
2025-08-27 10:57:30,Sheep_5,31.000022608888802,-7.000019406436812
2025-08-27 10:57:30,Sheep_6,30.999984954138863,-7.000034588843072
2025-08-27 10:57:30,Sheep_7,31.000011844266005,-6.999975510240587
2025-08-27 10:57:30,Sheep_8,31.000012336674438,-6.9999473539670465
2025-08-27 10:57:30,Sheep_9,30.999999849191013,-6.999978974766003
2025-08-27 10:57:30,Sheep_10,30.999970579387096,-7.00001217041253
2025-08-27 10:58:00,Sheep_1,31.000018744280208,-6.999973304234278
2025-08-27 10:58:00,Sheep_2,30.995477740642524,-6.983532017652692
2025-08-27 10:58:00,Sheep_3,30.999959094311535,-7.000011224996122
2025-08-27 10:58:00,Sheep_4,31.000023995234375,-6.999981915557437
2025-08-27 10:58:00,Sheep_5,31.000013492608375,-6.999998435115547
2025-08-27 10:58:00,Sheep_6,31.00000019034743,-7.000020760493016
2025-08-27 10:58:00,Sheep_7,31.000018832961377,-6.999986764612929
2025-08-27 10:58:00,Sheep_8,31.000013259580882,-7.000016538532579
2025-08-27 10:58:00,Sheep_9,30.999941968839746,-6.999965505524738
2025-08-27 10:58:00,Sheep_10,30.99998709564887,-7.000027125665307
2025-08-27 10:58:30,Sheep_1,31.000018688795684,-7.000012324875256
2025-08-27 10:58:30,Sheep_2,30.995365187054755,-6.983018509245713
2025-08-27 10:58:30,Sheep_3,31.000018421738858,-7.000042945640096
2025-08-27 10:58:30,Sheep_4,31.000032661084767,-6.999991786284726
2025-08-27 10:58:30,Sheep_5,30.999990048226575,-6.99999549186737
2025-08-27 10:58:30,Sheep_6,30.999952131641226,-6.99998715195784
2025-08-27 10:58:30,Sheep_7,30.999972259122128,-7.000042527946395
2025-08-27 10:58:30,Sheep_8,30.99995897343192,-6.999965017083571
2025-08-27 10:58:30,Sheep_9,30.999983041769845,-6.999951779609182
2025-08-27 10:58:30,Sheep_10,30.999985560506744,-7.000053679324856
2025-08-27 10:59:00,Sheep_1,30.999969910408552,-6.99996114608942
2025-08-27 10:59:00,Sheep_2,30.995206464981653,-6.98254385854344
2025-08-27 10:59:00,Sheep_3,31.000004312384814,-6.9999842239535175
2025-08-27 10:59:00,Sheep_4,31.000030113155297,-6.999954459192128
2025-08-27 10:59:00,Sheep_5,30.999990304474153,-7.000041690932004
2025-08-27 10:59:00,Sheep_6,30.999988857388757,-6.999991816782296
2025-08-27 10:59:00,Sheep_7,30.999974027337597,-7.000030092819533
2025-08-27 10:59:00,Sheep_8,31.000009264854874,-7.000001529629667
2025-08-27 10:59:00,Sheep_9,31.000000883857226,-7.000023847089178
2025-08-27 10:59:00,Sheep_10,30.99999379085391,-7.000029057885005
2025-08-27 10:59:30,Sheep_1,31.00002399025542,-6.999967451766574
2025-08-27 10:59:30,Sheep_2,30.99503921874178,-6.98205277374348
2025-08-27 10:59:30,Sheep_3,30.999959669531393,-7.000020436748946
2025-08-27 10:59:30,Sheep_4,30.99999775140218,-7.000045576837785
2025-08-27 10:59:30,Sheep_5,30.999975156490844,-7.000031564414292
2025-08-27 10:59:30,Sheep_6,31.000005585716746,-6.999997819814422
2025-08-27 10:59:30,Sheep_7,30.99998054965271,-6.999994440752746
2025-08-27 10:59:30,Sheep_8,30.999985267335127,-7.000008540835184
2025-08-27 10:59:30,Sheep_9,31.000045098421406,-6.999957855911857
2025-08-27 10:59:30,Sheep_10,30.999964977149563,-6.999973913217317
2025-08-27 11:00:00,Sheep_1,31.000021866597766,-7.000036101391523
2025-08-27 11:00:00,Sheep_2,30.99495021999006,-6.981501980907365
2025-08-27 11:00:00,Sheep_3,30.999969748163682,-7.000028846283679
2025-08-27 11:00:00,Sheep_4,31.00002742530004,-6.999991464188911
2025-08-27 11:00:00,Sheep_5,31.000014861919023,-6.999989291876898
2025-08-27 11:00:00,Sheep_6,31.000010528995354,-7.000041704276465
2025-08-27 11:00:00,Sheep_7,31.00002822451599,-6.999963228097029
2025-08-27 11:00:00,Sheep_8,30.999993818071935,-7.000001366915065
2025-08-27 11:00:00,Sheep_9,30.99995873767061,-6.999983831833281
2025-08-27 11:00:00,Sheep_10,31.00001541656778,-7.000001955285234
2025-08-27 11:00:30,Sheep_1,31.000030300575634,-7.000010503386316
2025-08-27 11:00:30,Sheep_2,30.994808775366543,-6.981056512871129
2025-08-27 11:00:30,Sheep_3,30.99999936528519,-7.000005481696916
2025-08-27 11:00:30,Sheep_4,31.000006071898724,-7.000011617924623
2025-08-27 11:00:30,Sheep_5,30.99999645690094,-6.999974029081444
2025-08-27 11:00:30,Sheep_6,30.999988229494146,-7.000050510775267
2025-08-27 11:00:30,Sheep_7,31.000047150123184,-6.999956567091315
2025-08-27 11:00:30,Sheep_8,30.999965174379398,-6.999978315590372
2025-08-27 11:00:30,Sheep_9,30.999986445164286,-6.9999917159633895
2025-08-27 11:00:30,Sheep_10,31.00000792914469,-7.0000073697799605
2025-08-27 11:01:00,Sheep_1,30.99997887803632,-7.000021710606911
2025-08-27 11:01:00,Sheep_2,30.994645292903943,-6.980553500456294
2025-08-27 11:01:00,Sheep_3,30.99999818958974,-7.000022503490146
2025-08-27 11:01:00,Sheep_4,31.000018380849777,-6.9999532409890035
2025-08-27 11:01:00,Sheep_5,30.999984367950734,-6.999992473123812
2025-08-27 11:01:00,Sheep_6,31.000013466181557,-6.999985160251182
2025-08-27 11:01:00,Sheep_7,31.00000204694398,-6.999976650068826
2025-08-27 11:01:00,Sheep_8,31.0000129962887,-7.000038912099794
2025-08-27 11:01:00,Sheep_9,31.000023423178163,-6.999972103580926
2025-08-27 11:01:00,Sheep_10,30.999979429946887,-6.999998807234661
2025-08-27 11:01:30,Sheep_1,31.00001841526211,-7.000006580825343
2025-08-27 11:01:30,Sheep_2,30.99454415265846,-6.979987443462499
2025-08-27 11:01:30,Sheep_3,30.999978818198905,-7.000043420034776
2025-08-27 11:01:30,Sheep_4,31.000008187709188,-6.999977314078782
2025-08-27 11:01:30,Sheep_5,30.99999377830469,-6.999954309492687
2025-08-27 11:01:30,Sheep_6,30.999963925463536,-6.999978214642279
2025-08-27 11:01:30,Sheep_7,30.999983672453627,-6.999945942768025
2025-08-27 11:01:30,Sheep_8,31.000053696964244,-7.00002410367893
2025-08-27 11:01:30,Sheep_9,30.999985189800505,-6.999972974561531
2025-08-27 11:01:30,Sheep_10,30.999989567086335,-7.000001427728444
2025-08-27 11:02:00,Sheep_1,31.000000684201055,-7.00006035451354
2025-08-27 11:02:00,Sheep_2,30.994524626683003,-6.980051446913006
2025-08-27 11:02:00,Sheep_3,30.99998671066774,-6.9999546122177
2025-08-27 11:02:00,Sheep_4,30.99996613797446,-6.999974432833373
2025-08-27 11:02:00,Sheep_5,30.99999248213447,-7.000008795658169
2025-08-27 11:02:00,Sheep_6,31.000021299997197,-6.999989308789157
2025-08-27 11:02:00,Sheep_7,31.00001537764096,-6.999969560279564
2025-08-27 11:02:00,Sheep_8,30.99999107145931,-7.000019248719587
2025-08-27 11:02:00,Sheep_9,30.999970755914664,-7.000025950902551
2025-08-27 11:02:00,Sheep_10,31.00007947613435,-6.999960867280784
2025-08-27 11:02:30,Sheep_1,30.999963589443958,-7.000041578070933
2025-08-27 11:02:30,Sheep_2,30.994533532608404,-6.980025519553215
2025-08-27 11:02:30,Sheep_3,31.00001479205449,-7.000008015808756
2025-08-27 11:02:30,Sheep_4,30.99999661909109,-6.999989691469552
2025-08-27 11:02:30,Sheep_5,31.00000231475942,-7.000069774791591
2025-08-27 11:02:30,Sheep_6,30.999993807052714,-7.00002676821364
2025-08-27 11:02:30,Sheep_7,31.000004721831267,-6.999906143473273
2025-08-27 11:02:30,Sheep_8,31.0000099033866,-7.00000985737162
2025-08-27 11:02:30,Sheep_9,31.000024841937712,-6.999984824295464
2025-08-27 11:02:30,Sheep_10,31.00001132126726,-6.999980920620666
2025-08-27 11:03:00,Sheep_1,31.000055422481985,-7.000035555126226
2025-08-27 11:03:00,Sheep_2,30.99453338467479,-6.980056407166484
2025-08-27 11:03:00,Sheep_3,31.00001497069654,-7.0000288834989
2025-08-27 11:03:00,Sheep_4,30.99998875224182,-7.000009277625291
2025-08-27 11:03:00,Sheep_5,31.00002629761191,-6.999971123797302
2025-08-27 11:03:00,Sheep_6,30.999966428744795,-6.99999827287185
2025-08-27 11:03:00,Sheep_7,30.999980877294607,-7.000039567387514
2025-08-27 11:03:00,Sheep_8,30.999994151534754,-7.000009698697183
2025-08-27 11:03:00,Sheep_9,31.000065398396146,-6.999986387745457
2025-08-27 11:03:00,Sheep_10,30.999962874124126,-7.000017756491605
2025-08-27 11:03:30,Sheep_1,31.000027525600846,-6.999934339370634
2025-08-27 11:03:30,Sheep_2,30.994496381164385,-6.980076393429638
2025-08-27 11:03:30,Sheep_3,31.00005042126775,-6.999987750532393
2025-08-27 11:03:30,Sheep_4,30.999976600088075,-6.999983191264454
2025-08-27 11:03:30,Sheep_5,30.99992896835055,-6.999999893874091
2025-08-27 11:03:30,Sheep_6,31.00000883456269,-6.999970940951864
2025-08-27 11:03:30,Sheep_7,30.999972676178075,-6.999997305996113
2025-08-27 11:03:30,Sheep_8,30.999975060421505,-6.999991970736117
2025-08-27 11:03:30,Sheep_9,30.999975871011795,-7.000012830688153
2025-08-27 11:03:30,Sheep_10,30.99997316343708,-6.999979528280115
2025-08-27 11:04:00,Sheep_1,31.000023134686938,-7.000007376469437
2025-08-27 11:04:00,Sheep_2,30.99466244040503,-6.980566427936613
2025-08-27 11:04:00,Sheep_3,30.999991923913548,-7.000001578432886
2025-08-27 11:04:00,Sheep_4,31.00007062863163,-7.000034960237214
2025-08-27 11:04:00,Sheep_5,31.000039458603272,-6.99996865876561
2025-08-27 11:04:00,Sheep_6,31.000007562964548,-6.999944708981587
2025-08-27 11:04:00,Sheep_7,31.00001002799513,-6.999987764837015
2025-08-27 11:04:00,Sheep_8,30.999998568433714,-6.9999615310010235
2025-08-27 11:04:00,Sheep_9,31.000029549116974,-7.0000196712905
2025-08-27 11:04:00,Sheep_10,30.999964447165077,-7.00000638171013
2025-08-27 11:04:30,Sheep_1,30.999978439492516,-7.000001997212279
2025-08-27 11:04:30,Sheep_2,30.994820863620383,-6.98104472575133
2025-08-27 11:04:30,Sheep_3,30.99999884593834,-6.999998175765534
2025-08-27 11:04:30,Sheep_4,31.00002286464828,-7.000070642188382
2025-08-27 11:04:30,Sheep_5,30.99998364983036,-6.99999335724187
2025-08-27 11:04:30,Sheep_6,31.000032341330122,-7.000015465410262
2025-08-27 11:04:30,Sheep_7,30.99994942815201,-6.999980516275525
2025-08-27 11:04:30,Sheep_8,30.99998287740598,-7.00003740311326
2025-08-27 11:04:30,Sheep_9,30.99998317430678,-7.000005801476236
2025-08-27 11:04:30,Sheep_10,30.999983702533296,-7.000069342984782
2025-08-27 11:05:00,Sheep_1,31.000024175337682,-6.999959917935669
2025-08-27 11:05:00,Sheep_2,30.994947215037627,-6.981558061842279
2025-08-27 11:05:00,Sheep_3,30.9999945699371,-7.0000002050301156
2025-08-27 11:05:00,Sheep_4,31.00001613711075,-6.999978987378687
2025-08-27 11:05:00,Sheep_5,30.999980214504166,-6.999997422060154
2025-08-27 11:05:00,Sheep_6,31.000012323402927,-6.999954228954148
2025-08-27 11:05:00,Sheep_7,31.000018985982926,-6.999975192062061
2025-08-27 11:05:00,Sheep_8,31.0000022590719,-6.999955655172183
2025-08-27 11:05:00,Sheep_9,31.000011042834963,-7.00002707259919
2025-08-27 11:05:00,Sheep_10,31.000037819887805,-6.999978057924926
2025-08-27 11:05:30,Sheep_1,30.999988060258143,-7.000015075256274
2025-08-27 11:05:30,Sheep_2,30.995077716108067,-6.982023582847615
2025-08-27 11:05:30,Sheep_3,31.000005316895408,-6.999990212457008
2025-08-27 11:05:30,Sheep_4,31.000045812721197,-6.99996631068915
2025-08-27 11:05:30,Sheep_5,31.00000513750246,-6.999970405200485
2025-08-27 11:05:30,Sheep_6,30.99997217416717,-6.999987489175724
2025-08-27 11:05:30,Sheep_7,31.000048759603388,-7.000006855361759
2025-08-27 11:05:30,Sheep_8,30.99997715682909,-7.000020501671094
2025-08-27 11:05:30,Sheep_9,30.99997063511398,-7.0000246729101026
2025-08-27 11:05:30,Sheep_10,30.99999001505304,-7.000044191019402
2025-08-27 11:06:00,Sheep_1,31.000000420903717,-6.999971632410587
2025-08-27 11:06:00,Sheep_2,30.995192956932744,-6.982500522258198
2025-08-27 11:06:00,Sheep_3,31.000013765507237,-6.99996759855202
2025-08-27 11:06:00,Sheep_4,30.99998227179607,-6.9999731337315305
2025-08-27 11:06:00,Sheep_5,30.999970573107248,-6.999972010623439
2025-08-27 11:06:00,Sheep_6,31.000004630955978,-6.999982605784667
2025-08-27 11:06:00,Sheep_7,30.999968318506856,-7.00002814099095
2025-08-27 11:06:00,Sheep_8,31.000016094903476,-7.00002981605607
2025-08-27 11:06:00,Sheep_9,31.000012483101656,-7.000042982805164
2025-08-27 11:06:00,Sheep_10,31.000022857731206,-7.000038750526281
2025-08-27 11:06:30,Sheep_1,31.00001488411618,-6.999980330166865
2025-08-27 11:06:30,Sheep_2,30.995333625642566,-6.983019242413443
2025-08-27 11:06:30,Sheep_3,31.00000701874587,-7.000016941185014
2025-08-27 11:06:30,Sheep_4,30.9999728201217,-7.000061704941021
2025-08-27 11:06:30,Sheep_5,31.000009422836346,-7.00004919739058
2025-08-27 11:06:30,Sheep_6,31.000002569462794,-7.000008282810474
2025-08-27 11:06:30,Sheep_7,31.00001830244634,-7.000009496308853
2025-08-27 11:06:30,Sheep_8,30.99999112160116,-6.999976989989057
2025-08-27 11:06:30,Sheep_9,31.000009029591155,-6.999990060058434
2025-08-27 11:06:30,Sheep_10,31.0000126464496,-7.000048278379162
2025-08-27 11:07:00,Sheep_1,31.00002039495185,-6.999980743984463
2025-08-27 11:07:00,Sheep_2,30.995464756162093,-6.983535632858473
2025-08-27 11:07:00,Sheep_3,30.999998940694727,-7.000004228578167
2025-08-27 11:07:00,Sheep_4,31.000008997304164,-6.999954997836202
2025-08-27 11:07:00,Sheep_5,31.000029152894207,-7.000041256164271
2025-08-27 11:07:00,Sheep_6,31.000016764372717,-6.999958218343696
2025-08-27 11:07:00,Sheep_7,31.000010424232503,-6.999965699581394
2025-08-27 11:07:00,Sheep_8,31.000054229350855,-6.999967814577465
2025-08-27 11:07:00,Sheep_9,31.000006718700924,-6.999967142424086
2025-08-27 11:07:00,Sheep_10,31.000003904630788,-6.99999924848845
2025-08-27 11:07:30,Sheep_1,30.99999052961995,-6.999950846292542
2025-08-27 11:07:30,Sheep_2,30.9956051961637,-6.983997473755173
2025-08-27 11:07:30,Sheep_3,31.00001347100585,-7.000043994178489
2025-08-27 11:07:30,Sheep_4,31.00000990790405,-7.000066024821924
2025-08-27 11:07:30,Sheep_5,31.000016857025248,-6.999972168327012
2025-08-27 11:07:30,Sheep_6,30.999984036400765,-6.999996115661114
2025-08-27 11:07:30,Sheep_7,31.000052663243814,-7.000015900673618
2025-08-27 11:07:30,Sheep_8,30.999971463144437,-6.999953416510723
2025-08-27 11:07:30,Sheep_9,31.000052890420154,-6.999999883808098
2025-08-27 11:07:30,Sheep_10,31.000027258256434,-6.999957824004547
2025-08-27 11:08:00,Sheep_1,30.9999799905435,-7.000015258012811
2025-08-27 11:08:00,Sheep_2,30.99577889252026,-6.984493349528423
2025-08-27 11:08:00,Sheep_3,31.000015169265005,-7.000027661358466
2025-08-27 11:08:00,Sheep_4,31.000053549976062,-7.0000166937221255
2025-08-27 11:08:00,Sheep_5,30.99999096825958,-6.999989236900355
2025-08-27 11:08:00,Sheep_6,31.00004188359021,-6.999973150999964
2025-08-27 11:08:00,Sheep_7,31.000011180349453,-6.999985434211145
2025-08-27 11:08:00,Sheep_8,31.000001172691395,-6.999982452096714
2025-08-27 11:08:00,Sheep_9,30.999931830037433,-7.000009325336892
2025-08-27 11:08:00,Sheep_10,31.000006503465727,-7.000036187876499
2025-08-27 11:08:30,Sheep_1,31.000010411156605,-7.00000642857407
2025-08-27 11:08:30,Sheep_2,30.995925195740025,-6.984994772178321
2025-08-27 11:08:30,Sheep_3,30.999987446849556,-7.000004742336827
2025-08-27 11:08:30,Sheep_4,30.999998007162265,-7.000014200171462
2025-08-27 11:08:30,Sheep_5,31.000005255793678,-7.0000238403841015
2025-08-27 11:08:30,Sheep_6,30.9999695306683,-6.9999804219625235
2025-08-27 11:08:30,Sheep_7,31.000016965403816,-7.000025287683088
2025-08-27 11:08:30,Sheep_8,31.000024129233672,-7.000019856800353
2025-08-27 11:08:30,Sheep_9,31.000006822634873,-6.999974208388727
2025-08-27 11:08:30,Sheep_10,30.999999094163726,-6.999985702948208
2025-08-27 11:09:00,Sheep_1,30.999986082564394,-7.000006176908309
2025-08-27 11:09:00,Sheep_2,30.99602683607236,-6.98554246618992
2025-08-27 11:09:00,Sheep_3,30.999995236053813,-7.000048688550853
2025-08-27 11:09:00,Sheep_4,30.99998676373301,-7.0000089564839545
2025-08-27 11:09:00,Sheep_5,30.999993096125966,-7.0000075926783785
2025-08-27 11:09:00,Sheep_6,30.99999833549587,-6.999984926361291
2025-08-27 11:09:00,Sheep_7,31.000023567653813,-7.000020428615181
2025-08-27 11:09:00,Sheep_8,30.999967574536775,-7.000032761870626
2025-08-27 11:09:00,Sheep_9,30.99998687020514,-7.000011064404309
2025-08-27 11:09:00,Sheep_10,30.99997924911787,-7.000040749900841
2025-08-27 11:09:30,Sheep_1,30.999987707846905,-6.9999942959480554
2025-08-27 11:09:30,Sheep_2,30.996178103138902,-6.986037576740125
2025-08-27 11:09:30,Sheep_3,30.999988869983234,-7.000029135389766
2025-08-27 11:09:30,Sheep_4,30.999999152735256,-7.000026674591623
2025-08-27 11:09:30,Sheep_5,31.00001544541358,-7.000056147632747
2025-08-27 11:09:30,Sheep_6,30.99999030821939,-6.999990533186901
2025-08-27 11:09:30,Sheep_7,31.00000495421801,-6.999915331036322
2025-08-27 11:09:30,Sheep_8,31.000009426878133,-7.000031567471038
2025-08-27 11:09:30,Sheep_9,30.999997427302002,-7.000055845175017
2025-08-27 11:09:30,Sheep_10,30.999997827890336,-7.00002619127788
2025-08-27 11:10:00,Sheep_1,31.00002466915942,-7.00001727754323
2025-08-27 11:10:00,Sheep_2,30.996302192981613,-6.986538289689468
2025-08-27 11:10:00,Sheep_3,31.00004686088803,-7.000010099870811
2025-08-27 11:10:00,Sheep_4,31.000049386194128,-6.999974403073049
2025-08-27 11:10:00,Sheep_5,31.000012991377847,-6.999988407031863
2025-08-27 11:10:00,Sheep_6,31.00001061257541,-7.00006060601536
2025-08-27 11:10:00,Sheep_7,30.999992484277914,-6.999973428238005
2025-08-27 11:10:00,Sheep_8,30.99999868225341,-7.0000441791611046
2025-08-27 11:10:00,Sheep_9,30.999998587734893,-6.999946422931882
2025-08-27 11:10:00,Sheep_10,31.000033602902864,-7.000001949405716
2025-08-27 11:10:30,Sheep_1,31.00002564092554,-7.000011522978718
2025-08-27 11:10:30,Sheep_2,30.996410556804033,-6.987043420447637
2025-08-27 11:10:30,Sheep_3,31.00004211881338,-7.000008614340995
2025-08-27 11:10:30,Sheep_4,30.999993440963546,-7.0000094269112525
2025-08-27 11:10:30,Sheep_5,31.000051315215313,-6.999948879860587
2025-08-27 11:10:30,Sheep_6,31.00005979465236,-7.000005000380546
2025-08-27 11:10:30,Sheep_7,31.000007966883455,-7.000047683233466
2025-08-27 11:10:30,Sheep_8,31.00003980240099,-7.00003671498271
2025-08-27 11:10:30,Sheep_9,31.000005841957343,-7.000034499185472
2025-08-27 11:10:30,Sheep_10,30.99998413043047,-7.0000263235262565
2025-08-27 11:11:00,Sheep_1,30.99998361816581,-7.000016950014841
2025-08-27 11:11:00,Sheep_2,30.996568196739695,-6.9875056522126044
2025-08-27 11:11:00,Sheep_3,30.999970224682183,-6.99999306617874
2025-08-27 11:11:00,Sheep_4,31.000032823189517,-7.000016134890895
2025-08-27 11:11:00,Sheep_5,30.99998065256313,-7.000007247692956
2025-08-27 11:11:00,Sheep_6,31.00003179281014,-6.999993897257144
2025-08-27 11:11:00,Sheep_7,30.999985684127886,-6.999984786920731
2025-08-27 11:11:00,Sheep_8,30.99997029395931,-6.999978578060715
2025-08-27 11:11:00,Sheep_9,31.00001101169532,-7.00000967749665
2025-08-27 11:11:00,Sheep_10,30.999977400670183,-7.000027877243351
2025-08-27 11:11:30,Sheep_1,31.000014412971694,-6.999961360859718
2025-08-27 11:11:30,Sheep_2,30.996703475163603,-6.988012586349188
2025-08-27 11:11:30,Sheep_3,30.999943756009202,-7.000018380378257
2025-08-27 11:11:30,Sheep_4,30.999999162982405,-7.0000286004416585
2025-08-27 11:11:30,Sheep_5,30.999974761775743,-7.000020994985606
2025-08-27 11:11:30,Sheep_6,31.00000787439979,-7.000005889623315
2025-08-27 11:11:30,Sheep_7,30.99993968115613,-7.000066674801209
2025-08-27 11:11:30,Sheep_8,30.99998364538687,-6.9999856103362355
2025-08-27 11:11:30,Sheep_9,30.999925956570895,-7.000015711514007
2025-08-27 11:11:30,Sheep_10,30.99998581797009,-6.999956350667841
2025-08-27 11:12:00,Sheep_1,30.99998962391812,-6.999987958828413
2025-08-27 11:12:00,Sheep_2,30.996854341151998,-6.988565926042945
2025-08-27 11:12:00,Sheep_3,31.000020702673822,-6.999993227935046
2025-08-27 11:12:00,Sheep_4,31.000013697501966,-6.999876559107967
2025-08-27 11:12:00,Sheep_5,30.999943834541696,-6.999945775546757
2025-08-27 11:12:00,Sheep_6,30.999992253480432,-6.999990966380816
2025-08-27 11:12:00,Sheep_7,30.999998773475244,-7.000013337988004
2025-08-27 11:12:00,Sheep_8,30.99998464338138,-6.999989640247154
2025-08-27 11:12:00,Sheep_9,30.999959113177415,-6.999976401795075
2025-08-27 11:12:00,Sheep_10,30.999988783837452,-7.000035529373844
2025-08-27 11:12:30,Sheep_1,30.999987872452625,-6.9999604752354925
2025-08-27 11:12:30,Sheep_2,30.99697906346245,-6.9890128314352244
2025-08-27 11:12:30,Sheep_3,30.999980301214272,-6.9999761709411805
2025-08-27 11:12:30,Sheep_4,31.000018473977867,-6.999941879748383
2025-08-27 11:12:30,Sheep_5,30.999995268668375,-6.999978977496593
2025-08-27 11:12:30,Sheep_6,31.000002642855,-6.99995925779826
2025-08-27 11:12:30,Sheep_7,30.999980627944996,-6.999976577037034
2025-08-27 11:12:30,Sheep_8,30.999994753037296,-7.0000020180759375
2025-08-27 11:12:30,Sheep_9,31.000002472668463,-6.999992069563315
2025-08-27 11:12:30,Sheep_10,30.99999686770455,-6.9999932494186945
2025-08-27 11:13:00,Sheep_1,31.000042529232598,-6.9999690174672695
2025-08-27 11:13:00,Sheep_2,30.997141174955562,-6.989528967973027
2025-08-27 11:13:00,Sheep_3,30.9999760355508,-6.999969965355669
2025-08-27 11:13:00,Sheep_4,31.000023608878706,-6.999953699242003
2025-08-27 11:13:00,Sheep_5,30.999983723123627,-7.00000721700847
2025-08-27 11:13:00,Sheep_6,30.99995581699167,-7.000012339289429
2025-08-27 11:13:00,Sheep_7,31.00002685691279,-7.000014666612174
2025-08-27 11:13:00,Sheep_8,31.000017260504723,-7.000005989416612
2025-08-27 11:13:00,Sheep_9,31.000008733121494,-7.000036083411024
2025-08-27 11:13:00,Sheep_10,31.000002296338025,-7.000094041298579
2025-08-27 11:13:30,Sheep_1,30.999994963272776,-7.000051262069872
2025-08-27 11:13:30,Sheep_2,30.997284104814543,-6.990002200655406
2025-08-27 11:13:30,Sheep_3,31.000012576472745,-6.999952179572531
2025-08-27 11:13:30,Sheep_4,30.999974427330557,-6.999945062910607
2025-08-27 11:13:30,Sheep_5,31.000025121942983,-7.000007437296937
2025-08-27 11:13:30,Sheep_6,31.000030604208064,-7.000034781861984
2025-08-27 11:13:30,Sheep_7,30.99997777989144,-7.000019134057573
2025-08-27 11:13:30,Sheep_8,30.999985744402405,-7.000033218166514
2025-08-27 11:13:30,Sheep_9,31.000032961275615,-7.000008138380933
2025-08-27 11:13:30,Sheep_10,31.00000949977457,-7.000017931843843
2025-08-27 11:14:00,Sheep_1,30.999950935951297,-6.999991509398128
2025-08-27 11:14:00,Sheep_2,30.99736495976487,-6.990519008924509
2025-08-27 11:14:00,Sheep_3,30.999963124819292,-6.999937520053445
2025-08-27 11:14:00,Sheep_4,31.000024560619533,-6.9999966751013805
2025-08-27 11:14:00,Sheep_5,31.000034056054915,-7.000026608169707
2025-08-27 11:14:00,Sheep_6,31.000014646407976,-6.999993717961056
2025-08-27 11:14:00,Sheep_7,31.000007115165683,-6.99995999721291
2025-08-27 11:14:00,Sheep_8,31.000019740175247,-6.999990922529618
2025-08-27 11:14:00,Sheep_9,30.999955401883682,-7.000030183850277
2025-08-27 11:14:00,Sheep_10,30.99999669307581,-6.999997064373063
2025-08-27 11:14:30,Sheep_1,30.999969541760922,-6.999924176898499
2025-08-27 11:14:30,Sheep_2,30.99756343775728,-6.991004025201817
2025-08-27 11:14:30,Sheep_3,31.000001941345523,-7.000006671848854
2025-08-27 11:14:30,Sheep_4,30.99997434643029,-6.999997564012921
2025-08-27 11:14:30,Sheep_5,31.000006946259617,-7.000039040945707
2025-08-27 11:14:30,Sheep_6,31.0000090058323,-7.000004881343647
2025-08-27 11:14:30,Sheep_7,30.99994858585453,-7.000027050500037
2025-08-27 11:14:30,Sheep_8,30.999988853605817,-6.99994065111037
2025-08-27 11:14:30,Sheep_9,31.000014998736738,-7.000041987533234
2025-08-27 11:14:30,Sheep_10,31.000013098354906,-7.000048647228956
2025-08-27 11:15:00,Sheep_1,31.000029177804183,-7.000014812156478
2025-08-27 11:15:00,Sheep_2,30.997671389711698,-6.991487932151182
2025-08-27 11:15:00,Sheep_3,30.999965311797467,-7.000043925388105
2025-08-27 11:15:00,Sheep_4,30.999984272386104,-6.999967353374599
2025-08-27 11:15:00,Sheep_5,30.99995905463325,-7.000089042956527
2025-08-27 11:15:00,Sheep_6,30.999987841568675,-6.999982653272266
2025-08-27 11:15:00,Sheep_7,31.00003234625628,-7.000014561790693
2025-08-27 11:15:00,Sheep_8,30.999988912326433,-6.999963721367221
2025-08-27 11:15:00,Sheep_9,30.999949611704103,-7.000012215091049
2025-08-27 11:15:00,Sheep_10,31.00000513179725,-6.999985876565858
2025-08-27 11:15:30,Sheep_1,30.999986261048512,-6.99999891717478
2025-08-27 11:15:30,Sheep_2,30.997765244272646,-6.992028592972874
2025-08-27 11:15:30,Sheep_3,31.000012221758332,-7.000030883319069
2025-08-27 11:15:30,Sheep_4,31.000001589585562,-6.999985950331017
2025-08-27 11:15:30,Sheep_5,30.999990768526747,-6.999994640619971
2025-08-27 11:15:30,Sheep_6,30.99997405499734,-7.000006495857504
2025-08-27 11:15:30,Sheep_7,31.000016444920128,-6.999995064770965
2025-08-27 11:15:30,Sheep_8,30.999984193372182,-6.999992950637474
2025-08-27 11:15:30,Sheep_9,31.00001925825882,-7.000064450142596
2025-08-27 11:15:30,Sheep_10,31.000031236275557,-7.000010571847146
2025-08-27 11:16:00,Sheep_1,31.000011466670855,-6.9999623585632635
2025-08-27 11:16:00,Sheep_2,30.997922184439428,-6.9925287412138415
2025-08-27 11:16:00,Sheep_3,30.99999222380446,-7.000024641206421
2025-08-27 11:16:00,Sheep_4,31.00004675538742,-7.000026936909948
2025-08-27 11:16:00,Sheep_5,30.99998502838359,-6.999993574009963
2025-08-27 11:16:00,Sheep_6,30.9999676028694,-7.0000124401994155
2025-08-27 11:16:00,Sheep_7,31.000008555154363,-7.000010465129295
2025-08-27 11:16:00,Sheep_8,30.999997483286233,-7.000016642198722
2025-08-27 11:16:00,Sheep_9,30.999959186031912,-6.999989889111193
2025-08-27 11:16:00,Sheep_10,31.00004729427969,-6.999999421452829
2025-08-27 11:16:30,Sheep_1,31.000006070718214,-6.999978220800365
2025-08-27 11:16:30,Sheep_2,30.998060901277867,-6.992977261876449
2025-08-27 11:16:30,Sheep_3,31.000005452626567,-6.999948694428011
2025-08-27 11:16:30,Sheep_4,30.999980245248054,-6.99994284014309
2025-08-27 11:16:30,Sheep_5,31.00002088992528,-6.999982612422723
2025-08-27 11:16:30,Sheep_6,31.000006306803478,-7.000007813738394
2025-08-27 11:16:30,Sheep_7,31.00003235353014,-6.999995587086459
2025-08-27 11:16:30,Sheep_8,30.999946988779097,-7.000035124336251
2025-08-27 11:16:30,Sheep_9,30.999994991580518,-6.999990253633664
2025-08-27 11:16:30,Sheep_10,30.99999847497784,-6.9999616755650305
2025-08-27 11:17:00,Sheep_1,30.99994741910176,-6.999995485596061
2025-08-27 11:17:00,Sheep_2,30.99818792224981,-6.993496098255001
2025-08-27 11:17:00,Sheep_3,30.999997454400436,-6.999986807464773
2025-08-27 11:17:00,Sheep_4,30.99997671892848,-6.9999597736295405
2025-08-27 11:17:00,Sheep_5,31.00002807378721,-6.999981653370303
2025-08-27 11:17:00,Sheep_6,30.999996509596293,-6.99998176929012
2025-08-27 11:17:00,Sheep_7,30.9999809497152,-6.999973101334756
2025-08-27 11:17:00,Sheep_8,31.000044452413608,-6.999966340009845
2025-08-27 11:17:00,Sheep_9,30.999980337698442,-6.99998863704152
2025-08-27 11:17:00,Sheep_10,30.99996515069501,-6.999982004051745
2025-08-27 11:17:30,Sheep_1,31.00001214346244,-7.000058787015496
2025-08-27 11:17:30,Sheep_2,30.998336589720314,-6.994017031656656
2025-08-27 11:17:30,Sheep_3,30.99999189202981,-7.00003802594824
2025-08-27 11:17:30,Sheep_4,31.00001048271818,-6.999992093671109
2025-08-27 11:17:30,Sheep_5,30.999994764576034,-7.000023762080635
2025-08-27 11:17:30,Sheep_6,31.00002826195993,-6.999947954009411
2025-08-27 11:17:30,Sheep_7,30.999986968339456,-7.00001924652453
2025-08-27 11:17:30,Sheep_8,31.00001323772005,-7.000011256441742
2025-08-27 11:17:30,Sheep_9,30.999996243338106,-6.999976745308952
2025-08-27 11:17:30,Sheep_10,30.999948544122688,-6.999958552582111
2025-08-27 11:18:00,Sheep_1,31.000001958691815,-7.000012937342216
2025-08-27 11:18:00,Sheep_2,30.998492737505376,-6.99451095979146
2025-08-27 11:18:00,Sheep_3,30.99995334527569,-6.999952999150299
2025-08-27 11:18:00,Sheep_4,31.000001113698318,-6.99998607201544
2025-08-27 11:18:00,Sheep_5,31.000025643633773,-7.000032105342085
2025-08-27 11:18:00,Sheep_6,31.000012759752938,-7.0000084146344355
2025-08-27 11:18:00,Sheep_7,31.0000228199095,-7.000066880018471
2025-08-27 11:18:00,Sheep_8,30.999997329474482,-7.000018952678124
2025-08-27 11:18:00,Sheep_9,31.000011649199173,-6.999985221813318
2025-08-27 11:18:00,Sheep_10,30.999980929952528,-7.000022390742398
2025-08-27 11:18:30,Sheep_1,30.99999701764188,-7.000028190426726
2025-08-27 11:18:30,Sheep_2,30.998646346091014,-6.99501698613692
2025-08-27 11:18:30,Sheep_3,30.99992165859991,-7.000011784403412
2025-08-27 11:18:30,Sheep_4,30.9999720119344,-7.000051287302723
2025-08-27 11:18:30,Sheep_5,30.99996665217468,-6.999996560198244
2025-08-27 11:18:30,Sheep_6,31.000035805987107,-6.999990153481853
2025-08-27 11:18:30,Sheep_7,30.999983655136862,-6.999985666374595
2025-08-27 11:18:30,Sheep_8,30.99998762782132,-7.0000218382318105
2025-08-27 11:18:30,Sheep_9,30.999968890693452,-7.000055077488111
2025-08-27 11:18:30,Sheep_10,30.99998949181531,-6.99999503079914
2025-08-27 11:19:00,Sheep_1,30.999997396056322,-7.0000130779979415
2025-08-27 11:19:00,Sheep_2,30.998751105456282,-6.995495573961848
2025-08-27 11:19:00,Sheep_3,30.999964504170322,-6.9999756016866295
2025-08-27 11:19:00,Sheep_4,30.999972990917563,-7.00002365655975
2025-08-27 11:19:00,Sheep_5,30.999960471114157,-7.000015764080758
2025-08-27 11:19:00,Sheep_6,31.000026284022418,-6.999983788655717
2025-08-27 11:19:00,Sheep_7,31.000026367825512,-6.9999835838412094
2025-08-27 11:19:00,Sheep_8,30.999970256831787,-7.000010400011405
2025-08-27 11:19:00,Sheep_9,30.999978974152107,-6.999958166732289
2025-08-27 11:19:00,Sheep_10,30.999967747341543,-6.99997190214953
2025-08-27 11:19:30,Sheep_1,31.00002406451321,-6.9999424767508565
2025-08-27 11:19:30,Sheep_2,30.99889761453812,-6.995992467774405
2025-08-27 11:19:30,Sheep_3,31.000061489000267,-7.000019418650948
2025-08-27 11:19:30,Sheep_4,30.999958631685747,-7.000059107505192
2025-08-27 11:19:30,Sheep_5,31.000019207115404,-7.00005920623225
2025-08-27 11:19:30,Sheep_6,30.99998996624902,-6.999986250875789
2025-08-27 11:19:30,Sheep_7,31.00000499035762,-6.999986624015795
2025-08-27 11:19:30,Sheep_8,31.000005990563846,-6.999959792465818
2025-08-27 11:19:30,Sheep_9,30.999974335706593,-7.000021284723453
2025-08-27 11:19:30,Sheep_10,30.999979177341576,-6.999973898773972
2025-08-27 11:20:00,Sheep_1,31.000024265143416,-6.9999858134784265
2025-08-27 11:20:00,Sheep_2,30.99906311608836,-6.996531165021029
2025-08-27 11:20:00,Sheep_3,31.00004493058152,-6.999952109386058
2025-08-27 11:20:00,Sheep_4,31.00001982452382,-6.999943980252046
2025-08-27 11:20:00,Sheep_5,30.999955355105794,-7.000016488646538
2025-08-27 11:20:00,Sheep_6,30.99998018406053,-6.999977316694004
2025-08-27 11:20:00,Sheep_7,30.999971699405148,-6.999976184356645
2025-08-27 11:20:00,Sheep_8,31.000036935038015,-6.99997814282462
2025-08-27 11:20:00,Sheep_9,31.000007646901466,-7.000031058732439
2025-08-27 11:20:00,Sheep_10,30.999977177929406,-6.999960711988447
2025-08-27 11:20:30,Sheep_1,31.000021002937583,-7.000001226773476
2025-08-27 11:20:30,Sheep_2,30.999171223037955,-6.997048009458846
2025-08-27 11:20:30,Sheep_3,30.999971141239165,-6.9999399049943465
2025-08-27 11:20:30,Sheep_4,30.999965492573544,-6.999994042755456
2025-08-27 11:20:30,Sheep_5,31.000027149945378,-7.000039454761824
2025-08-27 11:20:30,Sheep_6,31.00000497782451,-6.999970511940626
2025-08-27 11:20:30,Sheep_7,31.000000336848416,-6.999909817423606
2025-08-27 11:20:30,Sheep_8,30.999955032359175,-6.999966713580807
2025-08-27 11:20:30,Sheep_9,30.999995343108047,-6.99997573083455
2025-08-27 11:20:30,Sheep_10,31.000011892934378,-7.00002305042683
2025-08-27 11:21:00,Sheep_1,31.00000617130055,-7.000058412411478
2025-08-27 11:21:00,Sheep_2,30.999326447491303,-6.997498374377311
2025-08-27 11:21:00,Sheep_3,31.000017211466997,-6.999966732765642
2025-08-27 11:21:00,Sheep_4,31.000009907110318,-6.9999953440694505
2025-08-27 11:21:00,Sheep_5,30.999976255794017,-7.000022392216917
2025-08-27 11:21:00,Sheep_6,31.00003198170913,-6.999954841622694
2025-08-27 11:21:00,Sheep_7,30.999993583082027,-6.999998553673878
2025-08-27 11:21:00,Sheep_8,30.999975621243937,-6.999963128531194
2025-08-27 11:21:00,Sheep_9,31.000017932541063,-6.999938968134406
2025-08-27 11:21:00,Sheep_10,30.999976329776935,-7.0000118845662795
2025-08-27 11:21:30,Sheep_1,31.00000623731376,-6.999979674372467
2025-08-27 11:21:30,Sheep_2,30.999448612796527,-6.998021996283413
2025-08-27 11:21:30,Sheep_3,31.000023753346987,-6.999977327508143
2025-08-27 11:21:30,Sheep_4,30.999975307022083,-6.99995738488574
2025-08-27 11:21:30,Sheep_5,31.000031536077323,-6.99999577771886
2025-08-27 11:21:30,Sheep_6,31.000002145109477,-6.999982580426704
2025-08-27 11:21:30,Sheep_7,30.999976777675073,-6.999999055810459
2025-08-27 11:21:30,Sheep_8,30.99994199469427,-6.999972444239295
2025-08-27 11:21:30,Sheep_9,30.99995791879566,-6.9999527324888104
2025-08-27 11:21:30,Sheep_10,30.999991103482916,-7.000006654808756
2025-08-27 11:22:00,Sheep_1,30.999983082988518,-7.000009055940622
2025-08-27 11:22:00,Sheep_2,30.99961485129832,-6.99855491872698
2025-08-27 11:22:00,Sheep_3,31.000034413368294,-6.9999893725436015
2025-08-27 11:22:00,Sheep_4,30.999967471568958,-7.000033807815761
2025-08-27 11:22:00,Sheep_5,31.000045177677702,-7.000029726731138
2025-08-27 11:22:00,Sheep_6,30.99996891797043,-6.999964242837003
2025-08-27 11:22:00,Sheep_7,31.000009123774962,-7.0000294883750005
2025-08-27 11:22:00,Sheep_8,31.000005837899085,-7.000032249658768
2025-08-27 11:22:00,Sheep_9,31.000029666404917,-6.999966630502665
2025-08-27 11:22:00,Sheep_10,31.000014337213408,-6.999988629378211
2025-08-27 11:22:30,Sheep_1,31.000047462849214,-7.000000009861865
2025-08-27 11:22:30,Sheep_2,30.999705009950066,-6.998992428539493
2025-08-27 11:22:30,Sheep_3,31.000056217581285,-7.00003190403292
2025-08-27 11:22:30,Sheep_4,30.99999025881872,-6.999986906938838
2025-08-27 11:22:30,Sheep_5,30.99999854730015,-7.000030883619199
2025-08-27 11:22:30,Sheep_6,31.00003023332347,-6.9999270579323785
2025-08-27 11:22:30,Sheep_7,31.000005285612442,-7.000028423902089
2025-08-27 11:22:30,Sheep_8,30.999958256543522,-6.9999918892365605
2025-08-27 11:22:30,Sheep_9,31.0000297487606,-6.999985060728647
2025-08-27 11:22:30,Sheep_10,30.999999935218085,-7.000018526697512
2025-08-27 11:23:00,Sheep_1,30.999970566916115,-6.999973755422862
2025-08-27 11:23:00,Sheep_2,30.999879538907553,-6.999533323246232
2025-08-27 11:23:00,Sheep_3,31.000042845103618,-6.999981951203952
2025-08-27 11:23:00,Sheep_4,31.000037718145308,-7.000042196489078
2025-08-27 11:23:00,Sheep_5,30.999963191946943,-7.000004683594285
2025-08-27 11:23:00,Sheep_6,31.00001354970608,-6.999943522425544
2025-08-27 11:23:00,Sheep_7,31.00001902835736,-7.0000076298980165
2025-08-27 11:23:00,Sheep_8,30.999972340032134,-6.999961328788715
2025-08-27 11:23:00,Sheep_9,30.999974001830065,-6.9999488009575375
2025-08-27 11:23:00,Sheep_10,30.99999233602274,-6.99994999210833
2025-08-27 11:23:30,Sheep_1,31.000018296746948,-7.00000430713744
2025-08-27 11:23:30,Sheep_2,30.9999906684087,-7.000007145427867
2025-08-27 11:23:30,Sheep_3,31.000011542850135,-6.99999757420018
2025-08-27 11:23:30,Sheep_4,30.99998399717729,-7.000005207450635
2025-08-27 11:23:30,Sheep_5,31.00000211759872,-7.000066927388295
2025-08-27 11:23:30,Sheep_6,31.000012347326127,-7.000030802429951
2025-08-27 11:23:30,Sheep_7,30.99996891845841,-7.000053050097052
2025-08-27 11:23:30,Sheep_8,30.999951655789673,-7.000042615262091
2025-08-27 11:23:30,Sheep_9,30.999980892356515,-6.99993858954339
2025-08-27 11:23:30,Sheep_10,30.999985827892313,-6.999994411537631
2025-08-27 11:24:00,Sheep_1,31.000010792707148,-6.999995879311261
2025-08-27 11:24:00,Sheep_2,30.999997912950214,-7.000037580029395
2025-08-27 11:24:00,Sheep_3,30.999579783546523,-7.000021277718767
2025-08-27 11:24:00,Sheep_4,30.99995465346674,-7.000032195453302
2025-08-27 11:24:00,Sheep_5,30.999992459297278,-7.000030325063001
2025-08-27 11:24:00,Sheep_6,31.000013635435327,-7.000022896874063
2025-08-27 11:24:00,Sheep_7,31.000058346821806,-6.9999625691587
2025-08-27 11:24:00,Sheep_8,31.000005728728816,-6.999967711557494
2025-08-27 11:24:00,Sheep_9,31.00002980328129,-7.000017730505943
2025-08-27 11:24:00,Sheep_10,30.99997800348784,-6.999997543182527
2025-08-27 11:24:30,Sheep_1,31.00002322052078,-6.999995627941827
2025-08-27 11:24:30,Sheep_2,30.999957500993112,-7.0000252407961305
2025-08-27 11:24:30,Sheep_3,30.999106102702815,-7.000119899058459
2025-08-27 11:24:30,Sheep_4,31.000053158700418,-7.0000435754533346
2025-08-27 11:24:30,Sheep_5,31.000013625293978,-6.999953182292012
2025-08-27 11:24:30,Sheep_6,31.000061214060693,-7.000012714252775
2025-08-27 11:24:30,Sheep_7,31.000013243697072,-6.999982086737483
2025-08-27 11:24:30,Sheep_8,31.00000526810272,-7.000003107692587
2025-08-27 11:24:30,Sheep_9,31.000011749246934,-7.000079613803081
2025-08-27 11:24:30,Sheep_10,31.00001838131935,-6.999996032967398
2025-08-27 11:25:00,Sheep_1,30.999994004449423,-6.999935646663753
2025-08-27 11:25:00,Sheep_2,30.999981810976855,-7.000012672706894
2025-08-27 11:25:00,Sheep_3,30.998696928265463,-7.000194909663421
2025-08-27 11:25:00,Sheep_4,30.999985174758812,-7.000004622478509
2025-08-27 11:25:00,Sheep_5,31.000022657235416,-6.999993466690304
2025-08-27 11:25:00,Sheep_6,30.999965164606166,-7.000016731376716
2025-08-27 11:25:00,Sheep_7,30.999983632201765,-7.00000242782924
2025-08-27 11:25:00,Sheep_8,31.00001147620352,-6.99998685161332
2025-08-27 11:25:00,Sheep_9,30.999952137663833,-6.999966549701165
2025-08-27 11:25:00,Sheep_10,31.000006806562503,-6.99995647031999
2025-08-27 11:25:30,Sheep_1,31.000011970849638,-6.999965374412227
2025-08-27 11:25:30,Sheep_2,31.000012573086007,-6.999957674669582
2025-08-27 11:25:30,Sheep_3,30.99822424630328,-7.000238678518545
2025-08-27 11:25:30,Sheep_4,31.000061240605113,-6.999972048677734
2025-08-27 11:25:30,Sheep_5,31.00001546203075,-7.0000401270038815
2025-08-27 11:25:30,Sheep_6,30.999965280966112,-6.999990797026841
2025-08-27 11:25:30,Sheep_7,31.000003921699545,-7.000019308010088
2025-08-27 11:25:30,Sheep_8,31.000003799390036,-6.999950053578064
2025-08-27 11:25:30,Sheep_9,31.00001874063442,-7.000035873301311
2025-08-27 11:25:30,Sheep_10,30.999996994911236,-7.000025308141759
2025-08-27 11:26:00,Sheep_1,30.999989551744978,-7.000013004074267
2025-08-27 11:26:00,Sheep_2,30.999987127769064,-7.000039461449235
2025-08-27 11:26:00,Sheep_3,30.997766285817,-7.0003075331031965
2025-08-27 11:26:00,Sheep_4,30.999921053305155,-6.999935454570769
2025-08-27 11:26:00,Sheep_5,31.000029341618422,-7.000011830892735
2025-08-27 11:26:00,Sheep_6,31.00000050716088,-7.000036836806276
2025-08-27 11:26:00,Sheep_7,31.000045698604325,-6.999940349253805
2025-08-27 11:26:00,Sheep_8,31.000004222791816,-6.999967820202141
2025-08-27 11:26:00,Sheep_9,31.00000472386217,-7.000042026640493
2025-08-27 11:26:00,Sheep_10,30.999988901633966,-6.999995852185446
2025-08-27 11:26:30,Sheep_1,30.99998775024114,-7.000006874457847
2025-08-27 11:26:30,Sheep_2,30.999997536842685,-7.000002542819531
2025-08-27 11:26:30,Sheep_3,30.997323234035168,-7.000377169601332
2025-08-27 11:26:30,Sheep_4,30.99998067689142,-7.000040387322294
2025-08-27 11:26:30,Sheep_5,31.00002635147906,-7.000066201528345
2025-08-27 11:26:30,Sheep_6,31.000031088492904,-6.9999564131825265
2025-08-27 11:26:30,Sheep_7,30.999991856434054,-7.000081842615815
2025-08-27 11:26:30,Sheep_8,30.999990262920537,-7.00000201794968
2025-08-27 11:26:30,Sheep_9,30.99997276504977,-7.000016198463486
2025-08-27 11:26:30,Sheep_10,31.00004123774341,-6.999979094693651
2025-08-27 11:27:00,Sheep_1,30.999975083611723,-7.000050228509162
2025-08-27 11:27:00,Sheep_2,30.999991187100676,-7.000006711079976
2025-08-27 11:27:00,Sheep_3,30.99688492583086,-7.0004253161131835
2025-08-27 11:27:00,Sheep_4,31.000013784573536,-6.999939158767556
2025-08-27 11:27:00,Sheep_5,31.00002197721045,-7.000001511902408
2025-08-27 11:27:00,Sheep_6,30.999995064216556,-7.00001121380139
2025-08-27 11:27:00,Sheep_7,31.00003181748776,-7.000019722731312
2025-08-27 11:27:00,Sheep_8,31.000001218721945,-6.999998390338245
2025-08-27 11:27:00,Sheep_9,30.999986477249564,-7.000043150309325
2025-08-27 11:27:00,Sheep_10,31.000008703948176,-7.000001917964542
2025-08-27 11:27:30,Sheep_1,31.000013481148116,-7.000016776390718
2025-08-27 11:27:30,Sheep_2,31.000032900322463,-7.00002756576289
2025-08-27 11:27:30,Sheep_3,30.99646048576165,-7.000509882885551
2025-08-27 11:27:30,Sheep_4,31.000011716764227,-6.999985052461939
2025-08-27 11:27:30,Sheep_5,30.999978560265866,-6.999986657056913
2025-08-27 11:27:30,Sheep_6,31.00003448217759,-7.0000696967721945
2025-08-27 11:27:30,Sheep_7,31.00001354863836,-7.000078388420966
2025-08-27 11:27:30,Sheep_8,30.99997397597547,-6.999948779018391
2025-08-27 11:27:30,Sheep_9,30.99998432136094,-7.000036906779666
2025-08-27 11:27:30,Sheep_10,30.99999466570978,-6.999934985036029
2025-08-27 11:28:00,Sheep_1,30.999950637381048,-7.0000330531778765
2025-08-27 11:28:00,Sheep_2,31.000040354788442,-6.9999415938484715
2025-08-27 11:28:00,Sheep_3,30.995981584452682,-7.000558379524637
2025-08-27 11:28:00,Sheep_4,31.000056481589162,-6.999949870739917
2025-08-27 11:28:00,Sheep_5,31.00001829716999,-7.000025541925411
2025-08-27 11:28:00,Sheep_6,30.999998678691856,-7.000005041720072
2025-08-27 11:28:00,Sheep_7,31.000008916222725,-6.9999543805227145
2025-08-27 11:28:00,Sheep_8,31.000023699704666,-7.000033872697973
2025-08-27 11:28:00,Sheep_9,31.0000370956643,-6.99999015512723
2025-08-27 11:28:00,Sheep_10,31.00001851596647,-6.999953891963399
2025-08-27 11:28:30,Sheep_1,30.9999700436512,-7.000001126355999
2025-08-27 11:28:30,Sheep_2,30.999985677653125,-7.000049293491765
2025-08-27 11:28:30,Sheep_3,30.995543387648027,-7.00053892332217
2025-08-27 11:28:30,Sheep_4,30.999950411127976,-7.000001014902235
2025-08-27 11:28:30,Sheep_5,31.0000172622063,-6.999996130422012
2025-08-27 11:28:30,Sheep_6,30.999996951274188,-7.000040847355367
2025-08-27 11:28:30,Sheep_7,31.000006273447976,-7.000023792655302
2025-08-27 11:28:30,Sheep_8,30.9999409830658,-6.999962442027115
2025-08-27 11:28:30,Sheep_9,31.000025827860757,-6.99999837577917
2025-08-27 11:28:30,Sheep_10,31.00000617341057,-6.999966223447552
2025-08-27 11:29:00,Sheep_1,31.00000604580462,-6.999971577693018
2025-08-27 11:29:00,Sheep_2,30.99999198305244,-6.999958751238429
2025-08-27 11:29:00,Sheep_3,30.995096637745036,-7.000646654764144
2025-08-27 11:29:00,Sheep_4,30.999965772697934,-6.999990978109509
2025-08-27 11:29:00,Sheep_5,30.999977579368014,-7.000020067605434
2025-08-27 11:29:00,Sheep_6,30.999978026168836,-7.000033522420432
2025-08-27 11:29:00,Sheep_7,31.00005726117687,-6.999958142707166
2025-08-27 11:29:00,Sheep_8,31.000051752627616,-7.000038447812732
2025-08-27 11:29:00,Sheep_9,31.000001920241193,-7.000040667872668
2025-08-27 11:29:00,Sheep_10,30.999981251485522,-7.000028865907341
2025-08-27 11:29:30,Sheep_1,31.00003340596496,-7.000012457458914
2025-08-27 11:29:30,Sheep_2,31.000028792112836,-6.999981006442533
2025-08-27 11:29:30,Sheep_3,30.994685977983583,-7.000740887791536
2025-08-27 11:29:30,Sheep_4,31.000033935498738,-6.9999639559053
2025-08-27 11:29:30,Sheep_5,30.99997376808737,-6.9999683357334055
2025-08-27 11:29:30,Sheep_6,31.0000090588833,-7.00000715185237
2025-08-27 11:29:30,Sheep_7,30.999977795486338,-7.000022608797224
2025-08-27 11:29:30,Sheep_8,31.00005524107337,-6.999999978532176
2025-08-27 11:29:30,Sheep_9,31.00002107788362,-7.000024865872238
2025-08-27 11:29:30,Sheep_10,30.99997898348151,-6.99996598240351
2025-08-27 11:30:00,Sheep_1,30.99996362981823,-7.000013054318594
2025-08-27 11:30:00,Sheep_2,31.00000091701611,-6.999996498446007
2025-08-27 11:30:00,Sheep_3,30.99419508852282,-7.0007607388186734
2025-08-27 11:30:00,Sheep_4,31.000018672002042,-6.9999769029995855
2025-08-27 11:30:00,Sheep_5,30.99997343324267,-7.000008933834726
2025-08-27 11:30:00,Sheep_6,31.000032198064908,-6.999971872297312
2025-08-27 11:30:00,Sheep_7,30.99996300235039,-6.999988949473853
2025-08-27 11:30:00,Sheep_8,30.999946688144554,-6.999998524366935
2025-08-27 11:30:00,Sheep_9,31.00005114355956,-7.000029801741851
2025-08-27 11:30:00,Sheep_10,30.99997751554854,-6.999975978907843
2025-08-27 11:30:30,Sheep_1,30.99995842252474,-7.000019893814682
2025-08-27 11:30:30,Sheep_2,31.000016073692173,-7.000019941943585
2025-08-27 11:30:30,Sheep_3,30.993747782521183,-7.0008125936239
2025-08-27 11:30:30,Sheep_4,31.00001136038673,-6.999991611231079
2025-08-27 11:30:30,Sheep_5,30.999990860880004,-6.999988365280558
2025-08-27 11:30:30,Sheep_6,30.999996665486524,-6.999985606594126
2025-08-27 11:30:30,Sheep_7,30.999986608012257,-7.000005739967556
2025-08-27 11:30:30,Sheep_8,30.999973321295567,-7.000001100639067
2025-08-27 11:30:30,Sheep_9,30.99997814406584,-7.000035025614305
2025-08-27 11:30:30,Sheep_10,31.00000697074599,-6.999993311462609
2025-08-27 11:31:00,Sheep_1,31.00002109792674,-7.000013554585552
2025-08-27 11:31:00,Sheep_2,31.00001099675297,-6.999982682927338
2025-08-27 11:31:00,Sheep_3,30.99331372877426,-7.000904654005695
2025-08-27 11:31:00,Sheep_4,31.000004025246557,-6.999988551431082
2025-08-27 11:31:00,Sheep_5,31.000000193454913,-7.000065598846176
2025-08-27 11:31:00,Sheep_6,31.000004325088682,-6.999930438036213
2025-08-27 11:31:00,Sheep_7,30.999990297181043,-7.000022890739977
2025-08-27 11:31:00,Sheep_8,31.0000100614955,-6.99999017883077
2025-08-27 11:31:00,Sheep_9,31.000032143419837,-7.0000395473679475
2025-08-27 11:31:00,Sheep_10,31.00001971021162,-6.999981437133621
2025-08-27 11:31:30,Sheep_1,30.99999616924532,-6.999989351672576
2025-08-27 11:31:30,Sheep_2,31.000027743194796,-6.999972574409219
2025-08-27 11:31:30,Sheep_3,30.992838917986106,-7.000929314348739
2025-08-27 11:31:30,Sheep_4,30.999998256685096,-6.999997708838757
2025-08-27 11:31:30,Sheep_5,31.00000197261025,-7.000004723638747
2025-08-27 11:31:30,Sheep_6,31.00003211572486,-7.0000026320922
2025-08-27 11:31:30,Sheep_7,30.99996982897606,-7.000012372576521
2025-08-27 11:31:30,Sheep_8,31.000004815703832,-6.999961353493899
2025-08-27 11:31:30,Sheep_9,31.00001625300085,-7.000026740824516
2025-08-27 11:31:30,Sheep_10,31.000066974216224,-6.99999167546567
2025-08-27 11:32:00,Sheep_1,31.00003437093257,-7.000004769900962
2025-08-27 11:32:00,Sheep_2,31.000014373677093,-6.999973607114805
2025-08-27 11:32:00,Sheep_3,30.992435055942895,-7.000983498979351
2025-08-27 11:32:00,Sheep_4,31.00002350512936,-7.000009906325107
2025-08-27 11:32:00,Sheep_5,30.999984591824237,-6.999989542821693
2025-08-27 11:32:00,Sheep_6,31.00002514718125,-7.0000070023376155
2025-08-27 11:32:00,Sheep_7,31.000028705676403,-6.99995432973746
2025-08-27 11:32:00,Sheep_8,30.999975305760355,-7.000026312782354
2025-08-27 11:32:00,Sheep_9,30.999996216985476,-6.999990328659393
2025-08-27 11:32:00,Sheep_10,30.999985863267685,-6.999957486755166
2025-08-27 11:32:30,Sheep_1,31.00001142832002,-6.999998759785019
2025-08-27 11:32:30,Sheep_2,30.999961303192855,-7.000041369242077
2025-08-27 11:32:30,Sheep_3,30.99197193411734,-7.001109517165569
2025-08-27 11:32:30,Sheep_4,31.000027289905038,-7.0000049723560025
2025-08-27 11:32:30,Sheep_5,31.000087399199682,-6.999927439125694
2025-08-27 11:32:30,Sheep_6,30.999995110068202,-7.000003343234779
2025-08-27 11:32:30,Sheep_7,31.00002683025999,-6.999946452262452
2025-08-27 11:32:30,Sheep_8,30.999955856205784,-7.000056163634868
2025-08-27 11:32:30,Sheep_9,30.99998323657549,-6.99998167873357
2025-08-27 11:32:30,Sheep_10,31.000013390412967,-6.999966366391302
2025-08-27 11:33:00,Sheep_1,30.99996766894911,-7.000072819550394
2025-08-27 11:33:00,Sheep_2,31.000023122912197,-7.000026038486296
2025-08-27 11:33:00,Sheep_3,30.99148433669615,-7.001120933987261
2025-08-27 11:33:00,Sheep_4,31.000021375557534,-7.000003837475567
2025-08-27 11:33:00,Sheep_5,30.999987661290348,-7.000005010347707
2025-08-27 11:33:00,Sheep_6,30.999990013040897,-7.000042382593833
2025-08-27 11:33:00,Sheep_7,30.99998073983084,-6.999983610962635
2025-08-27 11:33:00,Sheep_8,31.000008669022854,-6.999994716200619
2025-08-27 11:33:00,Sheep_9,30.99997318140994,-7.000005706458426
2025-08-27 11:33:00,Sheep_10,30.999941329544203,-6.999994388694663
2025-08-27 11:33:30,Sheep_1,31.000038506765392,-7.000046346706175
2025-08-27 11:33:30,Sheep_2,30.9999842096387,-6.9999896528846755
2025-08-27 11:33:30,Sheep_3,30.991096826008942,-7.001192525863006
2025-08-27 11:33:30,Sheep_4,30.9999813443138,-7.0000619029328375
2025-08-27 11:33:30,Sheep_5,31.000002787588823,-6.999935797140457
2025-08-27 11:33:30,Sheep_6,31.000007474626177,-7.000000700450983
2025-08-27 11:33:30,Sheep_7,31.00000867990417,-7.000000348732543
2025-08-27 11:33:30,Sheep_8,30.99997808980312,-6.99997411608395
2025-08-27 11:33:30,Sheep_9,31.000006084122973,-6.999999446239455
2025-08-27 11:33:30,Sheep_10,30.99997371453394,-6.999959017717743
2025-08-27 11:34:00,Sheep_1,31.000017913297125,-7.000017383828105
2025-08-27 11:34:00,Sheep_2,31.000026998513842,-7.000015643624439
2025-08-27 11:34:00,Sheep_3,30.990613983366547,-7.001258211005091
2025-08-27 11:34:00,Sheep_4,30.999952270879813,-6.999985174710137
2025-08-27 11:34:00,Sheep_5,30.999950651862783,-7.000038622267342
2025-08-27 11:34:00,Sheep_6,30.999944064282904,-7.000002706030671
2025-08-27 11:34:00,Sheep_7,30.99999594896352,-7.000010271327157
2025-08-27 11:34:00,Sheep_8,30.999971903224182,-7.000036855022802
2025-08-27 11:34:00,Sheep_9,31.000012514459133,-7.000017309349724
2025-08-27 11:34:00,Sheep_10,31.000008525646464,-7.000027832213854
2025-08-27 11:34:30,Sheep_1,31.000004879520556,-6.999959024945629
2025-08-27 11:34:30,Sheep_2,31.000015796778666,-7.000012966288191
2025-08-27 11:34:30,Sheep_3,30.990186369768164,-7.001306488525532
2025-08-27 11:34:30,Sheep_4,31.000000212365737,-7.0000102372097
2025-08-27 11:34:30,Sheep_5,30.999995571275445,-6.999993331786138
2025-08-27 11:34:30,Sheep_6,30.99997322964338,-7.000031939224769
2025-08-27 11:34:30,Sheep_7,30.999962579701208,-7.00005031251478
2025-08-27 11:34:30,Sheep_8,30.999967195040632,-6.999994986499657
2025-08-27 11:34:30,Sheep_9,30.99997593996994,-6.999983851964052
2025-08-27 11:34:30,Sheep_10,31.000000935512453,-7.000061889761713
2025-08-27 11:35:00,Sheep_1,31.0000176511566,-6.999974508495013
2025-08-27 11:35:00,Sheep_2,30.999973216061584,-6.999986789180188
2025-08-27 11:35:00,Sheep_3,30.98972007669313,-7.001358553567443
2025-08-27 11:35:00,Sheep_4,30.999965922608506,-7.000056375257069
2025-08-27 11:35:00,Sheep_5,30.99998968333122,-7.000003890037394
2025-08-27 11:35:00,Sheep_6,30.999989282796616,-7.00003722591428
2025-08-27 11:35:00,Sheep_7,30.99998922298611,-6.999991533374451
2025-08-27 11:35:00,Sheep_8,30.99999879016268,-6.999994262168595
2025-08-27 11:35:00,Sheep_9,30.999981940840808,-6.999963161195165
2025-08-27 11:35:00,Sheep_10,30.999968302910442,-6.999984671106924
2025-08-27 11:35:30,Sheep_1,31.000031851179294,-6.9999848802521925
2025-08-27 11:35:30,Sheep_2,30.99999454210671,-7.00001660965626
2025-08-27 11:35:30,Sheep_3,30.9893077951721,-7.001449582841268
2025-08-27 11:35:30,Sheep_4,30.999973855796075,-7.000012499213974
2025-08-27 11:35:30,Sheep_5,31.000033353946034,-6.999988060107598
2025-08-27 11:35:30,Sheep_6,30.99997391181032,-7.000009756072561
2025-08-27 11:35:30,Sheep_7,30.99998344439964,-7.0000223157620365
2025-08-27 11:35:30,Sheep_8,31.000026380422884,-7.000043127596488
2025-08-27 11:35:30,Sheep_9,31.000043355574626,-6.999973960463067
2025-08-27 11:35:30,Sheep_10,31.000029397996872,-7.000014554815728
2025-08-27 11:36:00,Sheep_1,30.999995959197292,-7.000045058285217
2025-08-27 11:36:00,Sheep_2,30.9999858606969,-6.999984479494288
2025-08-27 11:36:00,Sheep_3,30.98886618180634,-7.001502119848698
2025-08-27 11:36:00,Sheep_4,30.999990149857968,-7.000004756846657
2025-08-27 11:36:00,Sheep_5,30.999962384408853,-6.9999814079830704
2025-08-27 11:36:00,Sheep_6,30.999980488941834,-7.000006143071573
2025-08-27 11:36:00,Sheep_7,30.99998782026486,-7.000024816798306
2025-08-27 11:36:00,Sheep_8,30.999999810142324,-7.0000067787639715
2025-08-27 11:36:00,Sheep_9,30.999989978677267,-7.0000229028294045
2025-08-27 11:36:00,Sheep_10,31.000008610977474,-6.999948010282115
2025-08-27 11:36:30,Sheep_1,31.000003769867934,-6.999968682048767
2025-08-27 11:36:30,Sheep_2,30.999962534443267,-6.9999950399812105
2025-08-27 11:36:30,Sheep_3,30.98837689674113,-7.001569026740786
2025-08-27 11:36:30,Sheep_4,30.999980074432067,-6.99996252669144
2025-08-27 11:36:30,Sheep_5,31.00002560229506,-6.999992359932866
2025-08-27 11:36:30,Sheep_6,30.999958694738773,-7.000006171062607
2025-08-27 11:36:30,Sheep_7,31.000008130614685,-6.9999944811419015
2025-08-27 11:36:30,Sheep_8,30.999950310988588,-7.000027991588277
2025-08-27 11:36:30,Sheep_9,30.99999827314685,-6.999983139016735
2025-08-27 11:36:30,Sheep_10,30.999940815815098,-7.000005097176903
2025-08-27 11:37:00,Sheep_1,31.000003855069256,-6.999973288203724
2025-08-27 11:37:00,Sheep_2,31.00001867205132,-6.99998168396092
2025-08-27 11:37:00,Sheep_3,30.98793595625359,-7.001637218671363
2025-08-27 11:37:00,Sheep_4,30.99998940748948,-6.999968508700889
2025-08-27 11:37:00,Sheep_5,31.000037552673216,-6.9999776603401065
2025-08-27 11:37:00,Sheep_6,31.00001157044977,-6.9999880641315295
2025-08-27 11:37:00,Sheep_7,30.999985012969454,-7.000004089094919
2025-08-27 11:37:00,Sheep_8,31.000044980314208,-7.000029634018551
2025-08-27 11:37:00,Sheep_9,31.000043517214984,-7.000010124563417
2025-08-27 11:37:00,Sheep_10,31.00003571951426,-7.0000442302562105
2025-08-27 11:37:30,Sheep_1,31.000015789728742,-7.000023164049048
2025-08-27 11:37:30,Sheep_2,30.99996185948998,-6.999993129290901
2025-08-27 11:37:30,Sheep_3,30.987522180417198,-7.001674093476829
2025-08-27 11:37:30,Sheep_4,30.999959602516338,-7.000002887598889
2025-08-27 11:37:30,Sheep_5,30.99999764367601,-6.999982760833906
2025-08-27 11:37:30,Sheep_6,31.000025590942457,-7.0000018680129745
2025-08-27 11:37:30,Sheep_7,31.00005000458089,-6.999992950060857
2025-08-27 11:37:30,Sheep_8,30.999990664035952,-7.0000506676689636
2025-08-27 11:37:30,Sheep_9,30.99999292150053,-7.000010576003725
2025-08-27 11:37:30,Sheep_10,31.000025879575897,-6.9999854595173865
2025-08-27 11:38:00,Sheep_1,30.999968216786158,-6.999994584323033
2025-08-27 11:38:00,Sheep_2,31.000018097318677,-6.999951958702411
2025-08-27 11:38:00,Sheep_3,30.987073704973973,-7.0016995927180865
2025-08-27 11:38:00,Sheep_4,31.00000161927761,-6.999987791472671
2025-08-27 11:38:00,Sheep_5,31.000033673326467,-7.000041902514093
2025-08-27 11:38:00,Sheep_6,30.999990582842422,-7.000024289557238
2025-08-27 11:38:00,Sheep_7,31.00001021792451,-6.99996132182152
2025-08-27 11:38:00,Sheep_8,30.99998391193981,-7.00007515115625
2025-08-27 11:38:00,Sheep_9,30.999988890924946,-6.999971280390858
2025-08-27 11:38:00,Sheep_10,31.000014488768496,-6.999986537826709
2025-08-27 11:38:30,Sheep_1,30.99999245436664,-7.000040212719357
2025-08-27 11:38:30,Sheep_2,31.000013886839426,-7.000026229815548
2025-08-27 11:38:30,Sheep_3,30.986650715707302,-7.001762738786014
2025-08-27 11:38:30,Sheep_4,30.999984351914232,-7.000019221948837
2025-08-27 11:38:30,Sheep_5,30.999997495215418,-7.000007529939119
2025-08-27 11:38:30,Sheep_6,31.000030097927834,-6.999994139076642
2025-08-27 11:38:30,Sheep_7,30.999980283010988,-6.99994056455519
2025-08-27 11:38:30,Sheep_8,31.000001328826755,-6.999975827684789
2025-08-27 11:38:30,Sheep_9,30.999983608699942,-6.999988583646648
2025-08-27 11:38:30,Sheep_10,31.00000838420745,-7.000059410563416
2025-08-27 11:39:00,Sheep_1,31.000054310324572,-6.999959422145202
2025-08-27 11:39:00,Sheep_2,30.999989295850266,-7.000034655354616
2025-08-27 11:39:00,Sheep_3,30.986171435964785,-7.001832035985393
2025-08-27 11:39:00,Sheep_4,31.00000958504173,-6.99999397680771
2025-08-27 11:39:00,Sheep_5,31.00001364285814,-6.999954496716721
2025-08-27 11:39:00,Sheep_6,31.000015310003732,-7.00003300116315
2025-08-27 11:39:00,Sheep_7,31.000036720163116,-6.999948419087089
2025-08-27 11:39:00,Sheep_8,31.000084945833663,-7.000035322646265
2025-08-27 11:39:00,Sheep_9,31.0000065455088,-7.000065461171849
2025-08-27 11:39:00,Sheep_10,31.000014907002058,-7.000017235414378
2025-08-27 11:39:30,Sheep_1,31.00005183558556,-7.000024353890424
2025-08-27 11:39:30,Sheep_2,30.99995447764001,-7.000014816529433
2025-08-27 11:39:30,Sheep_3,30.985683415398242,-7.001877266680861
2025-08-27 11:39:30,Sheep_4,30.99994434738467,-6.999999105293803
2025-08-27 11:39:30,Sheep_5,30.99994400435268,-7.000010070161224
2025-08-27 11:39:30,Sheep_6,31.000044287948864,-6.999988661232265
2025-08-27 11:39:30,Sheep_7,30.999976729421356,-7.000000981037521
2025-08-27 11:39:30,Sheep_8,31.000000485542724,-6.99998514050451
2025-08-27 11:39:30,Sheep_9,30.99996316407573,-6.9999813696881485
2025-08-27 11:39:30,Sheep_10,30.999927118443274,-7.000019803566884
2025-08-27 11:40:00,Sheep_1,30.999986841344526,-6.99998008820805
2025-08-27 11:40:00,Sheep_2,31.000000609886435,-7.000044190894732
2025-08-27 11:40:00,Sheep_3,30.985254926704325,-7.001948001944249
2025-08-27 11:40:00,Sheep_4,30.9999978691877,-7.000018207658842
2025-08-27 11:40:00,Sheep_5,30.999987041849007,-6.9999781124819735
2025-08-27 11:40:00,Sheep_6,30.999986048529298,-7.000002769588231
2025-08-27 11:40:00,Sheep_7,31.00005847834858,-7.0000447605743235
2025-08-27 11:40:00,Sheep_8,30.999950094069398,-6.999975363945221
2025-08-27 11:40:00,Sheep_9,30.999981711020627,-7.000010005386133
2025-08-27 11:40:00,Sheep_10,30.999978948354883,-7.000008168115006
2025-08-27 11:40:30,Sheep_1,31.00004307953949,-6.999974781085645
2025-08-27 11:40:30,Sheep_2,31.000023236350483,-7.000044526170894
2025-08-27 11:40:30,Sheep_3,30.984805657283562,-7.002070829908718
2025-08-27 11:40:30,Sheep_4,30.999978187724906,-6.9999699212570485
2025-08-27 11:40:30,Sheep_5,31.000013931364958,-7.0000069643757765
2025-08-27 11:40:30,Sheep_6,30.99999939902218,-7.000021658557694
2025-08-27 11:40:30,Sheep_7,31.000005518115767,-6.999975920791079
2025-08-27 11:40:30,Sheep_8,30.99995645292524,-6.999990579078332
2025-08-27 11:40:30,Sheep_9,31.000025128499935,-7.000013050750817
2025-08-27 11:40:30,Sheep_10,31.000018883415706,-6.999911507279648
2025-08-27 11:41:00,Sheep_1,30.99999718803109,-6.999987634428497
2025-08-27 11:41:00,Sheep_2,30.99998010985222,-6.999994301464438
2025-08-27 11:41:00,Sheep_3,30.98438832436967,-7.002066395489451
2025-08-27 11:41:00,Sheep_4,30.999972519888978,-6.999993511987038
2025-08-27 11:41:00,Sheep_5,31.000039405208554,-6.9999858948940155
2025-08-27 11:41:00,Sheep_6,31.000025924915263,-7.000007451655042
2025-08-27 11:41:00,Sheep_7,31.000020209312957,-6.999991219820693
2025-08-27 11:41:00,Sheep_8,30.999974373587953,-6.99998998570135
2025-08-27 11:41:00,Sheep_9,30.99997327443415,-7.0000198977523835
2025-08-27 11:41:00,Sheep_10,31.000005102272027,-6.999990654641669
2025-08-27 11:41:30,Sheep_1,30.99996795097561,-6.999966862693114
2025-08-27 11:41:30,Sheep_2,31.000015415188958,-7.000022156658164
2025-08-27 11:41:30,Sheep_3,30.98390614629259,-7.002132673137477
2025-08-27 11:41:30,Sheep_4,30.999987982113353,-6.999996442864648
2025-08-27 11:41:30,Sheep_5,30.999990214247365,-7.000063114432732
2025-08-27 11:41:30,Sheep_6,30.999989534308167,-7.000009608663182
2025-08-27 11:41:30,Sheep_7,31.00001707674339,-7.000021951393954
2025-08-27 11:41:30,Sheep_8,31.000045239166546,-7.000060101968465
2025-08-27 11:41:30,Sheep_9,31.000035335092466,-7.000007052587218
2025-08-27 11:41:30,Sheep_10,31.0000231652409,-6.9999974910417775
2025-08-27 11:42:00,Sheep_1,31.000030710264177,-7.000012178658048
2025-08-27 11:42:00,Sheep_2,30.999970392909848,-6.999955339352971
2025-08-27 11:42:00,Sheep_3,30.983485447923954,-7.0021841486270615
2025-08-27 11:42:00,Sheep_4,31.00003327574328,-7.000032444667172
2025-08-27 11:42:00,Sheep_5,31.00001604808384,-7.00001854628792
2025-08-27 11:42:00,Sheep_6,30.999996438123723,-6.999997727549723
2025-08-27 11:42:00,Sheep_7,30.999959570018106,-7.00002448663237
2025-08-27 11:42:00,Sheep_8,31.000036410516323,-6.999972138153874
2025-08-27 11:42:00,Sheep_9,30.99999831190503,-6.999992356199793
2025-08-27 11:42:00,Sheep_10,30.999992070360072,-6.999957349025763
2025-08-27 11:42:30,Sheep_1,30.99999460063121,-6.99999271088589
2025-08-27 11:42:30,Sheep_2,31.00003088475056,-7.000024440555236
2025-08-27 11:42:30,Sheep_3,30.98306920815539,-7.002280027511268
2025-08-27 11:42:30,Sheep_4,31.00004391777213,-7.000011716918323
2025-08-27 11:42:30,Sheep_5,30.99999345943008,-7.000059421909453
2025-08-27 11:42:30,Sheep_6,30.999987743584693,-7.000032691511653
2025-08-27 11:42:30,Sheep_7,30.999983624334924,-7.000004317056014
2025-08-27 11:42:30,Sheep_8,31.00002581184732,-6.9999934729517665
2025-08-27 11:42:30,Sheep_9,31.00000829168128,-7.000034443123599
2025-08-27 11:42:30,Sheep_10,30.999976264262767,-6.9999434480952525
2025-08-27 11:43:00,Sheep_1,30.99998018682084,-6.999947928821606
2025-08-27 11:43:00,Sheep_2,30.999993449662266,-6.9999999280673
2025-08-27 11:43:00,Sheep_3,30.982614148878113,-7.002280446738999
2025-08-27 11:43:00,Sheep_4,30.999997013675163,-7.000012206359481
2025-08-27 11:43:00,Sheep_5,30.999998492981085,-6.999989374617159
2025-08-27 11:43:00,Sheep_6,31.000024020041867,-6.999999867013257
2025-08-27 11:43:00,Sheep_7,31.000016678574326,-6.999948489978971
2025-08-27 11:43:00,Sheep_8,31.000010276040573,-6.99999020163591
2025-08-27 11:43:00,Sheep_9,30.999959066362962,-7.000082710141125
2025-08-27 11:43:00,Sheep_10,31.00001046646773,-7.0000029812733136
2025-08-27 11:43:30,Sheep_1,30.999986126949114,-6.999992343411711
2025-08-27 11:43:30,Sheep_2,30.999998372159652,-6.999964542595083
2025-08-27 11:43:30,Sheep_3,30.98215018140343,-7.002381917662698
2025-08-27 11:43:30,Sheep_4,31.000026684321927,-7.00000682659981
2025-08-27 11:43:30,Sheep_5,31.00001418981361,-7.000015009789994
2025-08-27 11:43:30,Sheep_6,30.999982487597407,-6.9999973537513025
2025-08-27 11:43:30,Sheep_7,31.000000345723414,-6.99998491424063
2025-08-27 11:43:30,Sheep_8,30.99999276017553,-7.000057735141566
2025-08-27 11:43:30,Sheep_9,30.999988337031525,-6.999975042351731
2025-08-27 11:43:30,Sheep_10,30.999991985912345,-7.0000077462928285
2025-08-27 11:44:00,Sheep_1,31.00002658219114,-7.0000223844343745
2025-08-27 11:44:00,Sheep_2,30.999958422478848,-7.00000505024152
2025-08-27 11:44:00,Sheep_3,30.982139935538903,-7.002386514672706
2025-08-27 11:44:00,Sheep_4,30.999995273667196,-6.999984547065137
2025-08-27 11:44:00,Sheep_5,30.99999974967944,-6.999990348516753
2025-08-27 11:44:00,Sheep_6,31.000048870132012,-7.000010780109534
2025-08-27 11:44:00,Sheep_7,31.000007501310673,-7.000016009665337
2025-08-27 11:44:00,Sheep_8,30.999977191168167,-7.000018389493427
2025-08-27 11:44:00,Sheep_9,30.999987097774753,-6.999988698082889
2025-08-27 11:44:00,Sheep_10,31.000063306030903,-7.000022512401723
2025-08-27 11:44:30,Sheep_1,30.999988772224967,-7.000001984587187
2025-08-27 11:44:30,Sheep_2,31.000010666515866,-6.9999917139639125
2025-08-27 11:44:30,Sheep_3,30.982171704668357,-7.002417119322322
2025-08-27 11:44:30,Sheep_4,30.99993567382671,-7.000015590407018
2025-08-27 11:44:30,Sheep_5,31.000029571510623,-7.000049223965558
2025-08-27 11:44:30,Sheep_6,30.99991894630777,-6.99998204212259
2025-08-27 11:44:30,Sheep_7,31.00000656640021,-7.000034276146352
2025-08-27 11:44:30,Sheep_8,30.999973440362897,-7.000030488737246
2025-08-27 11:44:30,Sheep_9,31.000002978853328,-7.000019691348861
2025-08-27 11:44:30,Sheep_10,31.000013314694186,-7.000089749446682
2025-08-27 11:45:00,Sheep_1,30.999976908411828,-7.0000354031303775
2025-08-27 11:45:00,Sheep_2,30.999993091789122,-7.000016916218587
2025-08-27 11:45:00,Sheep_3,30.982162968555993,-7.002405233845324
2025-08-27 11:45:00,Sheep_4,31.000001225965047,-6.999982445905905
2025-08-27 11:45:00,Sheep_5,31.00005003541421,-7.000015146719498
2025-08-27 11:45:00,Sheep_6,31.000008743943702,-7.00005671343634
2025-08-27 11:45:00,Sheep_7,30.999935538370348,-6.999973440298242
2025-08-27 11:45:00,Sheep_8,30.99999985015378,-6.999962947567473
2025-08-27 11:45:00,Sheep_9,30.99996298770511,-6.999983654279575
2025-08-27 11:45:00,Sheep_10,31.000050363398504,-6.999986804457967
2025-08-27 11:45:30,Sheep_1,31.00000745368772,-6.999999730996866
2025-08-27 11:45:30,Sheep_2,30.999957665788973,-6.999957380794309
2025-08-27 11:45:30,Sheep_3,30.98213765951144,-7.002355688186148
2025-08-27 11:45:30,Sheep_4,30.999957877264464,-7.000037082205407
2025-08-27 11:45:30,Sheep_5,31.000038674651435,-7.000010919182067
2025-08-27 11:45:30,Sheep_6,31.000039164808015,-7.000002459571493
2025-08-27 11:45:30,Sheep_7,30.99995036207942,-6.999971953399539
2025-08-27 11:45:30,Sheep_8,30.99998410279417,-6.999978033227522
2025-08-27 11:45:30,Sheep_9,31.00000067941612,-7.000048515628653
2025-08-27 11:45:30,Sheep_10,31.00000442763471,-6.999930950756413
2025-08-27 11:46:00,Sheep_1,31.000013285657346,-7.00000180835784
2025-08-27 11:46:00,Sheep_2,31.00002897978985,-6.999993376584605
2025-08-27 11:46:00,Sheep_3,30.982598682997228,-7.002329986059161
2025-08-27 11:46:00,Sheep_4,31.000006302048845,-6.999967445664646
2025-08-27 11:46:00,Sheep_5,30.999977468680772,-6.999955213859165
2025-08-27 11:46:00,Sheep_6,30.99999752858361,-7.0000279114685915
2025-08-27 11:46:00,Sheep_7,31.000026885521297,-7.000009016809204
2025-08-27 11:46:00,Sheep_8,31.00002046842133,-7.000009172889804
2025-08-27 11:46:00,Sheep_9,30.999998387725203,-6.999984482469873
2025-08-27 11:46:00,Sheep_10,31.00000783948233,-7.000062739508272
2025-08-27 11:46:30,Sheep_1,30.99996978322655,-6.9999707793551575
2025-08-27 11:46:30,Sheep_2,30.999996439006768,-7.000016466109297
2025-08-27 11:46:30,Sheep_3,30.98301679415611,-7.002270580315056
2025-08-27 11:46:30,Sheep_4,30.999945513870646,-7.000003184265243
2025-08-27 11:46:30,Sheep_5,30.999983872505016,-7.0000303895180105
2025-08-27 11:46:30,Sheep_6,30.999998164118978,-6.999988556765355
2025-08-27 11:46:30,Sheep_7,31.00005641029282,-7.000047533606449
2025-08-27 11:46:30,Sheep_8,31.000031244548417,-6.99996940569224
2025-08-27 11:46:30,Sheep_9,30.999979003968576,-6.999993610262698
2025-08-27 11:46:30,Sheep_10,30.999987667088142,-6.9999941619520465
2025-08-27 11:47:00,Sheep_1,31.000040670077617,-6.999980959743356
2025-08-27 11:47:00,Sheep_2,31.000013706657562,-7.0000135289226675
2025-08-27 11:47:00,Sheep_3,30.983460823848873,-7.002193161984795
2025-08-27 11:47:00,Sheep_4,31.000032517287682,-7.0000480141490655
2025-08-27 11:47:00,Sheep_5,30.9999715660429,-6.999996030143063
2025-08-27 11:47:00,Sheep_6,30.999973464208097,-7.000024916932846
2025-08-27 11:47:00,Sheep_7,30.99998858429981,-7.000042935003725
2025-08-27 11:47:00,Sheep_8,30.99997374806379,-6.99997788423014
2025-08-27 11:47:00,Sheep_9,30.99996476725344,-7.000050237091176
2025-08-27 11:47:00,Sheep_10,30.999983021245612,-6.999976987323001
2025-08-27 11:47:30,Sheep_1,30.99999469308818,-7.000014606426557
2025-08-27 11:47:30,Sheep_2,31.000001195440106,-7.000054885032149
2025-08-27 11:47:30,Sheep_3,30.983942658877037,-7.002121599141166
2025-08-27 11:47:30,Sheep_4,30.99998896940871,-6.999968373738846
2025-08-27 11:47:30,Sheep_5,30.999969614729636,-6.999964538547416
2025-08-27 11:47:30,Sheep_6,31.00000416350159,-7.000010581211587
2025-08-27 11:47:30,Sheep_7,30.99999946441874,-7.000003372403651
2025-08-27 11:47:30,Sheep_8,31.000032885812875,-7.000033850785884
2025-08-27 11:47:30,Sheep_9,30.999979450613388,-6.999967418642736
2025-08-27 11:47:30,Sheep_10,30.99998395072938,-6.99997168724497
2025-08-27 11:48:00,Sheep_1,31.00004579867004,-7.000012632433451
2025-08-27 11:48:00,Sheep_2,31.000018362261766,-7.00003627207902
2025-08-27 11:48:00,Sheep_3,30.9843936147339,-7.002066299458174
2025-08-27 11:48:00,Sheep_4,31.000012748067252,-7.0000202967824166
2025-08-27 11:48:00,Sheep_5,30.999955234906157,-6.999984177757835
2025-08-27 11:48:00,Sheep_6,30.999944392656687,-7.000009977497742
2025-08-27 11:48:00,Sheep_7,31.00002536422565,-6.999993966736233
2025-08-27 11:48:00,Sheep_8,31.000052506539117,-6.999967770573845
2025-08-27 11:48:00,Sheep_9,30.999982377873113,-6.9999991412674865
2025-08-27 11:48:00,Sheep_10,30.999998723391055,-7.000049743628793
2025-08-27 11:48:30,Sheep_1,30.999974656874333,-7.000017630319851
2025-08-27 11:48:30,Sheep_2,30.999945125211028,-6.999998506805618
2025-08-27 11:48:30,Sheep_3,30.98482186428845,-7.002046386680436
2025-08-27 11:48:30,Sheep_4,31.00001089326802,-6.9999774929648195
2025-08-27 11:48:30,Sheep_5,31.000006118428285,-7.0000101887016575
2025-08-27 11:48:30,Sheep_6,31.00001593897283,-6.999978613875584
2025-08-27 11:48:30,Sheep_7,31.000008284321858,-7.000025925804647
2025-08-27 11:48:30,Sheep_8,31.00000745420676,-6.999962414094871
2025-08-27 11:48:30,Sheep_9,30.99998392124348,-6.999934040798642
2025-08-27 11:48:30,Sheep_10,30.99998583459574,-6.999998981123678
2025-08-27 11:49:00,Sheep_1,30.999981876960224,-6.999992980366139
2025-08-27 11:49:00,Sheep_2,30.999953048283526,-7.000017167551171
2025-08-27 11:49:00,Sheep_3,30.985253002017394,-7.001949329585246
2025-08-27 11:49:00,Sheep_4,31.00002679969571,-6.999979689569008
2025-08-27 11:49:00,Sheep_5,30.999936085356786,-6.999935797341272
2025-08-27 11:49:00,Sheep_6,31.00000795759811,-7.000024413128734
2025-08-27 11:49:00,Sheep_7,31.000004234492966,-6.999994460592943
2025-08-27 11:49:00,Sheep_8,30.999982028870367,-6.999993777501061
2025-08-27 11:49:00,Sheep_9,30.999983629025667,-7.00001271313884
2025-08-27 11:49:00,Sheep_10,30.999981505233496,-7.00004504317752
2025-08-27 11:49:30,Sheep_1,31.000003930195927,-6.999981598188914
2025-08-27 11:49:30,Sheep_2,31.000013875770644,-6.999974221554538
2025-08-27 11:49:30,Sheep_3,30.985724734621765,-7.0019041756471925
2025-08-27 11:49:30,Sheep_4,31.00002262838298,-7.000042680344034
2025-08-27 11:49:30,Sheep_5,30.999975727504964,-7.0000303144449765
2025-08-27 11:49:30,Sheep_6,31.000029106792827,-6.999970358734267
2025-08-27 11:49:30,Sheep_7,31.0000131325522,-6.999966298530896
2025-08-27 11:49:30,Sheep_8,30.999976303913517,-6.999989040171337
2025-08-27 11:49:30,Sheep_9,30.999996626632363,-6.999973374031282
2025-08-27 11:49:30,Sheep_10,30.99999689478353,-7.000012102602308
2025-08-27 11:50:00,Sheep_1,31.000014577125008,-6.999972453246172
2025-08-27 11:50:00,Sheep_2,30.999981988541283,-7.000001920218773
2025-08-27 11:50:00,Sheep_3,30.986146175414166,-7.0018862125186825
2025-08-27 11:50:00,Sheep_4,31.000005402253812,-6.999980856018927
2025-08-27 11:50:00,Sheep_5,31.000007062526297,-7.000061294209752
2025-08-27 11:50:00,Sheep_6,30.999990544841086,-7.000069744841453
2025-08-27 11:50:00,Sheep_7,31.00003691253434,-7.000034145550127
2025-08-27 11:50:00,Sheep_8,31.000033832292743,-6.999970261863572
2025-08-27 11:50:00,Sheep_9,30.999975729688668,-7.000035614752678
2025-08-27 11:50:00,Sheep_10,31.000009442244423,-7.000026545543115
2025-08-27 11:50:30,Sheep_1,31.00000276189298,-7.000015180096816
2025-08-27 11:50:30,Sheep_2,30.999951998964757,-7.000070125902332
2025-08-27 11:50:30,Sheep_3,30.98661554839712,-7.00178646686334
2025-08-27 11:50:30,Sheep_4,30.9999850945971,-6.999978122044702
2025-08-27 11:50:30,Sheep_5,31.00003162348931,-7.00000856880455
2025-08-27 11:50:30,Sheep_6,30.999990821091263,-6.999984275505772
2025-08-27 11:50:30,Sheep_7,30.99996343148842,-6.999992984069178
2025-08-27 11:50:30,Sheep_8,31.000014872960076,-6.999978613565965
2025-08-27 11:50:30,Sheep_9,30.999947805802126,-7.000023937005522
2025-08-27 11:50:30,Sheep_10,30.999976331389163,-6.999996859554699
2025-08-27 11:51:00,Sheep_1,31.00001295574685,-6.9999529434329695
2025-08-27 11:51:00,Sheep_2,30.999986661009334,-7.000015643676628
2025-08-27 11:51:00,Sheep_3,30.987078415143777,-7.001709323809638
2025-08-27 11:51:00,Sheep_4,31.000034162365555,-6.999990922393163
2025-08-27 11:51:00,Sheep_5,30.99996881647632,-7.000041913548189
2025-08-27 11:51:00,Sheep_6,30.999958187776254,-6.999979185093934
2025-08-27 11:51:00,Sheep_7,31.00003203189426,-6.999941856064382
2025-08-27 11:51:00,Sheep_8,31.00002272112825,-6.999963440361477
2025-08-27 11:51:00,Sheep_9,30.9999843689454,-7.000036357706959
2025-08-27 11:51:00,Sheep_10,31.000022909072918,-6.999986868119432
2025-08-27 11:51:30,Sheep_1,31.000002895554466,-6.999987821042766
2025-08-27 11:51:30,Sheep_2,31.000008709633914,-6.999959636804942
2025-08-27 11:51:30,Sheep_3,30.987527310021875,-7.001644976650752
2025-08-27 11:51:30,Sheep_4,31.000022793825167,-6.999983837876161
2025-08-27 11:51:30,Sheep_5,30.999987571782285,-6.999976213610755
2025-08-27 11:51:30,Sheep_6,30.999962419284884,-6.999966865655355
2025-08-27 11:51:30,Sheep_7,30.999967808400832,-6.999991014346225
2025-08-27 11:51:30,Sheep_8,30.999977223662636,-6.999982601453397
2025-08-27 11:51:30,Sheep_9,30.999999085737713,-7.00005013911861
2025-08-27 11:51:30,Sheep_10,31.000011337575394,-7.000018169826065
2025-08-27 11:52:00,Sheep_1,31.000023746318384,-6.999999958320354
2025-08-27 11:52:00,Sheep_2,31.0000106563327,-7.000030105962713
2025-08-27 11:52:00,Sheep_3,30.987939740088933,-7.001606840017662
2025-08-27 11:52:00,Sheep_4,31.00002308756235,-6.999947263273526
2025-08-27 11:52:00,Sheep_5,30.999978301156528,-6.999966143900217
2025-08-27 11:52:00,Sheep_6,30.999941528635887,-7.000037545308245
2025-08-27 11:52:00,Sheep_7,30.999974161557954,-7.0000425228658045
2025-08-27 11:52:00,Sheep_8,30.999957323345587,-6.999987015316459
2025-08-27 11:52:00,Sheep_9,30.999994231017848,-6.9999880714963725
2025-08-27 11:52:00,Sheep_10,31.0000186077799,-6.999991649003186
2025-08-27 11:52:30,Sheep_1,31.000017726280348,-7.000002186094699
2025-08-27 11:52:30,Sheep_2,30.99996801131724,-6.999966742327936
2025-08-27 11:52:30,Sheep_3,30.988386028185367,-7.0015576804947
2025-08-27 11:52:30,Sheep_4,30.999995205231517,-7.000028698770314
2025-08-27 11:52:30,Sheep_5,30.999988750528694,-6.999989182946586
2025-08-27 11:52:30,Sheep_6,31.000009387578313,-7.000028227772382
2025-08-27 11:52:30,Sheep_7,30.9999868566644,-6.999966222976201
2025-08-27 11:52:30,Sheep_8,31.00001337765319,-6.999934759966503
2025-08-27 11:52:30,Sheep_9,31.000031803669792,-6.999964023432178
2025-08-27 11:52:30,Sheep_10,30.999962597865153,-6.999975984234719
2025-08-27 11:53:00,Sheep_1,30.999998568806998,-7.000017322864892
2025-08-27 11:53:00,Sheep_2,31.00000452790174,-6.999970282554517
2025-08-27 11:53:00,Sheep_3,30.988851894500005,-7.001497326653528
2025-08-27 11:53:00,Sheep_4,31.00002000877417,-7.000020045748839
2025-08-27 11:53:00,Sheep_5,31.000005839466017,-7.0000095373244635
2025-08-27 11:53:00,Sheep_6,30.999994101700008,-6.999975909325052
2025-08-27 11:53:00,Sheep_7,30.99997196747072,-6.999938843077495
2025-08-27 11:53:00,Sheep_8,30.999950922941,-7.000018790668696
2025-08-27 11:53:00,Sheep_9,31.000009976964336,-6.9999816291658
2025-08-27 11:53:00,Sheep_10,30.99999729224612,-7.0000018043633885
2025-08-27 11:53:30,Sheep_1,31.000011064051886,-7.000007264823108
2025-08-27 11:53:30,Sheep_2,31.000037545308782,-6.999973610868436
2025-08-27 11:53:30,Sheep_3,30.98930486194716,-7.00144000793342
2025-08-27 11:53:30,Sheep_4,30.999997860534737,-7.000009446647786
2025-08-27 11:53:30,Sheep_5,30.9999728997114,-6.999988676440025
2025-08-27 11:53:30,Sheep_6,30.99998551080423,-6.9999793941071715
2025-08-27 11:53:30,Sheep_7,30.99997115904879,-6.999945953372527
2025-08-27 11:53:30,Sheep_8,30.99997584443069,-6.999993105135717
2025-08-27 11:53:30,Sheep_9,31.000021340082025,-7.000017940932007
2025-08-27 11:53:30,Sheep_10,31.000022973463263,-7.000038645525597
2025-08-27 11:54:00,Sheep_1,31.0000391336067,-6.999999555147187
2025-08-27 11:54:00,Sheep_2,30.99998392710902,-7.00000940627329
2025-08-27 11:54:00,Sheep_3,30.989749997956274,-7.001372850918972
2025-08-27 11:54:00,Sheep_4,30.999979805308406,-7.000006965109417
2025-08-27 11:54:00,Sheep_5,30.999968281653448,-6.999942762109484
2025-08-27 11:54:00,Sheep_6,30.99998473604228,-6.999973853972787
2025-08-27 11:54:00,Sheep_7,31.000005645079508,-7.000030953745167
2025-08-27 11:54:00,Sheep_8,30.999999839524545,-6.999975350956903
2025-08-27 11:54:00,Sheep_9,30.999994926482167,-6.999962488535503
2025-08-27 11:54:00,Sheep_10,31.000027529160782,-6.999971109321991
2025-08-27 11:54:30,Sheep_1,30.999987612555543,-7.000033950240657
2025-08-27 11:54:30,Sheep_2,30.999983464221916,-6.999993830185898
2025-08-27 11:54:30,Sheep_3,30.99019155460006,-7.001346960313082
2025-08-27 11:54:30,Sheep_4,30.99999978135461,-6.9999950296756195
2025-08-27 11:54:30,Sheep_5,30.99999252036679,-6.999959402357558
2025-08-27 11:54:30,Sheep_6,31.000011366692622,-6.99995880757357
2025-08-27 11:54:30,Sheep_7,30.999994180007537,-6.999970525712759
2025-08-27 11:54:30,Sheep_8,31.000044063952423,-6.999958760365123
2025-08-27 11:54:30,Sheep_9,30.999970567510058,-7.0000079755744915
2025-08-27 11:54:30,Sheep_10,30.999990698040637,-6.999984617840091
2025-08-27 11:55:00,Sheep_1,31.000018496772054,-7.000026374781087
2025-08-27 11:55:00,Sheep_2,31.000001828202855,-7.000063506504285
2025-08-27 11:55:00,Sheep_3,30.99065393932232,-7.0012530269927336
2025-08-27 11:55:00,Sheep_4,31.000001505496044,-7.000009735385316
2025-08-27 11:55:00,Sheep_5,31.000030884681326,-7.000089211187011
2025-08-27 11:55:00,Sheep_6,30.999999552362315,-7.000003326941157
2025-08-27 11:55:00,Sheep_7,30.99998777480091,-6.999945727446839
2025-08-27 11:55:00,Sheep_8,30.999976087060936,-6.999975734732406
2025-08-27 11:55:00,Sheep_9,31.000009600775837,-6.999960337841594
2025-08-27 11:55:00,Sheep_10,30.99998201969768,-7.000023044538183
2025-08-27 11:55:30,Sheep_1,31.000029538355395,-6.99998662790039
2025-08-27 11:55:30,Sheep_2,30.999958364965504,-7.000016955746707
2025-08-27 11:55:30,Sheep_3,30.99108125899528,-7.001165571541651
2025-08-27 11:55:30,Sheep_4,30.999981695185415,-7.000091624192394
2025-08-27 11:55:30,Sheep_5,31.000014100517042,-7.000038366875823
2025-08-27 11:55:30,Sheep_6,30.999945634060417,-7.000089048311603
2025-08-27 11:55:30,Sheep_7,31.000021936243087,-6.999995956268062
2025-08-27 11:55:30,Sheep_8,30.999993918710544,-6.999956329081619
2025-08-27 11:55:30,Sheep_9,31.000017175476547,-6.99994918353549
2025-08-27 11:55:30,Sheep_10,30.999962466704847,-7.000001086271428
2025-08-27 11:56:00,Sheep_1,30.999956430649256,-7.00000721177926
2025-08-27 11:56:00,Sheep_2,30.999993299968008,-6.999980299270669
2025-08-27 11:56:00,Sheep_3,30.991521419911127,-7.0011109079115
2025-08-27 11:56:00,Sheep_4,31.000018957243977,-6.99993224905416
2025-08-27 11:56:00,Sheep_5,30.999991502964733,-7.000029585748567
2025-08-27 11:56:00,Sheep_6,31.000006631789848,-7.0000252236796685
2025-08-27 11:56:00,Sheep_7,31.000039937857576,-7.000008904373597
2025-08-27 11:56:00,Sheep_8,30.999984758092854,-7.000014818163697
2025-08-27 11:56:00,Sheep_9,31.000019360871995,-7.000004959564291
2025-08-27 11:56:00,Sheep_10,30.999982707505744,-6.999947641344811
2025-08-27 11:56:30,Sheep_1,30.999976926791934,-6.999998881802827
2025-08-27 11:56:30,Sheep_2,31.000017579217165,-7.000051289166956
2025-08-27 11:56:30,Sheep_3,30.991975513909853,-7.001086933022048
2025-08-27 11:56:30,Sheep_4,31.000022173448997,-7.000030265742554
2025-08-27 11:56:30,Sheep_5,31.00001866966489,-6.999965232614439
2025-08-27 11:56:30,Sheep_6,31.000023215141727,-6.9999920986059525
2025-08-27 11:56:30,Sheep_7,30.999993766593345,-7.00001812262833
2025-08-27 11:56:30,Sheep_8,31.000039643407046,-7.000021992125899
2025-08-27 11:56:30,Sheep_9,30.999972051758707,-6.9999790808043185
2025-08-27 11:56:30,Sheep_10,30.999978544642385,-7.0000298699911685
2025-08-27 11:57:00,Sheep_1,30.99996109582477,-7.000015182682714
2025-08-27 11:57:00,Sheep_2,30.99999777088509,-6.999992357197411
2025-08-27 11:57:00,Sheep_3,30.99243026096504,-7.00099461763662
2025-08-27 11:57:00,Sheep_4,30.999994856120566,-7.000006231270982
2025-08-27 11:57:00,Sheep_5,31.00001374840466,-6.999959990401032
2025-08-27 11:57:00,Sheep_6,31.00000340408371,-7.000014749471493
2025-08-27 11:57:00,Sheep_7,30.99997324292128,-7.000045437245615
2025-08-27 11:57:00,Sheep_8,31.000017955524758,-6.999981828358376
2025-08-27 11:57:00,Sheep_9,31.0000155595632,-7.0000040450522905
2025-08-27 11:57:00,Sheep_10,31.000037915956142,-7.000015220682824
2025-08-27 11:57:30,Sheep_1,31.00002574387093,-7.000001218076407
2025-08-27 11:57:30,Sheep_2,30.999983605351293,-6.999981370850376
2025-08-27 11:57:30,Sheep_3,30.99286681334059,-7.000939022713612
2025-08-27 11:57:30,Sheep_4,31.000002190399446,-7.000001191358282
2025-08-27 11:57:30,Sheep_5,31.000064365037538,-6.999962766977547
2025-08-27 11:57:30,Sheep_6,31.00001947970432,-6.999996485035077
2025-08-27 11:57:30,Sheep_7,31.000027142217046,-6.999983714247061
2025-08-27 11:57:30,Sheep_8,31.000000706200666,-7.0000095440607275
2025-08-27 11:57:30,Sheep_9,30.99999781933154,-7.0000996781678095
2025-08-27 11:57:30,Sheep_10,31.00000567555262,-7.000015357685289
2025-08-27 11:58:00,Sheep_1,31.000042921397725,-6.999999391822519
2025-08-27 11:58:00,Sheep_2,30.999967958226208,-7.000001568231773
2025-08-27 11:58:00,Sheep_3,30.9932869430234,-7.0008774256898025
2025-08-27 11:58:00,Sheep_4,31.000007840838062,-6.999969885527232
2025-08-27 11:58:00,Sheep_5,30.999978686261453,-6.99999893078564
2025-08-27 11:58:00,Sheep_6,30.999963213570012,-6.99997794500789
2025-08-27 11:58:00,Sheep_7,31.000013983233394,-6.999984411892848
2025-08-27 11:58:00,Sheep_8,31.000000043631818,-6.99998695954258
2025-08-27 11:58:00,Sheep_9,31.000043235872486,-7.000008963361884
2025-08-27 11:58:00,Sheep_10,31.000003736395538,-7.000034147804911
2025-08-27 11:58:30,Sheep_1,30.99997660094426,-6.9999969247506
2025-08-27 11:58:30,Sheep_2,31.000029750275242,-7.0000080574677135
2025-08-27 11:58:30,Sheep_3,30.99374778348162,-7.0008367200669195
2025-08-27 11:58:30,Sheep_4,30.9999855886632,-6.999990726099044
2025-08-27 11:58:30,Sheep_5,30.999959649901765,-6.99995972726671
2025-08-27 11:58:30,Sheep_6,30.999982067311404,-6.999977303358363
2025-08-27 11:58:30,Sheep_7,30.999965774382034,-6.999978971669951
2025-08-27 11:58:30,Sheep_8,31.000018108460505,-6.999987920688956
2025-08-27 11:58:30,Sheep_9,30.999973200812384,-6.999992154206283
2025-08-27 11:58:30,Sheep_10,30.99996811742226,-7.000007946875359
2025-08-27 11:59:00,Sheep_1,31.000027741998768,-6.999974951695767
2025-08-27 11:59:00,Sheep_2,31.00000040917021,-7.00003064791342
2025-08-27 11:59:00,Sheep_3,30.99420990492593,-7.000768628969172
2025-08-27 11:59:00,Sheep_4,30.999937469037057,-6.999975394122537
2025-08-27 11:59:00,Sheep_5,30.999999346941237,-6.999962194939335
2025-08-27 11:59:00,Sheep_6,30.9999704831876,-7.000099875550527
2025-08-27 11:59:00,Sheep_7,31.000007521124463,-6.999990833239599
2025-08-27 11:59:00,Sheep_8,30.99995443752351,-7.000030764020375
2025-08-27 11:59:00,Sheep_9,31.000074251286662,-7.000009608396039
2025-08-27 11:59:00,Sheep_10,31.00001969885851,-7.000020456741416
2025-08-27 11:59:30,Sheep_1,30.999943667726406,-7.000005352918349
2025-08-27 11:59:30,Sheep_2,30.99999284213366,-7.000012572169639
2025-08-27 11:59:30,Sheep_3,30.994642530632024,-7.000704339583998
2025-08-27 11:59:30,Sheep_4,30.999995954447954,-7.000039740347012
2025-08-27 11:59:30,Sheep_5,31.00001310235694,-7.000061288237334
2025-08-27 11:59:30,Sheep_6,30.999944744229502,-6.999976760169286
2025-08-27 11:59:30,Sheep_7,31.000013663859292,-7.000001804509965
2025-08-27 11:59:30,Sheep_8,30.999962393590422,-7.000022256716107
2025-08-27 11:59:30,Sheep_9,30.99999291914981,-7.000050174897651
2025-08-27 11:59:30,Sheep_10,30.999980083668937,-6.999979490737733
2025-08-27 12:00:00,Sheep_1,31.000038464930768,-7.000013187026331
2025-08-27 12:00:00,Sheep_2,31.000020386858274,-7.000060178038159
2025-08-27 12:00:00,Sheep_3,30.995102722285374,-7.000667572848019
2025-08-27 12:00:00,Sheep_4,31.000008282760064,-7.000007789334676
2025-08-27 12:00:00,Sheep_5,31.000035584279818,-7.000027492252005
2025-08-27 12:00:00,Sheep_6,31.00001691357252,-7.000008787713119
2025-08-27 12:00:00,Sheep_7,30.9999957337726,-7.000005780365396
2025-08-27 12:00:00,Sheep_8,30.999977209671997,-7.000000443271411
2025-08-27 12:00:00,Sheep_9,30.99999831167206,-6.999992415407909
2025-08-27 12:00:00,Sheep_10,31.000002277357503,-6.9999749110557214
2025-08-27 12:00:30,Sheep_1,31.0000248879433,-7.000033031591497
2025-08-27 12:00:30,Sheep_2,31.000023412841376,-7.000037298410785
2025-08-27 12:00:30,Sheep_3,30.995547720129352,-7.000578575815672
2025-08-27 12:00:30,Sheep_4,30.999948491280318,-6.999997076732997
2025-08-27 12:00:30,Sheep_5,30.999987374341178,-7.000023855575563
2025-08-27 12:00:30,Sheep_6,31.000036404572334,-7.00002055166861
2025-08-27 12:00:30,Sheep_7,30.9999782686778,-6.9999976201514995
2025-08-27 12:00:30,Sheep_8,31.00001847618792,-7.00000445343077
2025-08-27 12:00:30,Sheep_9,31.00003143291086,-6.999983306128089
2025-08-27 12:00:30,Sheep_10,30.9999412986529,-7.000016646438439
2025-08-27 12:01:00,Sheep_1,30.999984858728908,-6.999984928894244
2025-08-27 12:01:00,Sheep_2,30.99992926292518,-6.999919859148688
2025-08-27 12:01:00,Sheep_3,30.995992983254677,-7.000529288527239
2025-08-27 12:01:00,Sheep_4,31.00003184246451,-6.999926315529388
2025-08-27 12:01:00,Sheep_5,31.000023466043242,-6.999970169321432
2025-08-27 12:01:00,Sheep_6,31.000003522009283,-7.000004449568912
2025-08-27 12:01:00,Sheep_7,30.99998717762907,-7.000025972956505
2025-08-27 12:01:00,Sheep_8,30.999981485426705,-7.000042461472138
2025-08-27 12:01:00,Sheep_9,30.99999795531484,-7.000052965939421
2025-08-27 12:01:00,Sheep_10,31.000005145073413,-7.000001142234118
2025-08-27 12:01:30,Sheep_1,31.000003959808616,-7.000016415813708
2025-08-27 12:01:30,Sheep_2,31.000082919341633,-6.999957237963531
2025-08-27 12:01:30,Sheep_3,30.996407367134555,-7.000468371516408
2025-08-27 12:01:30,Sheep_4,30.99998361463862,-7.000031895237064
2025-08-27 12:01:30,Sheep_5,30.999963885948496,-6.999986411109605
2025-08-27 12:01:30,Sheep_6,30.999981637255612,-6.999969571555094
2025-08-27 12:01:30,Sheep_7,31.000026781770064,-6.999956804139237
2025-08-27 12:01:30,Sheep_8,30.999977028743277,-6.999985054507798
2025-08-27 12:01:30,Sheep_9,31.000017044220716,-7.000014908159234
2025-08-27 12:01:30,Sheep_10,30.999979201258785,-6.999949396679064
2025-08-27 12:02:00,Sheep_1,31.000006130862623,-6.9999800051773935
2025-08-27 12:02:00,Sheep_2,30.999977845597957,-7.000038334296964
2025-08-27 12:02:00,Sheep_3,30.996865780143438,-7.000416695364667
2025-08-27 12:02:00,Sheep_4,30.999971319978258,-7.00000030952073
2025-08-27 12:02:00,Sheep_5,30.999954495907616,-7.000035214284842
2025-08-27 12:02:00,Sheep_6,31.000018080612154,-6.999981016829342
2025-08-27 12:02:00,Sheep_7,30.99998943918167,-7.000031998504316
2025-08-27 12:02:00,Sheep_8,30.999972312157254,-7.000011735551612
2025-08-27 12:02:00,Sheep_9,31.000017369344906,-6.999970815960537
2025-08-27 12:02:00,Sheep_10,30.9999866187998,-7.000036265795569
2025-08-27 12:02:30,Sheep_1,31.00000721820799,-7.000025891934976
2025-08-27 12:02:30,Sheep_2,30.999986033435892,-6.999958333326959
2025-08-27 12:02:30,Sheep_3,30.997337155288097,-7.0003516281819955
2025-08-27 12:02:30,Sheep_4,30.999965722628428,-6.999993353693074
2025-08-27 12:02:30,Sheep_5,31.000028637907587,-7.000011809920399
2025-08-27 12:02:30,Sheep_6,31.00003641162657,-6.999959356095162
2025-08-27 12:02:30,Sheep_7,31.00004483649386,-6.99999040315777
2025-08-27 12:02:30,Sheep_8,31.00001582981584,-6.999955537959384
2025-08-27 12:02:30,Sheep_9,31.000012056969197,-7.00001575879761
2025-08-27 12:02:30,Sheep_10,30.999987912068725,-6.999992499833557
2025-08-27 12:03:00,Sheep_1,30.99996522022758,-7.0000045040595165
2025-08-27 12:03:00,Sheep_2,31.000029551215906,-7.0000688930091055
2025-08-27 12:03:00,Sheep_3,30.997796148137937,-7.000272257809636
2025-08-27 12:03:00,Sheep_4,30.99998760964923,-6.999982915795341
2025-08-27 12:03:00,Sheep_5,31.000000084829146,-6.999961329109538
2025-08-27 12:03:00,Sheep_6,31.000026482657457,-7.000044018215886
2025-08-27 12:03:00,Sheep_7,31.00001582633166,-7.000006464938595
2025-08-27 12:03:00,Sheep_8,31.000002232282714,-7.000022893720587
2025-08-27 12:03:00,Sheep_9,31.000047111131938,-6.999967300462066
2025-08-27 12:03:00,Sheep_10,30.999980063658892,-7.000041960150187
2025-08-27 12:03:30,Sheep_1,30.99998960637897,-6.9999863392391815
2025-08-27 12:03:30,Sheep_2,31.000006473387817,-6.999960601510837
2025-08-27 12:03:30,Sheep_3,30.99822905530591,-7.000216304052089
2025-08-27 12:03:30,Sheep_4,31.00000880853577,-7.000043679544485
2025-08-27 12:03:30,Sheep_5,30.999994726054677,-6.999966670784371
2025-08-27 12:03:30,Sheep_6,30.999998611491325,-6.99998418284156
2025-08-27 12:03:30,Sheep_7,30.99999140994479,-7.00003237727889
2025-08-27 12:03:30,Sheep_8,30.999996675959466,-6.99999028355008
2025-08-27 12:03:30,Sheep_9,30.99998232965183,-7.00000741076025
2025-08-27 12:03:30,Sheep_10,30.999974682090137,-6.999964810945908
2025-08-27 12:04:00,Sheep_1,30.99999206461307,-6.999954325373601
2025-08-27 12:04:00,Sheep_2,31.000041198738337,-7.000002548084688
2025-08-27 12:04:00,Sheep_3,30.99864302955841,-7.00022119007342
2025-08-27 12:04:00,Sheep_4,30.99996032957942,-7.000043193359387
2025-08-27 12:04:00,Sheep_5,31.00003714884012,-6.99999635847561
2025-08-27 12:04:00,Sheep_6,31.000010499582935,-7.000069810024386
2025-08-27 12:04:00,Sheep_7,30.99996771560108,-6.999972110216676
2025-08-27 12:04:00,Sheep_8,31.000007728371695,-7.000004628133158
2025-08-27 12:04:00,Sheep_9,31.000015222126084,-6.999948570525914
2025-08-27 12:04:00,Sheep_10,30.999994043052546,-6.9999978190137835
2025-08-27 12:04:30,Sheep_1,31.00000519035893,-6.99992479208614
2025-08-27 12:04:30,Sheep_2,30.99994342374422,-6.999978519472148
2025-08-27 12:04:30,Sheep_3,30.999105369152957,-7.000106433574352
2025-08-27 12:04:30,Sheep_4,30.99998228424666,-7.000001539460302
2025-08-27 12:04:30,Sheep_5,31.000019172042204,-6.999902130120291
2025-08-27 12:04:30,Sheep_6,31.000021776038164,-7.000026663177768
2025-08-27 12:04:30,Sheep_7,30.999988579958263,-7.000014255337089
2025-08-27 12:04:30,Sheep_8,30.999951608610154,-7.000010378033823
2025-08-27 12:04:30,Sheep_9,31.000019749256605,-7.00004006185086
2025-08-27 12:04:30,Sheep_10,31.00002825591047,-6.999984664362291
2025-08-27 12:05:00,Sheep_1,30.999980212900056,-7.0000044496910245
2025-08-27 12:05:00,Sheep_2,31.00004307371023,-6.999976937260752
2025-08-27 12:05:00,Sheep_3,30.999553873667015,-7.000064138395292
2025-08-27 12:05:00,Sheep_4,31.00000206456352,-7.000016089843465
2025-08-27 12:05:00,Sheep_5,30.999943278399954,-6.999935793937653
2025-08-27 12:05:00,Sheep_6,31.000004185905475,-6.999987482252161
2025-08-27 12:05:00,Sheep_7,30.999998439424633,-7.000023112068197
2025-08-27 12:05:00,Sheep_8,30.99999498945883,-7.000050284962583
2025-08-27 12:05:00,Sheep_9,31.00006136596743,-7.000038813050484
2025-08-27 12:05:00,Sheep_10,30.99997218919465,-7.00001384174698
2025-08-27 12:05:30,Sheep_1,31.000034712784537,-6.999999543837142
2025-08-27 12:05:30,Sheep_2,30.99996668696202,-6.999960563608792
2025-08-27 12:05:30,Sheep_3,31.00001313332064,-6.999988714405259
2025-08-27 12:05:30,Sheep_4,31.000019288562015,-6.9999247212749305
2025-08-27 12:05:30,Sheep_5,31.00005888685488,-7.000021590326631
2025-08-27 12:05:30,Sheep_6,31.00004376262108,-6.999987953194208
2025-08-27 12:05:30,Sheep_7,31.00001345030047,-7.000053204985699
2025-08-27 12:05:30,Sheep_8,30.999995408216886,-7.0000255551692385
2025-08-27 12:05:30,Sheep_9,31.00002231563461,-6.9999663252349205
2025-08-27 12:05:30,Sheep_10,30.999944093971855,-7.000000692776004
2025-08-27 12:06:00,Sheep_1,31.000030233421796,-7.000005869185555
2025-08-27 12:06:00,Sheep_2,31.000019647780586,-6.999988959359617
2025-08-27 12:06:00,Sheep_3,31.000009207516133,-7.000008530141428
2025-08-27 12:06:00,Sheep_4,30.999717207830223,-7.000450013133784
2025-08-27 12:06:00,Sheep_5,31.000019116578724,-6.999999388232553
2025-08-27 12:06:00,Sheep_6,30.999996267187083,-7.000013327100614
2025-08-27 12:06:00,Sheep_7,30.99999177536349,-6.999967085098903
2025-08-27 12:06:00,Sheep_8,30.999990965394847,-7.000042163067257
2025-08-27 12:06:00,Sheep_9,31.000020040921008,-7.000006441321192
2025-08-27 12:06:00,Sheep_10,31.000000846097706,-6.999949457746832
2025-08-27 12:06:30,Sheep_1,30.999999445906646,-6.999990908066898
2025-08-27 12:06:30,Sheep_2,30.9999682287956,-7.000006906406381
2025-08-27 12:06:30,Sheep_3,31.000016426321736,-7.000048900941692
2025-08-27 12:06:30,Sheep_4,30.999481738813547,-7.000850899151445
2025-08-27 12:06:30,Sheep_5,31.000001112669484,-6.999967391729895
2025-08-27 12:06:30,Sheep_6,31.000009012895656,-6.999953529427593
2025-08-27 12:06:30,Sheep_7,30.999973223423044,-6.999995726532349
2025-08-27 12:06:30,Sheep_8,31.000002276323745,-7.000033617355441
2025-08-27 12:06:30,Sheep_9,31.000025771514608,-6.999926912283968
2025-08-27 12:06:30,Sheep_10,30.999999541697598,-6.999984122139745
2025-08-27 12:07:00,Sheep_1,31.00000227771674,-7.000022435098122
2025-08-27 12:07:00,Sheep_2,30.999950931720864,-7.000022189514452
2025-08-27 12:07:00,Sheep_3,30.99996248764694,-6.999946423039979
2025-08-27 12:07:00,Sheep_4,30.999215127492082,-7.001286768065817
2025-08-27 12:07:00,Sheep_5,31.000023962104514,-7.000035267848544
2025-08-27 12:07:00,Sheep_6,30.99997933352395,-6.999997859808227
2025-08-27 12:07:00,Sheep_7,31.000027724640443,-6.999984227024922
2025-08-27 12:07:00,Sheep_8,31.000006692197516,-6.999997543978831
2025-08-27 12:07:00,Sheep_9,31.00001078609025,-6.999993660033764
2025-08-27 12:07:00,Sheep_10,30.999972242931868,-6.999998551269524
2025-08-27 12:07:30,Sheep_1,30.999971064804377,-6.999997450765294
2025-08-27 12:07:30,Sheep_2,30.999987046857488,-6.999920161855657
2025-08-27 12:07:30,Sheep_3,30.999998924872877,-7.000044149284289
2025-08-27 12:07:30,Sheep_4,30.998953850059774,-7.001695137706504
2025-08-27 12:07:30,Sheep_5,31.00004509604598,-7.000018532380233
2025-08-27 12:07:30,Sheep_6,30.99995735461802,-6.999974318648825
2025-08-27 12:07:30,Sheep_7,30.99996279378263,-7.000013712724697
2025-08-27 12:07:30,Sheep_8,30.999993057299168,-7.000002189275391
2025-08-27 12:07:30,Sheep_9,31.000018572523995,-7.000021493458099
2025-08-27 12:07:30,Sheep_10,30.999992623178617,-7.000000448659819
2025-08-27 12:08:00,Sheep_1,31.00000403156551,-6.9999969243141615
2025-08-27 12:08:00,Sheep_2,31.000011750065806,-6.9999734696904286
2025-08-27 12:08:00,Sheep_3,31.000010581228413,-6.99998573927362
2025-08-27 12:08:00,Sheep_4,30.998666899389242,-7.0021314765575084
2025-08-27 12:08:00,Sheep_5,31.000012922409667,-6.999977082092826
2025-08-27 12:08:00,Sheep_6,30.999981341606876,-7.000020720191201
2025-08-27 12:08:00,Sheep_7,30.999984528368433,-6.999983135149919
2025-08-27 12:08:00,Sheep_8,31.00002786240716,-7.000012810543547
2025-08-27 12:08:00,Sheep_9,31.000024468980783,-6.999996117795475
2025-08-27 12:08:00,Sheep_10,30.999996650580925,-7.00000664591903
2025-08-27 12:08:30,Sheep_1,31.000020120679967,-6.999989763835219
2025-08-27 12:08:30,Sheep_2,31.00006133198242,-7.000026793938119
2025-08-27 12:08:30,Sheep_3,31.00001396249646,-7.000016638076857
2025-08-27 12:08:30,Sheep_4,30.998418773352846,-7.002559262971032
2025-08-27 12:08:30,Sheep_5,31.000003701558015,-6.9999082526393765
2025-08-27 12:08:30,Sheep_6,30.99999503739268,-7.0000355328130786
2025-08-27 12:08:30,Sheep_7,31.000007357457353,-7.000065226671443
2025-08-27 12:08:30,Sheep_8,30.999997521825836,-6.999999496165212
2025-08-27 12:08:30,Sheep_9,31.00002141395211,-6.999969389321799
2025-08-27 12:08:30,Sheep_10,30.999986429133518,-7.000004735303797
2025-08-27 12:09:00,Sheep_1,30.999979353552895,-7.000035466280559
2025-08-27 12:09:00,Sheep_2,31.000008351458302,-7.000040041522688
2025-08-27 12:09:00,Sheep_3,30.999988826080653,-7.000031288263861
2025-08-27 12:09:00,Sheep_4,30.998183332080977,-7.002947783093543
2025-08-27 12:09:00,Sheep_5,30.999964923069093,-7.000058258890975
2025-08-27 12:09:00,Sheep_6,30.999996634381457,-6.999999506461381
2025-08-27 12:09:00,Sheep_7,31.000005892722964,-7.00001403231456
2025-08-27 12:09:00,Sheep_8,30.999994592904272,-6.999988445474701
2025-08-27 12:09:00,Sheep_9,31.00002803892093,-7.000061466722655
2025-08-27 12:09:00,Sheep_10,30.99999005732737,-6.9999932778526865
2025-08-27 12:09:30,Sheep_1,30.999975261154205,-6.999945572036238
2025-08-27 12:09:30,Sheep_2,30.99998287612612,-7.000001298241854
2025-08-27 12:09:30,Sheep_3,31.000014984425896,-7.000018589990528
2025-08-27 12:09:30,Sheep_4,30.99787934559877,-7.003421031525162
2025-08-27 12:09:30,Sheep_5,31.000027742738663,-7.000010591980945
2025-08-27 12:09:30,Sheep_6,30.999977189158244,-6.999970896870792
2025-08-27 12:09:30,Sheep_7,30.999991085836434,-7.000016039453193
2025-08-27 12:09:30,Sheep_8,31.000004027742264,-6.999975767617622
2025-08-27 12:09:30,Sheep_9,31.000064185596436,-6.999973991701296
2025-08-27 12:09:30,Sheep_10,31.000031256916092,-7.000015907574531
2025-08-27 12:10:00,Sheep_1,30.99997235353649,-6.9999980403027084
2025-08-27 12:10:00,Sheep_2,31.000002888157976,-7.000033908434695
2025-08-27 12:10:00,Sheep_3,30.999995275928946,-6.999987445456784
2025-08-27 12:10:00,Sheep_4,30.997658061643993,-7.0038279829222505
2025-08-27 12:10:00,Sheep_5,31.000007841306058,-7.000015940349477
2025-08-27 12:10:00,Sheep_6,30.999986150719728,-7.000037695025401
2025-08-27 12:10:00,Sheep_7,31.000048098500876,-6.99999957712061
2025-08-27 12:10:00,Sheep_8,30.999993940359616,-7.0000292012179655
2025-08-27 12:10:00,Sheep_9,31.00007911402899,-7.0000337454274675
2025-08-27 12:10:00,Sheep_10,30.99998844283348,-6.99998692609214
2025-08-27 12:10:30,Sheep_1,31.000016175340434,-6.999969882621419
2025-08-27 12:10:30,Sheep_2,31.000048713847676,-6.999984086406078
2025-08-27 12:10:30,Sheep_3,30.999971540671936,-7.000008078353329
2025-08-27 12:10:30,Sheep_4,30.997396182513775,-7.004221708649505
2025-08-27 12:10:30,Sheep_5,30.999962330071547,-6.999962191001248
2025-08-27 12:10:30,Sheep_6,31.00000484857266,-6.999973658612551
2025-08-27 12:10:30,Sheep_7,30.999997251310187,-7.000026486077287
2025-08-27 12:10:30,Sheep_8,31.00002023552226,-6.999979424692084
2025-08-27 12:10:30,Sheep_9,31.000026196289053,-7.000000418297663
2025-08-27 12:10:30,Sheep_10,30.999983835195202,-7.000049008254605
2025-08-27 12:11:00,Sheep_1,31.000022081564897,-6.999986672916989
2025-08-27 12:11:00,Sheep_2,30.99997397280005,-7.000016932753345
2025-08-27 12:11:00,Sheep_3,30.999987421160295,-7.000046625022438
2025-08-27 12:11:00,Sheep_4,30.997115026456736,-7.0047153296059275
2025-08-27 12:11:00,Sheep_5,30.999988883964825,-7.000023224645311
2025-08-27 12:11:00,Sheep_6,30.999956153298935,-6.999936409774204
2025-08-27 12:11:00,Sheep_7,31.000033755140073,-7.0000244923663555
2025-08-27 12:11:00,Sheep_8,31.000007341575547,-6.999986874899857
2025-08-27 12:11:00,Sheep_9,31.00003209897201,-7.000025736937564
2025-08-27 12:11:00,Sheep_10,31.00002943155185,-7.00001722613977
2025-08-27 12:11:30,Sheep_1,30.999963999396222,-6.999977233150532
2025-08-27 12:11:30,Sheep_2,31.0000347850815,-6.999918636156015
2025-08-27 12:11:30,Sheep_3,30.999967668201624,-6.999978025968921
2025-08-27 12:11:30,Sheep_4,30.996861419733545,-7.005101651196041
2025-08-27 12:11:30,Sheep_5,30.999960371284104,-7.000039701474847
2025-08-27 12:11:30,Sheep_6,30.99997909068928,-6.9999975173708355
2025-08-27 12:11:30,Sheep_7,30.999982723286024,-6.999979279335029
2025-08-27 12:11:30,Sheep_8,31.000027674127335,-6.99998114928538
2025-08-27 12:11:30,Sheep_9,31.0000436252508,-6.999986926413042
2025-08-27 12:11:30,Sheep_10,30.999967205442587,-6.999957135449865
2025-08-27 12:12:00,Sheep_1,30.999983691441727,-6.999971376447346
2025-08-27 12:12:00,Sheep_2,31.000042411090995,-6.999985641731438
2025-08-27 12:12:00,Sheep_3,30.999959679514557,-7.000028868585497
2025-08-27 12:12:00,Sheep_4,30.996631612229862,-7.005548121068615
2025-08-27 12:12:00,Sheep_5,31.00000214445387,-6.999976142564503
2025-08-27 12:12:00,Sheep_6,31.000018765438252,-6.999991234535422
2025-08-27 12:12:00,Sheep_7,30.999994376526107,-7.000009830294225
2025-08-27 12:12:00,Sheep_8,31.000023119803053,-6.999982595776968
2025-08-27 12:12:00,Sheep_9,30.999993065936025,-6.999965978394793
2025-08-27 12:12:00,Sheep_10,30.99999652261637,-7.000026776254106
2025-08-27 12:12:30,Sheep_1,30.99997954624419,-7.000030771606545
2025-08-27 12:12:30,Sheep_2,30.999992658731138,-6.999961211715432
2025-08-27 12:12:30,Sheep_3,30.999978303220058,-6.999994074323103
2025-08-27 12:12:30,Sheep_4,30.99633511447244,-7.005976538200277
2025-08-27 12:12:30,Sheep_5,30.999959305393137,-7.000006933720719
2025-08-27 12:12:30,Sheep_6,30.99999477976878,-6.9999830133499925
2025-08-27 12:12:30,Sheep_7,31.000006017272185,-7.00003767744186
2025-08-27 12:12:30,Sheep_8,31.000029218421957,-6.999993388073564
2025-08-27 12:12:30,Sheep_9,31.000005346573406,-7.0000002886931405
2025-08-27 12:12:30,Sheep_10,30.999986046780975,-6.9999931522956285
2025-08-27 12:13:00,Sheep_1,31.0000128167922,-7.000054922390989
2025-08-27 12:13:00,Sheep_2,30.999985480753576,-7.000008015531356
2025-08-27 12:13:00,Sheep_3,31.000006903627533,-6.999962482308495
2025-08-27 12:13:00,Sheep_4,30.996072112624894,-7.006408025268195
2025-08-27 12:13:00,Sheep_5,30.999986187546426,-7.000025200023052
2025-08-27 12:13:00,Sheep_6,30.99999064355475,-6.999975765982416
2025-08-27 12:13:00,Sheep_7,30.999971599833938,-6.999986549517755
2025-08-27 12:13:00,Sheep_8,30.99995413486624,-7.00001764846354
2025-08-27 12:13:00,Sheep_9,30.999991120482388,-6.999947342421036
2025-08-27 12:13:00,Sheep_10,30.99999259426056,-7.000069207082776
2025-08-27 12:13:30,Sheep_1,30.999946131272722,-6.999998930109991
2025-08-27 12:13:30,Sheep_2,31.000016540716558,-6.999988195669888
2025-08-27 12:13:30,Sheep_3,31.00000451590296,-6.999963458564606
2025-08-27 12:13:30,Sheep_4,30.99581534866924,-7.006805336533686
2025-08-27 12:13:30,Sheep_5,30.99995601828373,-7.000028451554922
2025-08-27 12:13:30,Sheep_6,30.999951301435637,-7.000008641134751
2025-08-27 12:13:30,Sheep_7,30.999998753290946,-6.999996412649708
2025-08-27 12:13:30,Sheep_8,31.000001667715225,-7.000029162271652
2025-08-27 12:13:30,Sheep_9,30.999994873135705,-7.000047079715078
2025-08-27 12:13:30,Sheep_10,31.000036738114673,-7.000009546002072
2025-08-27 12:14:00,Sheep_1,30.99998682484408,-6.999950043724757
2025-08-27 12:14:00,Sheep_2,30.999966522281703,-7.000035388452714
2025-08-27 12:14:00,Sheep_3,30.99997045759096,-7.00000213387587
2025-08-27 12:14:00,Sheep_4,30.995571863068893,-7.007235096126543
2025-08-27 12:14:00,Sheep_5,31.000069313564072,-7.000070722144067
2025-08-27 12:14:00,Sheep_6,31.00001640501947,-7.000017516182157
2025-08-27 12:14:00,Sheep_7,30.999984196501558,-7.0000194856323255
2025-08-27 12:14:00,Sheep_8,30.99997550926148,-6.999947038548406
2025-08-27 12:14:00,Sheep_9,31.000022699353046,-6.999999270718561
2025-08-27 12:14:00,Sheep_10,31.00003640897644,-7.000047553902403
2025-08-27 12:14:30,Sheep_1,30.999964138381298,-7.000068475293598
2025-08-27 12:14:30,Sheep_2,30.99998115124308,-6.999994916199204
2025-08-27 12:14:30,Sheep_3,31.0000027719703,-6.999995304691132
2025-08-27 12:14:30,Sheep_4,30.995277822109024,-7.007660271467161
2025-08-27 12:14:30,Sheep_5,31.000006457802325,-6.999976952777397
2025-08-27 12:14:30,Sheep_6,30.999948991317527,-6.999990206729102
2025-08-27 12:14:30,Sheep_7,30.999967990516353,-7.000012491840889
2025-08-27 12:14:30,Sheep_8,31.0000144007788,-6.999997136017517
2025-08-27 12:14:30,Sheep_9,30.999977051563608,-6.999999802772004
2025-08-27 12:14:30,Sheep_10,30.999958726141344,-6.999963835599359
2025-08-27 12:15:00,Sheep_1,30.999994467732137,-6.9999648327958655
2025-08-27 12:15:00,Sheep_2,30.999985810321046,-7.000016461226214
2025-08-27 12:15:00,Sheep_3,30.999979405674093,-6.999972453096376
2025-08-27 12:15:00,Sheep_4,30.995029492865548,-7.008090100735705
2025-08-27 12:15:00,Sheep_5,30.999989693162117,-7.00006212427535
2025-08-27 12:15:00,Sheep_6,30.99998463041499,-7.000037071155816
2025-08-27 12:15:00,Sheep_7,31.000000913655867,-7.000037426412704
2025-08-27 12:15:00,Sheep_8,31.000024954413423,-7.000002863424552
2025-08-27 12:15:00,Sheep_9,30.999995213905997,-6.999979378754772
2025-08-27 12:15:00,Sheep_10,31.000025976651116,-7.000000631904646
2025-08-27 12:15:30,Sheep_1,30.99997921666458,-7.000055773595036
2025-08-27 12:15:30,Sheep_2,30.9999815114151,-7.000019405149661
2025-08-27 12:15:30,Sheep_3,31.00000288512719,-7.000010851416056
2025-08-27 12:15:30,Sheep_4,30.994793663414665,-7.008542965446733
2025-08-27 12:15:30,Sheep_5,30.99999846277847,-6.999962775441256
2025-08-27 12:15:30,Sheep_6,31.000009211962286,-7.000001887579983
2025-08-27 12:15:30,Sheep_7,30.999983777997432,-7.000019908791653
2025-08-27 12:15:30,Sheep_8,30.99997707653828,-7.000017009252904
2025-08-27 12:15:30,Sheep_9,31.000020364692023,-7.000006976166037
2025-08-27 12:15:30,Sheep_10,30.999963624513043,-6.999944408767089
2025-08-27 12:16:00,Sheep_1,31.000008622849204,-7.000044234292823
2025-08-27 12:16:00,Sheep_2,30.99998809246513,-6.99999651373273
2025-08-27 12:16:00,Sheep_3,31.000045937623785,-7.000034839049632
2025-08-27 12:16:00,Sheep_4,30.9945379048157,-7.008927289955169
2025-08-27 12:16:00,Sheep_5,30.999983058184377,-7.00000872502666
2025-08-27 12:16:00,Sheep_6,30.99997207215467,-7.000006396817164
2025-08-27 12:16:00,Sheep_7,30.999999013924516,-6.999979260607665
2025-08-27 12:16:00,Sheep_8,31.000029379719845,-7.000023520136184
2025-08-27 12:16:00,Sheep_9,30.9999469818973,-7.000000667935744
2025-08-27 12:16:00,Sheep_10,31.000007910641305,-6.999992158309262
2025-08-27 12:16:30,Sheep_1,30.999991196373134,-6.999996077794668
2025-08-27 12:16:30,Sheep_2,31.00004084023019,-6.999987998279814
2025-08-27 12:16:30,Sheep_3,30.999989937969143,-7.000015726216636
2025-08-27 12:16:30,Sheep_4,30.99425638263743,-7.009348822987923
2025-08-27 12:16:30,Sheep_5,30.999995060167727,-7.000000622334084
2025-08-27 12:16:30,Sheep_6,30.99998700196988,-6.999965447969248
2025-08-27 12:16:30,Sheep_7,31.000052816311214,-6.999985832728188
2025-08-27 12:16:30,Sheep_8,31.000002230674735,-6.999998843547926
2025-08-27 12:16:30,Sheep_9,30.99993574451701,-6.999976572460899
2025-08-27 12:16:30,Sheep_10,31.000003615695725,-6.9999865329282684
2025-08-27 12:17:00,Sheep_1,30.999980826566816,-7.000012087322174
2025-08-27 12:17:00,Sheep_2,30.99998892315119,-6.999967880178964
2025-08-27 12:17:00,Sheep_3,30.999989792674185,-6.999934521170855
2025-08-27 12:17:00,Sheep_4,30.994006240406225,-7.009836373221446
2025-08-27 12:17:00,Sheep_5,30.999996535762847,-7.00002048866228
2025-08-27 12:17:00,Sheep_6,30.999940862851155,-6.999949712642384
2025-08-27 12:17:00,Sheep_7,31.0000189492241,-6.999983235964839
2025-08-27 12:17:00,Sheep_8,31.000004457518692,-7.0000434506248075
2025-08-27 12:17:00,Sheep_9,30.999986966839575,-6.999973534417041
2025-08-27 12:17:00,Sheep_10,30.999971670318995,-7.000079598813467
2025-08-27 12:17:30,Sheep_1,30.99999387964406,-7.000004456856724
2025-08-27 12:17:30,Sheep_2,31.000003653343956,-6.9999770953778295
2025-08-27 12:17:30,Sheep_3,31.00001718305279,-6.999991864278737
2025-08-27 12:17:30,Sheep_4,30.993759043812684,-7.010267978384592
2025-08-27 12:17:30,Sheep_5,31.00001359814448,-6.99998030163728
2025-08-27 12:17:30,Sheep_6,30.99996659462039,-7.000047250243724
2025-08-27 12:17:30,Sheep_7,30.99997989735556,-7.000020798859337
2025-08-27 12:17:30,Sheep_8,31.000020304153704,-7.0000193210960004
2025-08-27 12:17:30,Sheep_9,30.99997692197669,-7.000019229761339
2025-08-27 12:17:30,Sheep_10,31.000030146397794,-6.9999995899163805
2025-08-27 12:18:00,Sheep_1,30.999995169304025,-7.000003458572278
2025-08-27 12:18:00,Sheep_2,31.000034820167112,-7.00002355395499
2025-08-27 12:18:00,Sheep_3,31.000035452073956,-6.999993381997513
2025-08-27 12:18:00,Sheep_4,30.99347374769095,-7.010610227784174
2025-08-27 12:18:00,Sheep_5,30.999971551217488,-7.000011119878348
2025-08-27 12:18:00,Sheep_6,30.999966786797362,-6.999970054600851
2025-08-27 12:18:00,Sheep_7,31.000045522518874,-6.999947497636879
2025-08-27 12:18:00,Sheep_8,31.000032984605276,-7.000006213186428
2025-08-27 12:18:00,Sheep_9,30.99999015699845,-7.000052541568515
2025-08-27 12:18:00,Sheep_10,31.000054865438425,-6.999985255331786
2025-08-27 12:18:30,Sheep_1,30.999986742088442,-6.999958245898668
2025-08-27 12:18:30,Sheep_2,30.99997378464292,-6.999987215805466
2025-08-27 12:18:30,Sheep_3,30.999995347759587,-6.999979919994212
2025-08-27 12:18:30,Sheep_4,30.993214552837863,-7.0111195639587915
2025-08-27 12:18:30,Sheep_5,31.000002036733004,-6.999967023717112
2025-08-27 12:18:30,Sheep_6,30.999999212637285,-6.999975630384813
2025-08-27 12:18:30,Sheep_7,30.999971823675377,-7.000000825639197
2025-08-27 12:18:30,Sheep_8,30.99998316985838,-6.99997651492647
2025-08-27 12:18:30,Sheep_9,31.00000084867667,-6.999978304087387
2025-08-27 12:18:30,Sheep_10,31.00002931307293,-6.999978255515778
2025-08-27 12:19:00,Sheep_1,31.00000736036025,-7.000031383787952
2025-08-27 12:19:00,Sheep_2,30.99999992491617,-7.000016760359326
2025-08-27 12:19:00,Sheep_3,30.999990727705082,-7.000011775351653
2025-08-27 12:19:00,Sheep_4,30.992937154645244,-7.011556684191157
2025-08-27 12:19:00,Sheep_5,30.999981993988996,-6.999993920151089
2025-08-27 12:19:00,Sheep_6,30.999963667524828,-6.999999506950571
2025-08-27 12:19:00,Sheep_7,31.00005121097083,-6.999967835107494
2025-08-27 12:19:00,Sheep_8,31.000044292351127,-6.999987702941687
2025-08-27 12:19:00,Sheep_9,31.000031463613627,-7.00002276144717
2025-08-27 12:19:00,Sheep_10,30.999982635458128,-7.000086118553112
2025-08-27 12:19:30,Sheep_1,31.000031965832036,-6.999951572222492
2025-08-27 12:19:30,Sheep_2,30.999985092240962,-7.000007984240261
2025-08-27 12:19:30,Sheep_3,30.999979683917164,-6.999987969374433
2025-08-27 12:19:30,Sheep_4,30.992714036189522,-7.011978692741663
2025-08-27 12:19:30,Sheep_5,31.000011034096225,-7.00000869855899
2025-08-27 12:19:30,Sheep_6,31.000003055903484,-6.999985569231096
2025-08-27 12:19:30,Sheep_7,30.999994928069384,-7.000003256770105
2025-08-27 12:19:30,Sheep_8,30.99999423620641,-6.999969493263919
2025-08-27 12:19:30,Sheep_9,31.000011285302556,-6.999993064854779
2025-08-27 12:19:30,Sheep_10,30.99996574869598,-7.000011902545058
2025-08-27 12:20:00,Sheep_1,31.00002421853648,-6.999998814819947
2025-08-27 12:20:00,Sheep_2,31.000017773934683,-6.999944460878652
2025-08-27 12:20:00,Sheep_3,31.000027989743153,-6.999997071102372
2025-08-27 12:20:00,Sheep_4,30.99242371004721,-7.012422192503649
2025-08-27 12:20:00,Sheep_5,30.999995462138273,-7.000010249831087
2025-08-27 12:20:00,Sheep_6,31.00001052010944,-7.000004838779495
2025-08-27 12:20:00,Sheep_7,30.999991365835623,-7.000055944292651
2025-08-27 12:20:00,Sheep_8,30.99997466849185,-6.999985014093882
2025-08-27 12:20:00,Sheep_9,31.000046242570008,-7.000003066197532
2025-08-27 12:20:00,Sheep_10,31.00000883429052,-6.999970054091951
2025-08-27 12:20:30,Sheep_1,30.999978146947463,-6.999988467368484
2025-08-27 12:20:30,Sheep_2,30.999980044283877,-6.99997280992438
2025-08-27 12:20:30,Sheep_3,31.000004080211497,-6.999990616676599
2025-08-27 12:20:30,Sheep_4,30.992157895444393,-7.012780356583718
2025-08-27 12:20:30,Sheep_5,31.000056181627414,-7.000031688738196
2025-08-27 12:20:30,Sheep_6,30.9999908437206,-6.999992718262278
2025-08-27 12:20:30,Sheep_7,31.00002119312465,-7.000017592132152
2025-08-27 12:20:30,Sheep_8,30.999923651716937,-6.999957267089731
2025-08-27 12:20:30,Sheep_9,31.000020495134375,-7.000054798260834
2025-08-27 12:20:30,Sheep_10,30.999983626424942,-6.999950696352986
2025-08-27 12:21:00,Sheep_1,31.000039017151053,-6.999970489162816
2025-08-27 12:21:00,Sheep_2,30.999995253886976,-6.999997390876006
2025-08-27 12:21:00,Sheep_3,30.999996471636585,-6.9999645281473795
2025-08-27 12:21:00,Sheep_4,30.991895285398137,-7.01323857140321
2025-08-27 12:21:00,Sheep_5,31.000027226228536,-7.000001394723919
2025-08-27 12:21:00,Sheep_6,31.000037148778894,-7.000021112340118
2025-08-27 12:21:00,Sheep_7,30.999998523759604,-7.000029000659203
2025-08-27 12:21:00,Sheep_8,31.00000019841937,-7.000046485507619
2025-08-27 12:21:00,Sheep_9,30.99998685860346,-7.000045155813664
2025-08-27 12:21:00,Sheep_10,31.00001870076985,-6.999977470435074
2025-08-27 12:21:30,Sheep_1,30.999953370569607,-6.999958062639451
2025-08-27 12:21:30,Sheep_2,31.0000673036775,-6.999998553559452
2025-08-27 12:21:30,Sheep_3,30.99998272239687,-6.999911203061654
2025-08-27 12:21:30,Sheep_4,30.991626389288587,-7.013647766279887
2025-08-27 12:21:30,Sheep_5,31.000004840700843,-6.999957708566164
2025-08-27 12:21:30,Sheep_6,31.00000969472624,-7.000015677046958
2025-08-27 12:21:30,Sheep_7,30.999974366213518,-7.0000107468761605
2025-08-27 12:21:30,Sheep_8,30.99997286397698,-6.999998496372207
2025-08-27 12:21:30,Sheep_9,30.999984795288004,-7.000046972540056
2025-08-27 12:21:30,Sheep_10,31.000033825344637,-7.000015646821417
2025-08-27 12:22:00,Sheep_1,30.9999658245561,-7.000005290066269
2025-08-27 12:22:00,Sheep_2,31.000001842568253,-7.000054908904308
2025-08-27 12:22:00,Sheep_3,31.000008937684168,-7.000032922628237
2025-08-27 12:22:00,Sheep_4,30.991419892090274,-7.014063711366916
2025-08-27 12:22:00,Sheep_5,30.9999892229611,-7.000023428070627
2025-08-27 12:22:00,Sheep_6,30.99999717119006,-6.999980733862434
2025-08-27 12:22:00,Sheep_7,30.99999931295018,-7.00000682747171
2025-08-27 12:22:00,Sheep_8,31.000001573040535,-7.000018985321498
2025-08-27 12:22:00,Sheep_9,30.999990750828417,-7.00006557730288
2025-08-27 12:22:00,Sheep_10,31.000026241274636,-6.99999060579942
2025-08-27 12:22:30,Sheep_1,30.99997915587916,-6.999940303782562
2025-08-27 12:22:30,Sheep_2,31.000002345036304,-7.00003257634824
2025-08-27 12:22:30,Sheep_3,31.00002308850399,-6.9999874853662485
2025-08-27 12:22:30,Sheep_4,30.99113530566934,-7.014510123279242
2025-08-27 12:22:30,Sheep_5,31.00001214056029,-7.000008229679214
2025-08-27 12:22:30,Sheep_6,31.00001498225256,-7.0000598914432235
2025-08-27 12:22:30,Sheep_7,30.99998830739859,-6.999945855453136
2025-08-27 12:22:30,Sheep_8,30.999979328041984,-7.000018984672773
2025-08-27 12:22:30,Sheep_9,30.99998792773971,-7.000038193498273
2025-08-27 12:22:30,Sheep_10,30.999940488301036,-7.000007249635109
2025-08-27 12:23:00,Sheep_1,31.000003661321166,-7.000001650759068
2025-08-27 12:23:00,Sheep_2,30.999996095619064,-6.999998646795255
2025-08-27 12:23:00,Sheep_3,31.000027564897724,-7.000005987627045
2025-08-27 12:23:00,Sheep_4,30.9908569676541,-7.014933597698438
2025-08-27 12:23:00,Sheep_5,31.000015613010053,-6.999955605882655
2025-08-27 12:23:00,Sheep_6,30.999983071943788,-6.999996889522277
2025-08-27 12:23:00,Sheep_7,31.000009118508135,-7.000031206647107
2025-08-27 12:23:00,Sheep_8,31.000000550229085,-7.000046080778065
2025-08-27 12:23:00,Sheep_9,30.99995232527029,-6.99998846949494
2025-08-27 12:23:00,Sheep_10,30.9999896548309,-6.99999364030509
2025-08-27 12:23:30,Sheep_1,30.999999517742264,-7.0000306980121945
2025-08-27 12:23:30,Sheep_2,30.999998780426644,-7.000038768698291
2025-08-27 12:23:30,Sheep_3,31.0000374857804,-7.000042631700232
2025-08-27 12:23:30,Sheep_4,30.990602829420908,-7.015376057183968
2025-08-27 12:23:30,Sheep_5,31.000015372471434,-7.000010420200502
2025-08-27 12:23:30,Sheep_6,30.99998602227669,-6.999973175348086
2025-08-27 12:23:30,Sheep_7,31.00000079313488,-6.999983756701443
2025-08-27 12:23:30,Sheep_8,30.99997355391835,-7.00004416743704
2025-08-27 12:23:30,Sheep_9,31.00000288918331,-7.000010024527675
2025-08-27 12:23:30,Sheep_10,31.000016881998,-7.000002512321315
2025-08-27 12:24:00,Sheep_1,31.000005526644067,-7.00005103913787
2025-08-27 12:24:00,Sheep_2,31.000050892120182,-7.000005163767112
2025-08-27 12:24:00,Sheep_3,31.00001879950513,-7.000026286717542
2025-08-27 12:24:00,Sheep_4,30.990350945910446,-7.015808024662756
2025-08-27 12:24:00,Sheep_5,31.00001218292773,-7.000011191823268
2025-08-27 12:24:00,Sheep_6,31.00000078666468,-6.999978055700307
2025-08-27 12:24:00,Sheep_7,30.999966783857943,-7.0000215204162695
2025-08-27 12:24:00,Sheep_8,31.00001232458537,-6.999934031928307
2025-08-27 12:24:00,Sheep_9,30.999996278772873,-6.999981414683683
2025-08-27 12:24:00,Sheep_10,30.999997117189995,-6.999938935809115
2025-08-27 12:24:30,Sheep_1,30.99995291353754,-6.999997025114872
2025-08-27 12:24:30,Sheep_2,30.999956192668876,-7.00007880659648
2025-08-27 12:24:30,Sheep_3,31.000008016404593,-6.999995614190052
2025-08-27 12:24:30,Sheep_4,30.990079359884476,-7.01620944873498
2025-08-27 12:24:30,Sheep_5,31.000083497110154,-7.000008117024929
2025-08-27 12:24:30,Sheep_6,31.00001374751243,-7.00002041602638
2025-08-27 12:24:30,Sheep_7,31.000007956321642,-7.000007490065442
2025-08-27 12:24:30,Sheep_8,30.99998893679978,-6.999942813840088
2025-08-27 12:24:30,Sheep_9,31.000031724352223,-6.999995700686153
2025-08-27 12:24:30,Sheep_10,30.99993790302005,-7.000011350128006
2025-08-27 12:25:00,Sheep_1,31.000072844796023,-7.000007252001539
2025-08-27 12:25:00,Sheep_2,31.000029730980202,-6.9999546653387625
2025-08-27 12:25:00,Sheep_3,31.000005900931978,-7.000026466867506
2025-08-27 12:25:00,Sheep_4,30.989779789155772,-7.01661938871486
2025-08-27 12:25:00,Sheep_5,30.999978042867333,-6.999994461830755
2025-08-27 12:25:00,Sheep_6,30.999966318172667,-7.000008339066823
2025-08-27 12:25:00,Sheep_7,31.000000908706117,-6.99999155541928
2025-08-27 12:25:00,Sheep_8,30.999969956283127,-6.999962369126312
2025-08-27 12:25:00,Sheep_9,30.99998391408234,-7.000052645310686
2025-08-27 12:25:00,Sheep_10,30.999997061891307,-6.999998919240472
2025-08-27 12:25:30,Sheep_1,31.000004327778473,-6.999957174564672
2025-08-27 12:25:30,Sheep_2,30.99999362786103,-7.000003760840336
2025-08-27 12:25:30,Sheep_3,30.999970269914268,-6.999974201802353
2025-08-27 12:25:30,Sheep_4,30.98956591905211,-7.017069038418834
2025-08-27 12:25:30,Sheep_5,30.999948670283143,-6.999954587688481
2025-08-27 12:25:30,Sheep_6,30.999966914841057,-7.000018589777383
2025-08-27 12:25:30,Sheep_7,31.000009657146364,-7.000037619774736
2025-08-27 12:25:30,Sheep_8,30.99995975090429,-7.000066776900393
2025-08-27 12:25:30,Sheep_9,31.000019430388598,-7.000017140652555
2025-08-27 12:25:30,Sheep_10,31.00007888798309,-7.00003126251783
2025-08-27 12:26:00,Sheep_1,30.999975167507454,-7.000017775951896
2025-08-27 12:26:00,Sheep_2,31.00000655231733,-7.000014783190402
2025-08-27 12:26:00,Sheep_3,31.00001650194612,-7.000030766813634
2025-08-27 12:26:00,Sheep_4,30.989537785728672,-7.017097925213586
2025-08-27 12:26:00,Sheep_5,30.999940076154296,-7.000016288087141
2025-08-27 12:26:00,Sheep_6,30.99999188878066,-7.000019852376694
2025-08-27 12:26:00,Sheep_7,31.000033508959678,-6.999961390736921
2025-08-27 12:26:00,Sheep_8,30.99999097728205,-7.000056400869995
2025-08-27 12:26:00,Sheep_9,30.999984727674054,-7.000018858381347
2025-08-27 12:26:00,Sheep_10,30.999982290649598,-7.000021936278525
2025-08-27 12:26:30,Sheep_1,30.99998238960935,-7.000012152866291
2025-08-27 12:26:30,Sheep_2,30.999982872589865,-6.999993450341467
2025-08-27 12:26:30,Sheep_3,31.000009711697338,-7.000028630676565
2025-08-27 12:26:30,Sheep_4,30.989585443958003,-7.017080776741476
2025-08-27 12:26:30,Sheep_5,30.99995640134889,-6.9999880283395175
2025-08-27 12:26:30,Sheep_6,30.99997797139415,-6.999989898597915
2025-08-27 12:26:30,Sheep_7,30.99993522272904,-6.999956221192809
2025-08-27 12:26:30,Sheep_8,31.00001811786044,-7.0000471749745055
2025-08-27 12:26:30,Sheep_9,30.99996014793953,-6.999947423969114
2025-08-27 12:26:30,Sheep_10,30.999980128101775,-7.000026226767085
2025-08-27 12:27:00,Sheep_1,30.999938931402422,-7.000011028464868
2025-08-27 12:27:00,Sheep_2,30.999993863107758,-6.999977504900948
2025-08-27 12:27:00,Sheep_3,30.999962295766398,-7.00004779780844
2025-08-27 12:27:00,Sheep_4,30.989570709809758,-7.017039133580575
2025-08-27 12:27:00,Sheep_5,30.99995765848856,-6.999965997203037
2025-08-27 12:27:00,Sheep_6,31.000001011727672,-6.9999656736461064
2025-08-27 12:27:00,Sheep_7,30.999998107607937,-7.000079300403942
2025-08-27 12:27:00,Sheep_8,30.999995904580068,-6.9999666690841345
2025-08-27 12:27:00,Sheep_9,30.999975914138904,-7.000012197616503
2025-08-27 12:27:00,Sheep_10,30.999995253319163,-7.000091160700538
2025-08-27 12:27:30,Sheep_1,31.00004504170613,-7.00002833924645
2025-08-27 12:27:30,Sheep_2,31.000013629233717,-7.000002725883247
2025-08-27 12:27:30,Sheep_3,31.000033891997568,-6.99998723359773
2025-08-27 12:27:30,Sheep_4,30.989558387012305,-7.017078962712284
2025-08-27 12:27:30,Sheep_5,31.00002150154603,-7.000058900984358
2025-08-27 12:27:30,Sheep_6,31.000017406317472,-7.000034553960982
2025-08-27 12:27:30,Sheep_7,31.000033748212235,-6.99999492874326
2025-08-27 12:27:30,Sheep_8,31.00001735870736,-6.999997422272141
2025-08-27 12:27:30,Sheep_9,30.99995277460218,-7.000027061320194
2025-08-27 12:27:30,Sheep_10,31.000018120445677,-6.999994760342013
2025-08-27 12:28:00,Sheep_1,31.000031826892883,-6.999987321049942
2025-08-27 12:28:00,Sheep_2,30.99997394802666,-7.000025028252139
2025-08-27 12:28:00,Sheep_3,31.00000277355526,-7.000072753532789
2025-08-27 12:28:00,Sheep_4,30.989853607952348,-7.016624469763235
2025-08-27 12:28:00,Sheep_5,31.00003306776672,-7.000049694179261
2025-08-27 12:28:00,Sheep_6,31.000033540203745,-6.999929841686432
2025-08-27 12:28:00,Sheep_7,30.999964403206377,-6.999975747131784
2025-08-27 12:28:00,Sheep_8,31.00000002991227,-7.000048556991748
2025-08-27 12:28:00,Sheep_9,31.000013282895395,-6.999973791519795
2025-08-27 12:28:00,Sheep_10,30.999983800039004,-6.9999633435909745
2025-08-27 12:28:30,Sheep_1,30.99995508183417,-7.000046995125076
2025-08-27 12:28:30,Sheep_2,31.00000368120901,-6.999999201886999
2025-08-27 12:28:30,Sheep_3,30.99998068882083,-6.999974546355357
2025-08-27 12:28:30,Sheep_4,30.990094015494464,-7.016189236315439
2025-08-27 12:28:30,Sheep_5,30.999996681554922,-6.999981054879668
2025-08-27 12:28:30,Sheep_6,30.99998799002058,-6.999935427951607
2025-08-27 12:28:30,Sheep_7,30.999978102431637,-6.999933809460323
2025-08-27 12:28:30,Sheep_8,31.00000094020698,-7.000043246054851
2025-08-27 12:28:30,Sheep_9,31.000036868829064,-6.999996041661037
2025-08-27 12:28:30,Sheep_10,31.000022937228668,-6.999961521976609
2025-08-27 12:29:00,Sheep_1,31.000009107677528,-7.000018620048924
2025-08-27 12:29:00,Sheep_2,31.000026294826924,-6.999999976246849
2025-08-27 12:29:00,Sheep_3,31.000018483412287,-7.0000677132774705
2025-08-27 12:29:00,Sheep_4,30.99035344270913,-7.0157941017978285
2025-08-27 12:29:00,Sheep_5,31.000044555595682,-6.999980410137187
2025-08-27 12:29:00,Sheep_6,31.000006464006805,-6.9999847104164665
2025-08-27 12:29:00,Sheep_7,30.99997309268273,-6.999948964818521
2025-08-27 12:29:00,Sheep_8,31.00005366610901,-6.999987646801376
2025-08-27 12:29:00,Sheep_9,31.000042860318953,-7.000017894016256
2025-08-27 12:29:00,Sheep_10,30.99997851831927,-6.999998713326123
2025-08-27 12:29:30,Sheep_1,31.000011721371855,-7.0000123869391055
2025-08-27 12:29:30,Sheep_2,31.00001449249525,-6.999990367116358
2025-08-27 12:29:30,Sheep_3,30.99997309629603,-6.999983689150366
2025-08-27 12:29:30,Sheep_4,30.99062186128425,-7.015350617179008
2025-08-27 12:29:30,Sheep_5,31.00003106310016,-7.000038275168614
2025-08-27 12:29:30,Sheep_6,31.000012610952805,-7.000036793619014
2025-08-27 12:29:30,Sheep_7,30.999969976247982,-7.000019836461965
2025-08-27 12:29:30,Sheep_8,30.99997461210429,-7.000017228985547
2025-08-27 12:29:30,Sheep_9,30.999994228791483,-6.999973679867525
2025-08-27 12:29:30,Sheep_10,30.9999913449774,-7.0000498520635555
2025-08-27 12:30:00,Sheep_1,31.0000307240706,-7.000026318109226
2025-08-27 12:30:00,Sheep_2,30.999998417523525,-6.999985960894662
2025-08-27 12:30:00,Sheep_3,31.000005379368083,-6.999965599001006
2025-08-27 12:30:00,Sheep_4,30.99087588762752,-7.014945758354952
2025-08-27 12:30:00,Sheep_5,31.00005871080239,-6.999993890156975
2025-08-27 12:30:00,Sheep_6,30.999996029278837,-6.999969694189967
2025-08-27 12:30:00,Sheep_7,31.00000672253717,-6.999987448267796
2025-08-27 12:30:00,Sheep_8,31.00006716270208,-7.000008649816201
2025-08-27 12:30:00,Sheep_9,30.99999143655514,-6.999996334772219
2025-08-27 12:30:00,Sheep_10,31.000028876642173,-7.000047365421676
2025-08-27 12:30:30,Sheep_1,30.999947029575328,-7.000018458900899
2025-08-27 12:30:30,Sheep_2,30.999955966862405,-7.000013356695245
2025-08-27 12:30:30,Sheep_3,31.000013542032775,-7.000028005139402
2025-08-27 12:30:30,Sheep_4,30.991102581871957,-7.0144997461366625
2025-08-27 12:30:30,Sheep_5,31.000023244973534,-7.000053289955644
2025-08-27 12:30:30,Sheep_6,31.000022104717885,-6.999974303897421
2025-08-27 12:30:30,Sheep_7,31.000025711959275,-6.9999616909887035
2025-08-27 12:30:30,Sheep_8,31.00005934281148,-7.000011195532062
2025-08-27 12:30:30,Sheep_9,31.000002952881246,-7.000013092822066
2025-08-27 12:30:30,Sheep_10,31.00000005327465,-6.999951806470076
2025-08-27 12:31:00,Sheep_1,30.999963752753757,-7.000027071396987
2025-08-27 12:31:00,Sheep_2,31.000037114110757,-6.999967930057798
2025-08-27 12:31:00,Sheep_3,30.99999021384351,-6.999973137605754
2025-08-27 12:31:00,Sheep_4,30.991395281724362,-7.014043247827001
2025-08-27 12:31:00,Sheep_5,31.000002007984023,-6.999967754131945
2025-08-27 12:31:00,Sheep_6,31.00007120046471,-6.999981195765834
2025-08-27 12:31:00,Sheep_7,31.00000132936128,-6.999977286270733
2025-08-27 12:31:00,Sheep_8,30.99999015592369,-6.999924922308388
2025-08-27 12:31:00,Sheep_9,31.000004852794763,-7.000008581022096
2025-08-27 12:31:00,Sheep_10,30.999977478736838,-6.999965503403172
2025-08-27 12:31:30,Sheep_1,31.000023370124314,-7.000015636818719
2025-08-27 12:31:30,Sheep_2,31.000015534980555,-7.0000474289913965
2025-08-27 12:31:30,Sheep_3,31.00000498483404,-6.999985765342765
2025-08-27 12:31:30,Sheep_4,30.991680760440364,-7.013664344070657
2025-08-27 12:31:30,Sheep_5,30.99996554924644,-7.000028152250198
2025-08-27 12:31:30,Sheep_6,30.9999639803674,-6.999957975499977
2025-08-27 12:31:30,Sheep_7,31.00004173479954,-6.999989932392539
2025-08-27 12:31:30,Sheep_8,31.00003291308693,-6.9999957883492465
2025-08-27 12:31:30,Sheep_9,30.99999743680432,-7.000010470700923
2025-08-27 12:31:30,Sheep_10,30.999991635169113,-7.000048662872472
2025-08-27 12:32:00,Sheep_1,31.000007121490217,-7.0000012680979165
2025-08-27 12:32:00,Sheep_2,31.000020086976036,-6.999997059621783
2025-08-27 12:32:00,Sheep_3,30.9999956152434,-7.000027390304102
2025-08-27 12:32:00,Sheep_4,30.99191231729974,-7.013206208395712
2025-08-27 12:32:00,Sheep_5,30.999969187774226,-6.999997249825662
2025-08-27 12:32:00,Sheep_6,31.00000628035263,-7.0000225759528725
2025-08-27 12:32:00,Sheep_7,30.99998415766336,-6.999992749596175
2025-08-27 12:32:00,Sheep_8,30.999969455057,-6.999988998400305
2025-08-27 12:32:00,Sheep_9,30.999975870794817,-6.9999665838856995
2025-08-27 12:32:00,Sheep_10,31.000063002903666,-7.000027062189141
2025-08-27 12:32:30,Sheep_1,31.000014396546778,-7.0000228487615175
2025-08-27 12:32:30,Sheep_2,31.00002805302301,-7.000039779717467
2025-08-27 12:32:30,Sheep_3,31.00001295149367,-7.000027446768348
2025-08-27 12:32:30,Sheep_4,30.992168237054315,-7.012816786265411
2025-08-27 12:32:30,Sheep_5,31.000022161798533,-7.000026314657769
2025-08-27 12:32:30,Sheep_6,31.00001487506987,-7.000010818440128
2025-08-27 12:32:30,Sheep_7,30.999996915045674,-6.999995354555079
2025-08-27 12:32:30,Sheep_8,30.99997946933152,-6.9999933860591
2025-08-27 12:32:30,Sheep_9,31.00004124149922,-7.000024463295814
2025-08-27 12:32:30,Sheep_10,31.0000315795044,-6.99995289981859
2025-08-27 12:33:00,Sheep_1,30.999978005165584,-7.000045746908833
2025-08-27 12:33:00,Sheep_2,31.00000813764553,-7.000017210489524
2025-08-27 12:33:00,Sheep_3,31.0000503576146,-6.9999989056511165
2025-08-27 12:33:00,Sheep_4,30.99241847809899,-7.0123927145725915
2025-08-27 12:33:00,Sheep_5,31.000029372214133,-7.000017958021024
2025-08-27 12:33:00,Sheep_6,31.00000118115701,-6.999969949566917
2025-08-27 12:33:00,Sheep_7,30.999986949559325,-7.000001444002125
2025-08-27 12:33:00,Sheep_8,30.99999955349237,-6.999978516281092
2025-08-27 12:33:00,Sheep_9,31.000015920167144,-7.000006920374508
2025-08-27 12:33:00,Sheep_10,31.000001715299895,-7.0000116887300905
2025-08-27 12:33:30,Sheep_1,30.99996017932788,-6.999991901030451
2025-08-27 12:33:30,Sheep_2,31.00005099331012,-7.000027784124954
2025-08-27 12:33:30,Sheep_3,30.999979167363197,-7.000027375676382
2025-08-27 12:33:30,Sheep_4,30.992706843577835,-7.011932763993954
2025-08-27 12:33:30,Sheep_5,30.999995727514577,-7.000028862514281
2025-08-27 12:33:30,Sheep_6,31.000002489493127,-7.000049191711133
2025-08-27 12:33:30,Sheep_7,31.000003865250633,-6.999972599278064
2025-08-27 12:33:30,Sheep_8,30.999966281015002,-7.000048182366249
2025-08-27 12:33:30,Sheep_9,31.000042564801248,-7.000019233719723
2025-08-27 12:33:30,Sheep_10,31.000030613039325,-7.000004841685752
2025-08-27 12:34:00,Sheep_1,30.999995635425343,-6.999986216307124
2025-08-27 12:34:00,Sheep_2,30.99997617681845,-6.999995834290533
2025-08-27 12:34:00,Sheep_3,30.999989719113866,-7.000041516306644
2025-08-27 12:34:00,Sheep_4,30.992960823485515,-7.011521177312132
2025-08-27 12:34:00,Sheep_5,30.999995768285256,-7.000038047453447
2025-08-27 12:34:00,Sheep_6,31.000042887182026,-6.999972436110771
2025-08-27 12:34:00,Sheep_7,31.000025983360157,-7.000009603179776
2025-08-27 12:34:00,Sheep_8,30.999953399670602,-6.999938600288167
2025-08-27 12:34:00,Sheep_9,30.999998353462775,-7.000023542261495
2025-08-27 12:34:00,Sheep_10,31.000011232525363,-6.999963305728803
2025-08-27 12:34:30,Sheep_1,30.999999378802837,-6.9999598016037075
2025-08-27 12:34:30,Sheep_2,31.00002918612842,-7.00003384141865
2025-08-27 12:34:30,Sheep_3,30.999981841804555,-6.999969895036819
2025-08-27 12:34:30,Sheep_4,30.993166959610686,-7.011092285106264
2025-08-27 12:34:30,Sheep_5,30.99996144005026,-7.000014982848913
2025-08-27 12:34:30,Sheep_6,30.99999194699724,-7.000011263201284
2025-08-27 12:34:30,Sheep_7,30.99998511692637,-7.0000344941903485
2025-08-27 12:34:30,Sheep_8,31.000061765485093,-6.999941287004795
2025-08-27 12:34:30,Sheep_9,30.99996868309863,-6.999950258257985
2025-08-27 12:34:30,Sheep_10,30.999989234670576,-6.999995938346545
2025-08-27 12:35:00,Sheep_1,30.999998294808844,-7.000020742493676
2025-08-27 12:35:00,Sheep_2,31.000026514166645,-6.999996042128167
2025-08-27 12:35:00,Sheep_3,30.999987157255934,-7.0000410162849835
2025-08-27 12:35:00,Sheep_4,30.993460575293685,-7.010697049970743
2025-08-27 12:35:00,Sheep_5,31.000000329416505,-7.000037623159682
2025-08-27 12:35:00,Sheep_6,30.99999284332072,-6.99995692400521
2025-08-27 12:35:00,Sheep_7,31.000032320326255,-7.000001014785374
2025-08-27 12:35:00,Sheep_8,30.99999765312452,-6.999940896754439
2025-08-27 12:35:00,Sheep_9,31.00001403403127,-7.000010306233307
2025-08-27 12:35:00,Sheep_10,30.99996156975969,-6.999987616628173
2025-08-27 12:35:30,Sheep_1,31.00002234972438,-7.000019859120479
2025-08-27 12:35:30,Sheep_2,31.000007847720674,-7.000011430742405
2025-08-27 12:35:30,Sheep_3,30.99999504044918,-7.000078217111894
2025-08-27 12:35:30,Sheep_4,30.993733580054297,-7.010215822806473
2025-08-27 12:35:30,Sheep_5,30.99998298412085,-6.99999834857127
2025-08-27 12:35:30,Sheep_6,30.999979627630974,-6.999988667715667
2025-08-27 12:35:30,Sheep_7,30.99999416484376,-7.000029529748907
2025-08-27 12:35:30,Sheep_8,31.00003591137624,-6.999970794382571
2025-08-27 12:35:30,Sheep_9,30.999983698164826,-6.9999843495382725
2025-08-27 12:35:30,Sheep_10,31.00001448289623,-6.999979806052681
2025-08-27 12:36:00,Sheep_1,30.99995434092986,-6.999968352295851
2025-08-27 12:36:00,Sheep_2,30.999984646991656,-7.000011250108272
2025-08-27 12:36:00,Sheep_3,31.00007108915969,-6.99999050910256
2025-08-27 12:36:00,Sheep_4,30.99399155867977,-7.0098558578795584
2025-08-27 12:36:00,Sheep_5,31.000037453219562,-7.000042293384698
2025-08-27 12:36:00,Sheep_6,30.999972957988586,-7.000010417714472
2025-08-27 12:36:00,Sheep_7,31.000038171356227,-6.999975689339045
2025-08-27 12:36:00,Sheep_8,30.999995746384034,-6.999990307299204
2025-08-27 12:36:00,Sheep_9,30.999983820004683,-6.999995609288764
2025-08-27 12:36:00,Sheep_10,31.00000197637652,-6.999969541879774
2025-08-27 12:36:30,Sheep_1,31.000026064807468,-6.999984469353803
2025-08-27 12:36:30,Sheep_2,30.999990234974195,-6.9999766771111185
2025-08-27 12:36:30,Sheep_3,30.999997521510974,-7.00003401538184
2025-08-27 12:36:30,Sheep_4,30.994252188684246,-7.009381357366288
2025-08-27 12:36:30,Sheep_5,31.000024529710302,-7.00000577012473
2025-08-27 12:36:30,Sheep_6,30.99996741289855,-6.999998216041787
2025-08-27 12:36:30,Sheep_7,31.00000305756486,-6.999994157265963
2025-08-27 12:36:30,Sheep_8,31.00002478992587,-6.9999679650589
2025-08-27 12:36:30,Sheep_9,30.99998398641199,-7.000019371546954
2025-08-27 12:36:30,Sheep_10,30.99997196733621,-6.999978029239145
2025-08-27 12:37:00,Sheep_1,31.000039044738816,-7.000009906174092
2025-08-27 12:37:00,Sheep_2,30.999993493606773,-6.999953884364427
2025-08-27 12:37:00,Sheep_3,31.000013624448073,-6.999986284751825
2025-08-27 12:37:00,Sheep_4,30.994498972777876,-7.00894239704772
2025-08-27 12:37:00,Sheep_5,30.999974960393267,-7.000035653588449
2025-08-27 12:37:00,Sheep_6,30.99999065473652,-7.000018417320024
2025-08-27 12:37:00,Sheep_7,30.999994028035545,-7.000045304454715
2025-08-27 12:37:00,Sheep_8,31.000025839462086,-6.999964545549063
2025-08-27 12:37:00,Sheep_9,30.999947520414818,-6.999969237291937
2025-08-27 12:37:00,Sheep_10,30.999978156792224,-6.9999730566938005
2025-08-27 12:37:30,Sheep_1,30.999998155412523,-6.999999095296422
2025-08-27 12:37:30,Sheep_2,30.99999501174139,-6.999961890664443
2025-08-27 12:37:30,Sheep_3,30.99996659392708,-6.999980889503072
2025-08-27 12:37:30,Sheep_4,30.994801090601026,-7.008515102834122
2025-08-27 12:37:30,Sheep_5,31.000062649090395,-7.000016630083329
2025-08-27 12:37:30,Sheep_6,31.0000257987286,-7.000003335488995
2025-08-27 12:37:30,Sheep_7,31.00003323947385,-7.000000241741984
2025-08-27 12:37:30,Sheep_8,30.99998954700552,-6.999958937097047
2025-08-27 12:37:30,Sheep_9,30.99998675273251,-7.000044416090139
2025-08-27 12:37:30,Sheep_10,30.999986071320073,-6.999980537607542
2025-08-27 12:38:00,Sheep_1,31.000037514518997,-6.999996506093048
2025-08-27 12:38:00,Sheep_2,31.00003552453469,-7.000042701012109
2025-08-27 12:38:00,Sheep_3,30.999988054344282,-7.000009072800106
2025-08-27 12:38:00,Sheep_4,30.995040180464002,-7.008101848835548
2025-08-27 12:38:00,Sheep_5,31.000018619591017,-7.0000139847245615
2025-08-27 12:38:00,Sheep_6,31.000003746730695,-7.000001418663425
2025-08-27 12:38:00,Sheep_7,30.999975047882575,-7.000003573680083
2025-08-27 12:38:00,Sheep_8,30.999996128471167,-7.000005190132062
2025-08-27 12:38:00,Sheep_9,31.000000855896243,-6.999997620824296
2025-08-27 12:38:00,Sheep_10,30.99998834993229,-6.999959985855719
2025-08-27 12:38:30,Sheep_1,30.999968483274454,-7.00002266729627
2025-08-27 12:38:30,Sheep_2,31.00007491817169,-7.000032634442529
2025-08-27 12:38:30,Sheep_3,30.999963517211427,-6.999976908055151
2025-08-27 12:38:30,Sheep_4,30.995265855471892,-7.007682036927935
2025-08-27 12:38:30,Sheep_5,31.000057828555292,-7.00004857277695
2025-08-27 12:38:30,Sheep_6,30.99994658737462,-7.000047134248796
2025-08-27 12:38:30,Sheep_7,31.00002421019318,-6.99996463702607
2025-08-27 12:38:30,Sheep_8,30.999986186072665,-6.999978519805752
2025-08-27 12:38:30,Sheep_9,31.000037466456902,-6.999943805838498
2025-08-27 12:38:30,Sheep_10,30.999993361427922,-7.000072358258226
2025-08-27 12:39:00,Sheep_1,30.999977877858722,-7.000013418721556
2025-08-27 12:39:00,Sheep_2,30.999993021771562,-7.000005906298541
2025-08-27 12:39:00,Sheep_3,31.00003015346563,-6.999959931977229
2025-08-27 12:39:00,Sheep_4,30.995561023951332,-7.00722757548266
2025-08-27 12:39:00,Sheep_5,31.000009638736074,-6.999997971932566
2025-08-27 12:39:00,Sheep_6,31.00002443076241,-6.999997728395998
2025-08-27 12:39:00,Sheep_7,31.00005545664329,-7.000045223639224
2025-08-27 12:39:00,Sheep_8,30.99998611648673,-7.000003977753429
2025-08-27 12:39:00,Sheep_9,31.000011842957882,-6.999960135329215
2025-08-27 12:39:00,Sheep_10,30.999999342474833,-7.000044714892408
2025-08-27 12:39:30,Sheep_1,31.000022705189448,-6.9999762641005185
2025-08-27 12:39:30,Sheep_2,30.99994766819998,-7.000000119601942
2025-08-27 12:39:30,Sheep_3,30.99995714673471,-7.000020896626873
2025-08-27 12:39:30,Sheep_4,30.99580882301875,-7.006807131670553
2025-08-27 12:39:30,Sheep_5,31.00000314849553,-7.000040418974038
2025-08-27 12:39:30,Sheep_6,31.00002371719268,-7.000045078847268
2025-08-27 12:39:30,Sheep_7,31.00000889634721,-7.000025592490994
2025-08-27 12:39:30,Sheep_8,30.99999014524571,-6.999984145730437
2025-08-27 12:39:30,Sheep_9,31.000014052714672,-6.999957965699634
2025-08-27 12:39:30,Sheep_10,30.999997783317472,-6.999990365186543
2025-08-27 12:40:00,Sheep_1,30.999988203270146,-6.999994278239085
2025-08-27 12:40:00,Sheep_2,31.000011843856846,-7.000003090861067
2025-08-27 12:40:00,Sheep_3,30.9999513901235,-6.999989578556831
2025-08-27 12:40:00,Sheep_4,30.996092527685835,-7.006411844423286
2025-08-27 12:40:00,Sheep_5,30.999965386623174,-6.999953598367574
2025-08-27 12:40:00,Sheep_6,31.00001324412983,-7.00000720230636
2025-08-27 12:40:00,Sheep_7,30.999969357719642,-7.000025837853714
2025-08-27 12:40:00,Sheep_8,31.000035103945297,-6.999995671909331
2025-08-27 12:40:00,Sheep_9,30.999985162044545,-6.999983975373356
2025-08-27 12:40:00,Sheep_10,30.99997805251022,-6.99995281350333
2025-08-27 12:40:30,Sheep_1,31.00003645707514,-7.000014669086249
2025-08-27 12:40:30,Sheep_2,30.99998305775475,-7.000082314093459
2025-08-27 12:40:30,Sheep_3,30.99996007238309,-7.000042112922404
2025-08-27 12:40:30,Sheep_4,30.996349341559878,-7.005977919980976
2025-08-27 12:40:30,Sheep_5,30.999963744102928,-7.000008839795958
2025-08-27 12:40:30,Sheep_6,31.000013618500205,-6.999983404733723
2025-08-27 12:40:30,Sheep_7,30.999948805148737,-7.000004032603125
2025-08-27 12:40:30,Sheep_8,30.999962719885637,-6.9999716496546895
2025-08-27 12:40:30,Sheep_9,31.00002113222466,-7.000028233971088
2025-08-27 12:40:30,Sheep_10,30.999979355591023,-7.0000145022335465
2025-08-27 12:41:00,Sheep_1,30.999939288715556,-6.999989437162463
2025-08-27 12:41:00,Sheep_2,30.99999264702085,-6.999969497700706
2025-08-27 12:41:00,Sheep_3,30.999970398601743,-7.00001946522211
2025-08-27 12:41:00,Sheep_4,30.996580780937645,-7.005565626184292
2025-08-27 12:41:00,Sheep_5,30.99996814637093,-6.99996868659298
2025-08-27 12:41:00,Sheep_6,30.999981182307344,-6.99999609591715
2025-08-27 12:41:00,Sheep_7,30.99998973867938,-7.000039911981026
2025-08-27 12:41:00,Sheep_8,30.999995464415473,-6.99998116419452
2025-08-27 12:41:00,Sheep_9,30.99996745168723,-6.999974561498282
2025-08-27 12:41:00,Sheep_10,30.99997710058602,-7.000015185011996
2025-08-27 12:41:30,Sheep_1,31.000014301557393,-7.000020858429157
2025-08-27 12:41:30,Sheep_2,31.00000101261748,-7.000009893877937
2025-08-27 12:41:30,Sheep_3,31.000003486381782,-7.000074850424467
2025-08-27 12:41:30,Sheep_4,30.996835909841856,-7.005105159725558
2025-08-27 12:41:30,Sheep_5,31.000027951349416,-7.0000286256969835
2025-08-27 12:41:30,Sheep_6,30.999993423598127,-6.999990734028299
2025-08-27 12:41:30,Sheep_7,31.00001868175355,-7.00006375016234
2025-08-27 12:41:30,Sheep_8,30.99997612180434,-7.000010456293885
2025-08-27 12:41:30,Sheep_9,31.000018949160904,-6.999921449359245
2025-08-27 12:41:30,Sheep_10,30.99999385539723,-7.00004423536372
2025-08-27 12:42:00,Sheep_1,31.00001084085727,-6.999958467899596
2025-08-27 12:42:00,Sheep_2,31.00000291090876,-7.000028505025305
2025-08-27 12:42:00,Sheep_3,31.000025817299896,-6.9999791381293806
2025-08-27 12:42:00,Sheep_4,30.99711128232365,-7.004683569846226
2025-08-27 12:42:00,Sheep_5,31.000026875644117,-6.999962841383521
2025-08-27 12:42:00,Sheep_6,30.999998209244286,-7.000011258015831
2025-08-27 12:42:00,Sheep_7,31.000033074213675,-7.000038047439601
2025-08-27 12:42:00,Sheep_8,31.000011819420344,-7.000043073629677
2025-08-27 12:42:00,Sheep_9,31.000028711182328,-7.000008112949601
2025-08-27 12:42:00,Sheep_10,31.00003418747491,-6.9999845499856255
2025-08-27 12:42:30,Sheep_1,30.999967035027936,-6.999955209711889
2025-08-27 12:42:30,Sheep_2,31.00004180502874,-6.999972260917494
2025-08-27 12:42:30,Sheep_3,30.999979475713303,-7.000009621077052
2025-08-27 12:42:30,Sheep_4,30.99739326470646,-7.004279808427206
2025-08-27 12:42:30,Sheep_5,31.00004560761514,-6.999995462376518
2025-08-27 12:42:30,Sheep_6,30.99992714656718,-6.999989330655102
2025-08-27 12:42:30,Sheep_7,30.999990617389592,-7.000002355690515
2025-08-27 12:42:30,Sheep_8,30.99999006595313,-6.999974626465073
2025-08-27 12:42:30,Sheep_9,31.00003017484132,-6.999991100810125
2025-08-27 12:42:30,Sheep_10,30.999990855789065,-7.000001299641493
2025-08-27 12:43:00,Sheep_1,31.000000528196637,-7.000025228396068
2025-08-27 12:43:00,Sheep_2,31.000015601742238,-6.9999855362718515
2025-08-27 12:43:00,Sheep_3,31.0000415138674,-6.999960531809768
2025-08-27 12:43:00,Sheep_4,30.997639267746894,-7.003821359342878
2025-08-27 12:43:00,Sheep_5,30.999974372438473,-6.999978119898549
2025-08-27 12:43:00,Sheep_6,30.999986077590762,-7.000032171075751
2025-08-27 12:43:00,Sheep_7,31.000007547035825,-7.000084088375893
2025-08-27 12:43:00,Sheep_8,30.999952812372232,-7.0000055803438554
2025-08-27 12:43:00,Sheep_9,31.000002221750808,-7.000011611380115
2025-08-27 12:43:00,Sheep_10,30.99995743524168,-7.000025714515047
2025-08-27 12:43:30,Sheep_1,31.000010542831312,-6.999981708784311
2025-08-27 12:43:30,Sheep_2,30.999999562797765,-6.999963629152246
2025-08-27 12:43:30,Sheep_3,31.000010709585613,-7.000023500001675
2025-08-27 12:43:30,Sheep_4,30.99790748198027,-7.003441450997384
2025-08-27 12:43:30,Sheep_5,30.999997085726093,-6.999965035562609
2025-08-27 12:43:30,Sheep_6,31.000018468112238,-6.999955920834455
2025-08-27 12:43:30,Sheep_7,30.99999183744402,-6.9999576786298165
2025-08-27 12:43:30,Sheep_8,30.999994790579596,-6.999953733373046
2025-08-27 12:43:30,Sheep_9,30.999999410975185,-6.999977764649473
2025-08-27 12:43:30,Sheep_10,31.000039753297635,-7.000006081363585
2025-08-27 12:44:00,Sheep_1,31.00000588543804,-6.999959478140955
2025-08-27 12:44:00,Sheep_2,30.999996415653147,-7.000041528846143
2025-08-27 12:44:00,Sheep_3,31.000057752615557,-7.000014769392192
2025-08-27 12:44:00,Sheep_4,30.99817630859669,-7.00296131116628
2025-08-27 12:44:00,Sheep_5,30.999983601493792,-7.000031687361684
2025-08-27 12:44:00,Sheep_6,31.000006838051476,-7.000056374312152
2025-08-27 12:44:00,Sheep_7,30.999992241122612,-6.9999922959857335
2025-08-27 12:44:00,Sheep_8,30.999992724975833,-7.000048526089219
2025-08-27 12:44:00,Sheep_9,31.00004296203619,-6.999996744761006
2025-08-27 12:44:00,Sheep_10,31.000038568598214,-7.000008175538285
2025-08-27 12:44:30,Sheep_1,30.999976284262083,-6.999991536953338
2025-08-27 12:44:30,Sheep_2,30.99999418468039,-7.000037028813803
2025-08-27 12:44:30,Sheep_3,31.000039609708736,-7.0000195641724074
2025-08-27 12:44:30,Sheep_4,30.99840132851997,-7.002531196840228
2025-08-27 12:44:30,Sheep_5,30.999986409503705,-7.0000191099798625
2025-08-27 12:44:30,Sheep_6,30.999952423978073,-6.999945264809176
2025-08-27 12:44:30,Sheep_7,30.99996524935536,-6.999998162348646
2025-08-27 12:44:30,Sheep_8,31.00002459451103,-6.999986741221931
2025-08-27 12:44:30,Sheep_9,30.99999839235595,-7.0000535003652855
2025-08-27 12:44:30,Sheep_10,30.99997817845394,-6.999994095558399
2025-08-27 12:45:00,Sheep_1,30.999978786182087,-6.999993606379689
2025-08-27 12:45:00,Sheep_2,31.000018372531677,-6.999969738914531
2025-08-27 12:45:00,Sheep_3,30.99996695528141,-6.999930937460036
2025-08-27 12:45:00,Sheep_4,30.99870911466972,-7.002132565258554
2025-08-27 12:45:00,Sheep_5,31.000029362286643,-6.999925631592575
2025-08-27 12:45:00,Sheep_6,30.999961227449667,-7.000007082256249
2025-08-27 12:45:00,Sheep_7,30.99993590284783,-6.999993943036866
2025-08-27 12:45:00,Sheep_8,31.000009847131924,-7.000001231256696
2025-08-27 12:45:00,Sheep_9,30.999982360755364,-7.0000644367251885
2025-08-27 12:45:00,Sheep_10,31.00001006648446,-6.99995424114778
2025-08-27 12:45:30,Sheep_1,30.999984072445496,-6.999986164518236
2025-08-27 12:45:30,Sheep_2,30.999957739553178,-6.999985625223776
2025-08-27 12:45:30,Sheep_3,30.999989398608577,-7.0000239704162
2025-08-27 12:45:30,Sheep_4,30.998942599908307,-7.001714273561245
2025-08-27 12:45:30,Sheep_5,31.000010306323635,-7.000041254403874
2025-08-27 12:45:30,Sheep_6,30.999989298005797,-7.000001303872474
2025-08-27 12:45:30,Sheep_7,30.999970381623484,-6.999943512855878
2025-08-27 12:45:30,Sheep_8,30.999976998864174,-7.000021047092906
2025-08-27 12:45:30,Sheep_9,30.999973635251084,-6.999943455795889
2025-08-27 12:45:30,Sheep_10,31.00001490042837,-7.000029446447558
2025-08-27 12:46:00,Sheep_1,31.000029812205142,-6.999993690034148
2025-08-27 12:46:00,Sheep_2,31.000006932808688,-7.0000108303615605
2025-08-27 12:46:00,Sheep_3,30.999979803737325,-6.999989380635691
2025-08-27 12:46:00,Sheep_4,30.999207402419568,-7.001241438406563
2025-08-27 12:46:00,Sheep_5,30.999965793448474,-6.999951703239456
2025-08-27 12:46:00,Sheep_6,30.999997000031023,-6.999990596746157
2025-08-27 12:46:00,Sheep_7,31.00002245304797,-7.000019815034391
2025-08-27 12:46:00,Sheep_8,31.000023290919458,-7.000085125164016
2025-08-27 12:46:00,Sheep_9,30.999980596760693,-7.000029052529613
2025-08-27 12:46:00,Sheep_10,30.999966218846236,-7.000006758178935
2025-08-27 12:46:30,Sheep_1,31.000010395705214,-6.999977908373487
2025-08-27 12:46:30,Sheep_2,31.000006491468483,-7.000020929398898
2025-08-27 12:46:30,Sheep_3,31.000009944747696,-6.999996092458433
2025-08-27 12:46:30,Sheep_4,30.999494947780036,-7.000836727141497
2025-08-27 12:46:30,Sheep_5,31.000000821319095,-7.00002820962961
2025-08-27 12:46:30,Sheep_6,30.99998240342735,-7.000017285374462
2025-08-27 12:46:30,Sheep_7,30.999991503781875,-6.999991572496022
2025-08-27 12:46:30,Sheep_8,31.0000192734744,-7.000001607171429
2025-08-27 12:46:30,Sheep_9,31.000000434552316,-6.999995494450554
2025-08-27 12:46:30,Sheep_10,30.99998609669476,-7.000029094327523
2025-08-27 12:47:00,Sheep_1,30.999952692115595,-7.000021855492019
2025-08-27 12:47:00,Sheep_2,31.00001275095544,-7.000022099531771
2025-08-27 12:47:00,Sheep_3,30.999993591258423,-6.999985335402873
2025-08-27 12:47:00,Sheep_4,30.999748420016722,-7.000449132870628
2025-08-27 12:47:00,Sheep_5,31.00002687008686,-6.999964556119352
2025-08-27 12:47:00,Sheep_6,30.999969551297415,-7.000025901426679
2025-08-27 12:47:00,Sheep_7,31.000032099102132,-7.000004617073905
2025-08-27 12:47:00,Sheep_8,30.999940178459916,-7.00004400597886
2025-08-27 12:47:00,Sheep_9,30.99999327965437,-7.000036566054569
2025-08-27 12:47:00,Sheep_10,30.999988858504206,-6.999998981463219
2025-08-27 12:47:30,Sheep_1,31.000039406789544,-7.000009131869539
2025-08-27 12:47:30,Sheep_2,31.000028904288527,-6.999955079788314
2025-08-27 12:47:30,Sheep_3,31.00003865369213,-6.99999104731714
2025-08-27 12:47:30,Sheep_4,30.999964727108374,-6.9999903411125
2025-08-27 12:47:30,Sheep_5,31.000028253680053,-7.000002548749352
2025-08-27 12:47:30,Sheep_6,31.000047015375586,-6.999972966837526
2025-08-27 12:47:30,Sheep_7,31.000015314589753,-6.999965844196376
2025-08-27 12:47:30,Sheep_8,31.000008984095885,-7.000078373948478
2025-08-27 12:47:30,Sheep_9,30.99998654853706,-6.999962361043766
2025-08-27 12:47:30,Sheep_10,30.99997823595023,-7.000007025974344
2025-08-27 12:48:00,Sheep_1,30.999971842355894,-6.999943913483356
2025-08-27 12:48:00,Sheep_2,31.000045315103954,-7.000027788833233
2025-08-27 12:48:00,Sheep_3,31.000003969583194,-7.000021394729143
2025-08-27 12:48:00,Sheep_4,31.00001657234924,-6.9999839755668365
2025-08-27 12:48:00,Sheep_5,31.00038767936507,-6.99970129119521
2025-08-27 12:48:00,Sheep_6,31.00007910724595,-7.0000323179175545
2025-08-27 12:48:00,Sheep_7,30.99995390037672,-7.000012358753762
2025-08-27 12:48:00,Sheep_8,30.999957743758564,-7.000046923005613
2025-08-27 12:48:00,Sheep_9,30.999973015235692,-7.000028993614147
2025-08-27 12:48:00,Sheep_10,30.999974273676735,-6.99998370719903
2025-08-27 12:48:30,Sheep_1,30.999986358541292,-7.000005643937253
2025-08-27 12:48:30,Sheep_2,31.00002409897883,-7.000024093175991
2025-08-27 12:48:30,Sheep_3,30.99999287066389,-6.999988500508036
2025-08-27 12:48:30,Sheep_4,30.99994767603843,-7.0000749814161685
2025-08-27 12:48:30,Sheep_5,31.000752410583992,-6.999406183791801
2025-08-27 12:48:30,Sheep_6,31.000055629360443,-6.999995029497967
2025-08-27 12:48:30,Sheep_7,31.000022091440457,-7.000006145658846
2025-08-27 12:48:30,Sheep_8,31.00000801007604,-6.999947581454006
2025-08-27 12:48:30,Sheep_9,30.999942759805478,-6.999986995907122
2025-08-27 12:48:30,Sheep_10,31.000057552642744,-6.99999113284569
2025-08-27 12:49:00,Sheep_1,31.00004448184414,-7.000019782426542
2025-08-27 12:49:00,Sheep_2,30.999999136341337,-6.99999894598354
2025-08-27 12:49:00,Sheep_3,30.999940237394554,-7.000036727504524
2025-08-27 12:49:00,Sheep_4,30.99997043994576,-6.999974154246999
2025-08-27 12:49:00,Sheep_5,31.001134957541684,-6.999117952811335
2025-08-27 12:49:00,Sheep_6,31.000022209025246,-7.000005160856639
2025-08-27 12:49:00,Sheep_7,31.00003239125951,-6.9999997236914115
2025-08-27 12:49:00,Sheep_8,31.000001559397614,-7.000008350230939
2025-08-27 12:49:00,Sheep_9,31.000018445485384,-7.000013242488492
2025-08-27 12:49:00,Sheep_10,31.000026314176534,-7.000035594762797
2025-08-27 12:49:30,Sheep_1,30.99997038493744,-6.999978387306576
2025-08-27 12:49:30,Sheep_2,30.999997613792278,-7.000014270343644
2025-08-27 12:49:30,Sheep_3,31.000023986464225,-7.00001909229554
2025-08-27 12:49:30,Sheep_4,30.99999460470928,-6.999956008280896
2025-08-27 12:49:30,Sheep_5,31.001520036900796,-6.998800035357899
2025-08-27 12:49:30,Sheep_6,30.999992396897856,-6.999961306707393
2025-08-27 12:49:30,Sheep_7,30.999974426352107,-7.000028513021425
2025-08-27 12:49:30,Sheep_8,30.999936656777237,-6.9999474050328745
2025-08-27 12:49:30,Sheep_9,30.9999767163174,-7.000003978183615
2025-08-27 12:49:30,Sheep_10,30.999975467364123,-6.9999781440083915
2025-08-27 12:50:00,Sheep_1,30.999989876922545,-7.000041023435904
2025-08-27 12:50:00,Sheep_2,31.000011902512508,-7.000045076464144
2025-08-27 12:50:00,Sheep_3,30.999977432472367,-7.00006624058225
2025-08-27 12:50:00,Sheep_4,30.999961625275454,-6.99999438704388
2025-08-27 12:50:00,Sheep_5,31.00183018511323,-6.9985722858323145
2025-08-27 12:50:00,Sheep_6,30.999999936159284,-7.000017090997843
2025-08-27 12:50:00,Sheep_7,31.000053684063133,-6.9999423423026155
2025-08-27 12:50:00,Sheep_8,30.99997661006658,-6.999982483596322
2025-08-27 12:50:00,Sheep_9,31.00002019266682,-7.000018784732031
2025-08-27 12:50:00,Sheep_10,30.99995969614975,-7.000000386663179
2025-08-27 12:50:30,Sheep_1,30.999995341923963,-7.000013700433404
2025-08-27 12:50:30,Sheep_2,31.000011920145568,-7.000023602934742
2025-08-27 12:50:30,Sheep_3,30.999968954431882,-6.999996570432009
2025-08-27 12:50:30,Sheep_4,31.00001040163742,-7.000036993710606
2025-08-27 12:50:30,Sheep_5,31.002255250771466,-6.998286598506184
2025-08-27 12:50:30,Sheep_6,30.99998442022659,-7.000008111786968
2025-08-27 12:50:30,Sheep_7,30.999982854193874,-7.0000177654982005
2025-08-27 12:50:30,Sheep_8,31.0000504242135,-7.0000267517911094
2025-08-27 12:50:30,Sheep_9,31.000065789302617,-6.999986256736434
2025-08-27 12:50:30,Sheep_10,31.000002480824758,-6.999985027005892
2025-08-27 12:51:00,Sheep_1,31.00006817987107,-7.000031238558614
2025-08-27 12:51:00,Sheep_2,30.999969805481882,-7.000023732989095
2025-08-27 12:51:00,Sheep_3,31.000000866236444,-7.000054258234733
2025-08-27 12:51:00,Sheep_4,31.00000060202765,-6.999946754887381
2025-08-27 12:51:00,Sheep_5,31.002614392788495,-6.997963872118805
2025-08-27 12:51:00,Sheep_6,30.99998334098683,-6.999971750796919
2025-08-27 12:51:00,Sheep_7,30.999977744355732,-6.999941949322347
2025-08-27 12:51:00,Sheep_8,31.000052102759998,-6.999991927756293
2025-08-27 12:51:00,Sheep_9,30.99999968967603,-6.9999675960612615
2025-08-27 12:51:00,Sheep_10,31.000029504091867,-7.00002534037562
2025-08-27 12:51:30,Sheep_1,30.99998580968919,-7.0000415745961195
2025-08-27 12:51:30,Sheep_2,31.00001102402816,-6.999979041222987
2025-08-27 12:51:30,Sheep_3,30.999963620401424,-7.00001431145108
2025-08-27 12:51:30,Sheep_4,30.99996369240251,-7.000028258261122
2025-08-27 12:51:30,Sheep_5,31.00299466834648,-6.997681359418761
2025-08-27 12:51:30,Sheep_6,30.99999189294046,-7.000051162671833
2025-08-27 12:51:30,Sheep_7,31.00000503926185,-7.000001391952934
2025-08-27 12:51:30,Sheep_8,30.999980355032786,-7.000005942608486
2025-08-27 12:51:30,Sheep_9,31.00000485882718,-7.000025619450149
2025-08-27 12:51:30,Sheep_10,30.999960215705784,-6.999943232749704
2025-08-27 12:52:00,Sheep_1,30.999982933721576,-7.0000030421371155
2025-08-27 12:52:00,Sheep_2,31.000027241458902,-6.9998890465241885
2025-08-27 12:52:00,Sheep_3,30.99996646191745,-6.999985857434859
2025-08-27 12:52:00,Sheep_4,30.999980931936257,-7.000016939564231
2025-08-27 12:52:00,Sheep_5,31.003344925242043,-6.9973978275660045
2025-08-27 12:52:00,Sheep_6,30.99999888722525,-7.000046358356423
2025-08-27 12:52:00,Sheep_7,31.000025515834526,-6.999998270707992
2025-08-27 12:52:00,Sheep_8,31.000011384341708,-7.000014656967412
2025-08-27 12:52:00,Sheep_9,30.99999010409807,-6.999990958992393
2025-08-27 12:52:00,Sheep_10,30.99996862960926,-7.000011255217301
2025-08-27 12:52:30,Sheep_1,30.99997683398723,-7.000027999478538
2025-08-27 12:52:30,Sheep_2,30.99994314126193,-6.999957891579346
2025-08-27 12:52:30,Sheep_3,30.99998149823698,-6.999963423463184
2025-08-27 12:52:30,Sheep_4,31.000028803242582,-7.000040431823745
2025-08-27 12:52:30,Sheep_5,31.003711406174013,-6.997028813913945
2025-08-27 12:52:30,Sheep_6,31.000047186290207,-7.000000990941887
2025-08-27 12:52:30,Sheep_7,31.00000693603413,-7.000019833807461
2025-08-27 12:52:30,Sheep_8,31.00001165161824,-7.000022548195039
2025-08-27 12:52:30,Sheep_9,30.999945229417058,-7.0000415497067054
2025-08-27 12:52:30,Sheep_10,31.00000056843553,-7.000035560747703
2025-08-27 12:53:00,Sheep_1,30.999998186917043,-7.000033787337207
2025-08-27 12:53:00,Sheep_2,30.999978916081858,-6.999973176487429
2025-08-27 12:53:00,Sheep_3,31.000006669436246,-7.000000303849354
2025-08-27 12:53:00,Sheep_4,31.00002368749478,-6.999984889668451
2025-08-27 12:53:00,Sheep_5,31.004130046174286,-6.9968003688997715
2025-08-27 12:53:00,Sheep_6,30.999988421622927,-7.000040906868225
2025-08-27 12:53:00,Sheep_7,30.99998843925483,-6.999969667639795
2025-08-27 12:53:00,Sheep_8,31.000035033795516,-6.999969808010763
2025-08-27 12:53:00,Sheep_9,30.999951647721886,-6.999965945920433
2025-08-27 12:53:00,Sheep_10,30.99995045314526,-6.999971763196238
2025-08-27 12:53:30,Sheep_1,30.999990088451494,-6.999977912356449
2025-08-27 12:53:30,Sheep_2,30.99996409140277,-6.999963178496028
2025-08-27 12:53:30,Sheep_3,30.999960519904434,-7.000021016218744
2025-08-27 12:53:30,Sheep_4,30.999973102013264,-7.000055154706185
2025-08-27 12:53:30,Sheep_5,31.004478851279647,-6.996461122834644
2025-08-27 12:53:30,Sheep_6,31.000071871322916,-6.999996945422585
2025-08-27 12:53:30,Sheep_7,31.000030093818047,-6.9999927029458515
2025-08-27 12:53:30,Sheep_8,31.000013444570467,-7.000010757151721
2025-08-27 12:53:30,Sheep_9,31.00000525719346,-6.9999831016724645
2025-08-27 12:53:30,Sheep_10,30.99998441089484,-7.000002436420365
2025-08-27 12:54:00,Sheep_1,30.999998425347133,-6.999974017884219
2025-08-27 12:54:00,Sheep_2,30.99997127114162,-7.000001620486757
2025-08-27 12:54:00,Sheep_3,31.000051527276383,-6.999963401955164
2025-08-27 12:54:00,Sheep_4,31.0000363594785,-6.999999231863078
2025-08-27 12:54:00,Sheep_5,31.004856016171566,-6.996186219794235
2025-08-27 12:54:00,Sheep_6,31.00004204784934,-7.000061358384916
2025-08-27 12:54:00,Sheep_7,30.999964549731214,-6.999958831084608
2025-08-27 12:54:00,Sheep_8,30.999992538015924,-7.000021118897943
2025-08-27 12:54:00,Sheep_9,30.999966201195104,-7.000017449722064
2025-08-27 12:54:00,Sheep_10,30.99996220708004,-6.999934256007493
2025-08-27 12:54:30,Sheep_1,30.999999395363314,-7.000001821964716
2025-08-27 12:54:30,Sheep_2,31.00001584827547,-6.999969743873137
2025-08-27 12:54:30,Sheep_3,31.00002549105704,-6.999966245331951
2025-08-27 12:54:30,Sheep_4,30.99998299913176,-7.00000936493072
2025-08-27 12:54:30,Sheep_5,31.005237161733547,-6.995926528938113
2025-08-27 12:54:30,Sheep_6,30.99999986237966,-6.999987462869425
2025-08-27 12:54:30,Sheep_7,31.000021160216015,-7.000055890279742
2025-08-27 12:54:30,Sheep_8,31.000019261920137,-7.000007348283102
2025-08-27 12:54:30,Sheep_9,31.000019065515026,-6.999975573271838
2025-08-27 12:54:30,Sheep_10,31.000043332242036,-6.999957447424715
2025-08-27 12:55:00,Sheep_1,31.000036289211174,-6.999954611013055
2025-08-27 12:55:00,Sheep_2,31.000007852469945,-6.99999898810104
2025-08-27 12:55:00,Sheep_3,31.000023521840188,-6.999976983378888
2025-08-27 12:55:00,Sheep_4,30.999991670870372,-6.99998727235424
2025-08-27 12:55:00,Sheep_5,31.005595810669334,-6.995641621500617
2025-08-27 12:55:00,Sheep_6,31.000034777059145,-6.999998264536116
2025-08-27 12:55:00,Sheep_7,31.000055211325666,-7.000051105468092
2025-08-27 12:55:00,Sheep_8,30.999984995182192,-6.999998973835153
2025-08-27 12:55:00,Sheep_9,31.000030651664506,-6.999987440685109
2025-08-27 12:55:00,Sheep_10,31.00000836703434,-7.000035441167477
2025-08-27 12:55:30,Sheep_1,30.999968821198422,-6.999989860455243
2025-08-27 12:55:30,Sheep_2,30.999963238250256,-7.000016722233562
2025-08-27 12:55:30,Sheep_3,31.000013499389034,-7.000030884269752
2025-08-27 12:55:30,Sheep_4,31.000043263276027,-6.999961519448026
2025-08-27 12:55:30,Sheep_5,31.00594130481875,-6.9953515137724915
2025-08-27 12:55:30,Sheep_6,30.99993839982273,-7.000024604668162
2025-08-27 12:55:30,Sheep_7,31.000020653659988,-7.0000130128547235
2025-08-27 12:55:30,Sheep_8,31.000012418179402,-7.000047862182647
2025-08-27 12:55:30,Sheep_9,31.000021504902655,-7.000017452631092
2025-08-27 12:55:30,Sheep_10,31.000000327964848,-7.0000029199738165
2025-08-27 12:56:00,Sheep_1,30.999965732612623,-7.000036252965089
2025-08-27 12:56:00,Sheep_2,31.000026081417598,-6.999987455688749
2025-08-27 12:56:00,Sheep_3,31.00002829812365,-6.99998979274685
2025-08-27 12:56:00,Sheep_4,31.000003853502555,-7.000054265764418
2025-08-27 12:56:00,Sheep_5,31.006337775914506,-6.995040793454551
2025-08-27 12:56:00,Sheep_6,31.000052634940666,-6.999978402087241
2025-08-27 12:56:00,Sheep_7,31.00004139582775,-6.999981213417792
2025-08-27 12:56:00,Sheep_8,30.999980830850873,-6.999996317615285
2025-08-27 12:56:00,Sheep_9,31.000006366070238,-7.000029527045982
2025-08-27 12:56:00,Sheep_10,30.999989641015723,-7.000006469313156
2025-08-27 12:56:30,Sheep_1,31.000043270387152,-7.000065418470747
2025-08-27 12:56:30,Sheep_2,31.00003249600487,-7.000029452837068
2025-08-27 12:56:30,Sheep_3,30.999963023377994,-6.99996290262588
2025-08-27 12:56:30,Sheep_4,31.000019724166435,-6.999960557938853
2025-08-27 12:56:30,Sheep_5,31.006730115054506,-6.994705293340228
2025-08-27 12:56:30,Sheep_6,31.000015057235995,-7.00000491964785
2025-08-27 12:56:30,Sheep_7,31.00000924163791,-6.9999609053374
2025-08-27 12:56:30,Sheep_8,30.999978996353075,-7.000020495373472
2025-08-27 12:56:30,Sheep_9,30.99999167373299,-7.000066168071692
2025-08-27 12:56:30,Sheep_10,31.00000372112132,-7.000059299876145
2025-08-27 12:57:00,Sheep_1,31.000001429913212,-6.999972795294796
2025-08-27 12:57:00,Sheep_2,30.99998714849639,-6.9999472714862065
2025-08-27 12:57:00,Sheep_3,30.999960640471627,-6.999962546770679
2025-08-27 12:57:00,Sheep_4,31.000018194494874,-7.000053952075949
2025-08-27 12:57:00,Sheep_5,31.00713752828195,-6.994458051989577
2025-08-27 12:57:00,Sheep_6,30.99997635238891,-7.0000442388137145
2025-08-27 12:57:00,Sheep_7,30.99999407066041,-7.0000040056713715
2025-08-27 12:57:00,Sheep_8,31.00000276622876,-7.000009362709524
2025-08-27 12:57:00,Sheep_9,31.00001706500117,-7.000012187079821
2025-08-27 12:57:00,Sheep_10,30.99994785400331,-7.000004695924607
2025-08-27 12:57:30,Sheep_1,30.999936198051024,-6.999988877453298
2025-08-27 12:57:30,Sheep_2,30.999973608509784,-6.9999948639513345
2025-08-27 12:57:30,Sheep_3,31.000035413447222,-7.000029828653794
2025-08-27 12:57:30,Sheep_4,31.000028600150696,-7.000013625765608
2025-08-27 12:57:30,Sheep_5,31.00749341991672,-6.994172617690731
2025-08-27 12:57:30,Sheep_6,30.999977349272758,-6.9999783932268755
2025-08-27 12:57:30,Sheep_7,30.999988255756477,-7.0000264551681255
2025-08-27 12:57:30,Sheep_8,30.999987122533668,-7.000001402429128
2025-08-27 12:57:30,Sheep_9,31.000036170862323,-7.000060807708148
2025-08-27 12:57:30,Sheep_10,31.000000622008415,-6.999980353034399
2025-08-27 12:58:00,Sheep_1,31.0000052133105,-6.999958817846231
2025-08-27 12:58:00,Sheep_2,30.999997996442783,-7.000005802296334
2025-08-27 12:58:00,Sheep_3,31.00001596288754,-6.9999968775742
2025-08-27 12:58:00,Sheep_4,30.999989478744027,-6.999983772434216
2025-08-27 12:58:00,Sheep_5,31.007823294239266,-6.993886022568833
2025-08-27 12:58:00,Sheep_6,30.999985770912097,-6.9999574595129985
2025-08-27 12:58:00,Sheep_7,30.999913195750377,-6.999987562374797
2025-08-27 12:58:00,Sheep_8,31.00000092360261,-7.000052846558052
2025-08-27 12:58:00,Sheep_9,31.000008346930805,-6.9999850423599765
2025-08-27 12:58:00,Sheep_10,31.000015890385324,-7.00008337345981
2025-08-27 12:58:30,Sheep_1,31.00003682328634,-7.000023194437964
2025-08-27 12:58:30,Sheep_2,31.00001850254438,-6.999976700644385
2025-08-27 12:58:30,Sheep_3,30.999976373596326,-6.999979235142708
2025-08-27 12:58:30,Sheep_4,30.999989611213415,-7.0000651240871985
2025-08-27 12:58:30,Sheep_5,31.008229093702198,-6.993597705442219
2025-08-27 12:58:30,Sheep_6,30.999976971969204,-7.000012672388689
2025-08-27 12:58:30,Sheep_7,31.000007336598777,-7.000001800581403
2025-08-27 12:58:30,Sheep_8,31.000014770039293,-7.000042113538363
2025-08-27 12:58:30,Sheep_9,30.99997999318082,-7.00000364694732
2025-08-27 12:58:30,Sheep_10,31.000051146800917,-7.000003578265586
2025-08-27 12:59:00,Sheep_1,31.000029246018602,-6.999998787825704
2025-08-27 12:59:00,Sheep_2,30.999986965721234,-7.000007757014546
2025-08-27 12:59:00,Sheep_3,30.99999546120072,-6.999981021381266
2025-08-27 12:59:00,Sheep_4,31.000037044859887,-6.999988691636115
2025-08-27 12:59:00,Sheep_5,31.008602537174013,-6.993309930696668
2025-08-27 12:59:00,Sheep_6,30.99998882598341,-7.000022772067717
2025-08-27 12:59:00,Sheep_7,31.000008474072697,-7.000011285649668
2025-08-27 12:59:00,Sheep_8,31.000019666895536,-7.000029270688726
2025-08-27 12:59:00,Sheep_9,31.000001159656126,-6.999978405191031
2025-08-27 12:59:00,Sheep_10,30.999944341463124,-6.9999332959232925
2025-08-27 12:59:30,Sheep_1,30.99999236924493,-7.000063667243819
2025-08-27 12:59:30,Sheep_2,31.000004260525472,-6.99999894853755
2025-08-27 12:59:30,Sheep_3,30.999997793000908,-6.9999688369568265
2025-08-27 12:59:30,Sheep_4,31.000020143145115,-6.999990634774182
2025-08-27 12:59:30,Sheep_5,31.008962393549208,-6.993000144264667
2025-08-27 12:59:30,Sheep_6,31.00004784829813,-7.000046505914733
2025-08-27 12:59:30,Sheep_7,31.000003763519786,-6.99999795562595
2025-08-27 12:59:30,Sheep_8,31.000021917366315,-7.0000265307612946
2025-08-27 12:59:30,Sheep_9,30.999953009182473,-6.999995069485231
2025-08-27 12:59:30,Sheep_10,31.000007578974817,-6.999953167002707
2025-08-27 13:00:00,Sheep_1,30.999965764587326,-6.999963696434285
2025-08-27 13:00:00,Sheep_2,31.00006380024337,-7.000011876925999
2025-08-27 13:00:00,Sheep_3,30.99996520996534,-7.0000127952718545
2025-08-27 13:00:00,Sheep_4,31.00000037742456,-6.999982274512291
2025-08-27 13:00:00,Sheep_5,31.00931677690394,-6.9926736081610015
2025-08-27 13:00:00,Sheep_6,30.999969964094998,-7.0000546806004795
2025-08-27 13:00:00,Sheep_7,31.00002982511025,-7.000071514072791
2025-08-27 13:00:00,Sheep_8,30.999994498838426,-6.999901980122336
2025-08-27 13:00:00,Sheep_9,30.999999675434253,-7.000035236928813
2025-08-27 13:00:00,Sheep_10,30.999998453176506,-7.000001597176516
2025-08-27 13:00:30,Sheep_1,31.0000043294091,-6.99997917845546
2025-08-27 13:00:30,Sheep_2,30.999971996644764,-6.999946943498365
2025-08-27 13:00:30,Sheep_3,31.000006605667025,-6.999977149599153
2025-08-27 13:00:30,Sheep_4,30.999983071791238,-6.999959556152643
2025-08-27 13:00:30,Sheep_5,31.00969587985416,-6.992408635821604
2025-08-27 13:00:30,Sheep_6,30.9999748534115,-7.000031343524886
2025-08-27 13:00:30,Sheep_7,31.000018546675523,-7.000013946996318
2025-08-27 13:00:30,Sheep_8,30.99997699003537,-7.000020221680758
2025-08-27 13:00:30,Sheep_9,31.000018836320653,-7.000019776946918
2025-08-27 13:00:30,Sheep_10,30.999996829277805,-6.9999995275276135
2025-08-27 13:01:00,Sheep_1,30.99994832872208,-7.000046252206145
2025-08-27 13:01:00,Sheep_2,31.000009062465573,-7.000023172199087
2025-08-27 13:01:00,Sheep_3,31.0000284780339,-6.999969603589926
2025-08-27 13:01:00,Sheep_4,31.00001938111749,-6.999942786384952
2025-08-27 13:01:00,Sheep_5,31.010072101395107,-6.9921091009631375
2025-08-27 13:01:00,Sheep_6,30.999984250782163,-6.999922897503342
2025-08-27 13:01:00,Sheep_7,31.000053457608313,-6.9999996264792035
2025-08-27 13:01:00,Sheep_8,31.000010418241914,-6.999957263690904
2025-08-27 13:01:00,Sheep_9,30.999996034688156,-7.000020644257198
2025-08-27 13:01:00,Sheep_10,31.000023553442805,-6.999997533870531
2025-08-27 13:01:30,Sheep_1,31.000004931578772,-7.000026229486467
2025-08-27 13:01:30,Sheep_2,30.999953709877424,-6.999992575683924
2025-08-27 13:01:30,Sheep_3,31.000024388125446,-7.000007099362957
2025-08-27 13:01:30,Sheep_4,31.000038710820686,-7.000022131125424
2025-08-27 13:01:30,Sheep_5,31.01042774122193,-6.991832358877598
2025-08-27 13:01:30,Sheep_6,30.999997774184997,-6.9999757921872945
2025-08-27 13:01:30,Sheep_7,30.99997911526705,-6.999956987124671
2025-08-27 13:01:30,Sheep_8,31.000053007104633,-7.000001230687994
2025-08-27 13:01:30,Sheep_9,31.00003367886508,-7.000033216262127
2025-08-27 13:01:30,Sheep_10,31.00002897650578,-6.999967073635438
2025-08-27 13:02:00,Sheep_1,31.00002326906073,-7.000000489303429
2025-08-27 13:02:00,Sheep_2,30.999920384954873,-7.000020175897889
2025-08-27 13:02:00,Sheep_3,30.999983131979402,-7.000030756329907
2025-08-27 13:02:00,Sheep_4,31.000003294367712,-7.000013172208438
2025-08-27 13:02:00,Sheep_5,31.01080497119558,-6.991561390382519
2025-08-27 13:02:00,Sheep_6,30.99998071740068,-6.999964740070908
2025-08-27 13:02:00,Sheep_7,30.999982185814194,-7.0000161896701165
2025-08-27 13:02:00,Sheep_8,30.999987692302867,-6.999989342045779
2025-08-27 13:02:00,Sheep_9,31.000012295620422,-7.000095723984955
2025-08-27 13:02:00,Sheep_10,31.00002753238988,-6.999954840596853
2025-08-27 13:02:30,Sheep_1,30.99997169817093,-7.000030569051501
2025-08-27 13:02:30,Sheep_2,30.999987865970507,-7.00002376876224
2025-08-27 13:02:30,Sheep_3,31.000006034680396,-7.0000611987443655
2025-08-27 13:02:30,Sheep_4,30.999969872594107,-6.9999516076484385
2025-08-27 13:02:30,Sheep_5,31.01117620583321,-6.991221383887755
2025-08-27 13:02:30,Sheep_6,31.00000957612816,-7.000056883367059
2025-08-27 13:02:30,Sheep_7,31.000017121699475,-7.000003699459338
2025-08-27 13:02:30,Sheep_8,30.999987725465605,-6.999992298550329
2025-08-27 13:02:30,Sheep_9,31.000012791056925,-6.999977753316984
2025-08-27 13:02:30,Sheep_10,31.000031753130997,-6.999987168209133
2025-08-27 13:03:00,Sheep_1,30.999962927575762,-7.0000148914106
2025-08-27 13:03:00,Sheep_2,31.00007931319624,-6.999977222005021
2025-08-27 13:03:00,Sheep_3,31.000063850717773,-6.999956127560082
2025-08-27 13:03:00,Sheep_4,31.00000651640509,-6.9999905237633735
2025-08-27 13:03:00,Sheep_5,31.01156532131678,-6.990992118723015
2025-08-27 13:03:00,Sheep_6,31.000000486361458,-6.999961936398685
2025-08-27 13:03:00,Sheep_7,30.99998384010075,-6.99998704819996
2025-08-27 13:03:00,Sheep_8,31.000022949812593,-7.000028600348041
2025-08-27 13:03:00,Sheep_9,30.999987837687808,-7.000032003131698
2025-08-27 13:03:00,Sheep_10,30.999977843183434,-7.000040482303081
2025-08-27 13:03:30,Sheep_1,30.99997573351254,-6.9999553723211525
2025-08-27 13:03:30,Sheep_2,30.99997532850263,-6.999996024122844
2025-08-27 13:03:30,Sheep_3,30.99998644802137,-6.999962936461382
2025-08-27 13:03:30,Sheep_4,31.000035334952297,-6.999972833644484
2025-08-27 13:03:30,Sheep_5,31.01194457468511,-6.990668785556313
2025-08-27 13:03:30,Sheep_6,30.99996787976902,-6.9999388954625985
2025-08-27 13:03:30,Sheep_7,30.999979527317166,-6.9999791349624765
2025-08-27 13:03:30,Sheep_8,31.000028554587836,-7.000017458015789
2025-08-27 13:03:30,Sheep_9,31.000027973747592,-6.999975973141064
2025-08-27 13:03:30,Sheep_10,31.000046567476698,-7.00001475625034
2025-08-27 13:04:00,Sheep_1,30.99996534681951,-7.000015892595148
2025-08-27 13:04:00,Sheep_2,31.000005628464137,-6.999998169792178
2025-08-27 13:04:00,Sheep_3,30.999989397110234,-7.000060025157676
2025-08-27 13:04:00,Sheep_4,31.00001267920399,-6.999937989500356
2025-08-27 13:04:00,Sheep_5,31.012320511526166,-6.990359423275667
2025-08-27 13:04:00,Sheep_6,31.000015427020468,-6.999987516854869
2025-08-27 13:04:00,Sheep_7,31.00002510777848,-6.999987569453624
2025-08-27 13:04:00,Sheep_8,30.99999157355813,-7.0000250258869805
2025-08-27 13:04:00,Sheep_9,30.999993290325495,-6.999990123770348
2025-08-27 13:04:00,Sheep_10,30.999991481774313,-6.99999011719352
2025-08-27 13:04:30,Sheep_1,31.000011834804177,-6.9999738048432345
2025-08-27 13:04:30,Sheep_2,31.000034570471673,-6.999997547447189
2025-08-27 13:04:30,Sheep_3,30.999964756290915,-7.000010850070918
2025-08-27 13:04:30,Sheep_4,31.000001187456903,-7.000057716559662
2025-08-27 13:04:30,Sheep_5,31.012710215823148,-6.9900774547180635
2025-08-27 13:04:30,Sheep_6,31.000010277205387,-6.9999570678554806
2025-08-27 13:04:30,Sheep_7,30.999983018069614,-6.99998195212483
2025-08-27 13:04:30,Sheep_8,30.999997039234916,-7.0000057876900925
2025-08-27 13:04:30,Sheep_9,30.999979189928464,-6.999947633444064
2025-08-27 13:04:30,Sheep_10,30.999989880523533,-6.9999780088479
2025-08-27 13:05:00,Sheep_1,30.99994946979732,-6.999962901167075
2025-08-27 13:05:00,Sheep_2,31.000028356391194,-6.999996936672105
2025-08-27 13:05:00,Sheep_3,30.9999938840514,-6.9999874240020095
2025-08-27 13:05:00,Sheep_4,31.000061681386835,-7.000055436152177
2025-08-27 13:05:00,Sheep_5,31.013072412926196,-6.989807794658588
2025-08-27 13:05:00,Sheep_6,30.99999946321246,-7.000007793349589
2025-08-27 13:05:00,Sheep_7,30.999988457107676,-7.0000003290236
2025-08-27 13:05:00,Sheep_8,30.999969434841574,-6.999967642572712
2025-08-27 13:05:00,Sheep_9,30.999951649025032,-6.999983029806667
2025-08-27 13:05:00,Sheep_10,30.99999120007584,-7.000036813872263
2025-08-27 13:05:30,Sheep_1,31.000005454097302,-7.000048950533658
2025-08-27 13:05:30,Sheep_2,31.000001070261096,-7.000044735242206
2025-08-27 13:05:30,Sheep_3,31.000012430976042,-7.000029061789518
2025-08-27 13:05:30,Sheep_4,30.999987846011038,-6.999990758232849
2025-08-27 13:05:30,Sheep_5,31.013417579264477,-6.989498150293142
2025-08-27 13:05:30,Sheep_6,30.99995920327431,-6.99998016527447
2025-08-27 13:05:30,Sheep_7,31.000047563253833,-6.999912212968452
2025-08-27 13:05:30,Sheep_8,31.00000245692095,-6.999975218866121
2025-08-27 13:05:30,Sheep_9,30.999952013321785,-6.999952754040994
2025-08-27 13:05:30,Sheep_10,31.000020918842203,-7.000015214864865
2025-08-27 13:06:00,Sheep_1,31.00003334120015,-7.000008000726459
2025-08-27 13:06:00,Sheep_2,30.99998765652579,-6.999985055472542
2025-08-27 13:06:00,Sheep_3,30.999971343303095,-6.99996788012299
2025-08-27 13:06:00,Sheep_4,30.99997154177654,-7.000033013716854
2025-08-27 13:06:00,Sheep_5,31.01378821132002,-6.9891892644545655
2025-08-27 13:06:00,Sheep_6,30.99998337831401,-7.000042380980094
2025-08-27 13:06:00,Sheep_7,30.99998367732663,-7.000001007411959
2025-08-27 13:06:00,Sheep_8,30.999968173576615,-7.000036208847774
2025-08-27 13:06:00,Sheep_9,31.00005689803272,-7.000027056171593
2025-08-27 13:06:00,Sheep_10,30.999991294222905,-7.000011545929298
2025-08-27 13:06:30,Sheep_1,30.99998864471413,-6.999980464861891
2025-08-27 13:06:30,Sheep_2,31.000025551822237,-7.000009619205655
2025-08-27 13:06:30,Sheep_3,30.999966677732125,-6.999959931606202
2025-08-27 13:06:30,Sheep_4,30.99999743062097,-6.999945598691597
2025-08-27 13:06:30,Sheep_5,31.0141373063933,-6.988909336126443
2025-08-27 13:06:30,Sheep_6,31.000051705165305,-7.0000111066224875
2025-08-27 13:06:30,Sheep_7,30.99999392310214,-6.999990709114031
2025-08-27 13:06:30,Sheep_8,30.99998494082414,-7.000009811539838
2025-08-27 13:06:30,Sheep_9,30.999990896107775,-7.000019726104462
2025-08-27 13:06:30,Sheep_10,31.000033116867144,-6.999985503709184
2025-08-27 13:07:00,Sheep_1,31.00000675426425,-6.999974578531962
2025-08-27 13:07:00,Sheep_2,30.999992875786027,-7.000024340963818
2025-08-27 13:07:00,Sheep_3,30.999983759675587,-6.999999943941197
2025-08-27 13:07:00,Sheep_4,30.99997145494857,-7.0000157282036275
2025-08-27 13:07:00,Sheep_5,31.01454147450584,-6.988577149291077
2025-08-27 13:07:00,Sheep_6,30.999925247531262,-7.000005647243059
2025-08-27 13:07:00,Sheep_7,31.00004650630056,-6.999996169210713
2025-08-27 13:07:00,Sheep_8,31.000020304100076,-6.999996861461199
2025-08-27 13:07:00,Sheep_9,30.999982015808985,-7.000070485824729
2025-08-27 13:07:00,Sheep_10,31.00000553689419,-7.00002438506741
2025-08-27 13:07:30,Sheep_1,30.999978431492828,-7.000015688156601
2025-08-27 13:07:30,Sheep_2,31.00004702285501,-6.999924391920814
2025-08-27 13:07:30,Sheep_3,31.000005853609526,-7.00001461227898
2025-08-27 13:07:30,Sheep_4,30.999968274530612,-6.999985269099882
2025-08-27 13:07:30,Sheep_5,31.014955875334625,-6.988335112440189
2025-08-27 13:07:30,Sheep_6,30.99993588763814,-6.99997893364198
2025-08-27 13:07:30,Sheep_7,31.00002655586718,-7.000049858978267
2025-08-27 13:07:30,Sheep_8,31.000004756131432,-6.999985813456519
2025-08-27 13:07:30,Sheep_9,30.999998029806807,-7.000024861833374
2025-08-27 13:07:30,Sheep_10,31.00002737883283,-7.000012682257009
2025-08-27 13:08:00,Sheep_1,30.999959975220193,-7.000064435466629
2025-08-27 13:08:00,Sheep_2,31.000033979056415,-6.99998061208795
2025-08-27 13:08:00,Sheep_3,31.000002370828614,-7.0000138422321765
2025-08-27 13:08:00,Sheep_4,30.999985743844388,-7.000033821154348
2025-08-27 13:08:00,Sheep_5,31.014916091625594,-6.988374365206883
2025-08-27 13:08:00,Sheep_6,30.999980163573838,-7.0000097758738145
2025-08-27 13:08:00,Sheep_7,31.000016435861856,-7.00000125528779
2025-08-27 13:08:00,Sheep_8,31.000021422649493,-6.999957583199668
2025-08-27 13:08:00,Sheep_9,31.00002851698061,-6.99998520717297
2025-08-27 13:08:00,Sheep_10,31.000000319691317,-7.000030835969625
2025-08-27 13:08:30,Sheep_1,31.000019941000307,-6.999947188751483
2025-08-27 13:08:30,Sheep_2,31.000009219530355,-6.999939721382851
2025-08-27 13:08:30,Sheep_3,30.999958886856593,-7.00003628689051
2025-08-27 13:08:30,Sheep_4,31.000023047112137,-6.999991690717237
2025-08-27 13:08:30,Sheep_5,31.01494744695835,-6.988330252472111
2025-08-27 13:08:30,Sheep_6,30.99997660863935,-7.000006715370367
2025-08-27 13:08:30,Sheep_7,30.999958695185835,-7.000035482884594
2025-08-27 13:08:30,Sheep_8,31.000026206719312,-6.999972559568459
2025-08-27 13:08:30,Sheep_9,31.000009782724167,-7.000054110667853
2025-08-27 13:08:30,Sheep_10,30.99999034126189,-7.000038513989805
2025-08-27 13:09:00,Sheep_1,31.000031706789088,-7.000018352220689
2025-08-27 13:09:00,Sheep_2,30.999970739820945,-6.999999063208731
2025-08-27 13:09:00,Sheep_3,30.99998274826293,-6.999953351099571
2025-08-27 13:09:00,Sheep_4,30.99998019733478,-7.000043991728823
2025-08-27 13:09:00,Sheep_5,31.014885163528735,-6.988330573471557
2025-08-27 13:09:00,Sheep_6,30.999984856356974,-7.00004492475302
2025-08-27 13:09:00,Sheep_7,31.000032048862593,-6.999979021816212
2025-08-27 13:09:00,Sheep_8,30.99999923954692,-6.999957105590339
2025-08-27 13:09:00,Sheep_9,31.00001785490568,-7.000025870585047
2025-08-27 13:09:00,Sheep_10,30.9999719937074,-6.999974282664713
2025-08-27 13:09:30,Sheep_1,31.00001068182599,-6.999994663131103
2025-08-27 13:09:30,Sheep_2,30.999977187446923,-6.999980886131816
2025-08-27 13:09:30,Sheep_3,30.999979639807318,-7.000003206459863
2025-08-27 13:09:30,Sheep_4,31.000038994182887,-7.000020776624763
2025-08-27 13:09:30,Sheep_5,31.01489558257758,-6.988351989571885
2025-08-27 13:09:30,Sheep_6,31.00002679569242,-6.999991991254433
2025-08-27 13:09:30,Sheep_7,30.999996526840317,-7.000016005906457
2025-08-27 13:09:30,Sheep_8,31.000013080126866,-7.000026695851875
2025-08-27 13:09:30,Sheep_9,31.000008237483883,-7.000022990639647
2025-08-27 13:09:30,Sheep_10,30.999975808676286,-7.000020042601467
2025-08-27 13:10:00,Sheep_1,30.99998988301887,-7.000001535209775
2025-08-27 13:10:00,Sheep_2,31.00000634537716,-7.000115962184606
2025-08-27 13:10:00,Sheep_3,30.999978234354355,-7.000012310957948
2025-08-27 13:10:00,Sheep_4,31.00004056042145,-7.0000339552761055
2025-08-27 13:10:00,Sheep_5,31.014553672013207,-6.988590344152068
2025-08-27 13:10:00,Sheep_6,30.999964616370914,-6.999987613421052
2025-08-27 13:10:00,Sheep_7,30.999978379307386,-7.0000158656821
2025-08-27 13:10:00,Sheep_8,30.999978356696893,-7.000023009589777
2025-08-27 13:10:00,Sheep_9,31.000073353722993,-6.999973450311997
2025-08-27 13:10:00,Sheep_10,31.000029691102995,-6.9999845317274625
2025-08-27 13:10:30,Sheep_1,30.99995671244731,-6.999987582523572
2025-08-27 13:10:30,Sheep_2,31.000028914739882,-7.0000268308748
2025-08-27 13:10:30,Sheep_3,31.000026014911978,-6.999977855673412
2025-08-27 13:10:30,Sheep_4,31.000049911248063,-7.000013135095631
2025-08-27 13:10:30,Sheep_5,31.014157931167205,-6.9889210115011045
2025-08-27 13:10:30,Sheep_6,31.00003868768397,-7.000057485070902
2025-08-27 13:10:30,Sheep_7,30.99994425864942,-6.999997189412919
2025-08-27 13:10:30,Sheep_8,30.99998807251277,-6.999999757035081
2025-08-27 13:10:30,Sheep_9,31.000025475523838,-7.000017372777222
2025-08-27 13:10:30,Sheep_10,30.99994952373794,-6.999935721511014
2025-08-27 13:11:00,Sheep_1,30.99997312536056,-7.0000332961213285
2025-08-27 13:11:00,Sheep_2,31.00002974452067,-7.000012088335865
2025-08-27 13:11:00,Sheep_3,30.999998291685625,-6.999984821081138
2025-08-27 13:11:00,Sheep_4,31.000029201844317,-7.000010484002371
2025-08-27 13:11:00,Sheep_5,31.01383186280752,-6.989249949929633
2025-08-27 13:11:00,Sheep_6,31.000020475760966,-7.000026394741836
2025-08-27 13:11:00,Sheep_7,31.000036981799767,-6.999995534122362
2025-08-27 13:11:00,Sheep_8,30.999981865648618,-6.999979160279658
2025-08-27 13:11:00,Sheep_9,31.00002407083221,-6.999979818852285
2025-08-27 13:11:00,Sheep_10,30.99997225037083,-7.000015217495721
2025-08-27 13:11:30,Sheep_1,30.999999890239746,-7.000001297203254
2025-08-27 13:11:30,Sheep_2,31.00002020514217,-7.000063348483739
2025-08-27 13:11:30,Sheep_3,31.000009009891876,-7.0000091170121985
2025-08-27 13:11:30,Sheep_4,30.999977402965783,-7.000023343780235
2025-08-27 13:11:30,Sheep_5,31.01342760449709,-6.98957241409859
2025-08-27 13:11:30,Sheep_6,30.99998110071225,-7.000027535613301
2025-08-27 13:11:30,Sheep_7,31.000014358153322,-7.000025325754496
2025-08-27 13:11:30,Sheep_8,30.999994202826084,-6.999951510831255
2025-08-27 13:11:30,Sheep_9,31.000026797112465,-6.999971632592117
2025-08-27 13:11:30,Sheep_10,30.99998652877029,-6.999982927068107
2025-08-27 13:12:00,Sheep_1,30.99999369660976,-7.000006165169472
2025-08-27 13:12:00,Sheep_2,31.000011040747676,-7.000018769475157
2025-08-27 13:12:00,Sheep_3,31.00004023544119,-7.000005034490714
2025-08-27 13:12:00,Sheep_4,31.000016664406207,-6.999954235928887
2025-08-27 13:12:00,Sheep_5,31.013076897769654,-6.989818218102515
2025-08-27 13:12:00,Sheep_6,31.000011989648627,-6.999973253386887
2025-08-27 13:12:00,Sheep_7,31.00002403511558,-7.000035001983501
2025-08-27 13:12:00,Sheep_8,30.999982293337126,-6.999968731094503
2025-08-27 13:12:00,Sheep_9,30.99997947106439,-7.000009422442384
2025-08-27 13:12:00,Sheep_10,31.000042468805503,-7.000001502808171
2025-08-27 13:12:30,Sheep_1,30.99998041392011,-7.000027592284904
2025-08-27 13:12:30,Sheep_2,31.000008966564756,-7.0000419141661006
2025-08-27 13:12:30,Sheep_3,30.99999333446019,-6.999989523233801
2025-08-27 13:12:30,Sheep_4,31.000035011224053,-6.999979012292001
2025-08-27 13:12:30,Sheep_5,31.01267243771251,-6.990055739293989
2025-08-27 13:12:30,Sheep_6,30.99999192826884,-7.00003885049626
2025-08-27 13:12:30,Sheep_7,30.999995363599734,-6.9999547839681755
2025-08-27 13:12:30,Sheep_8,31.000004453109504,-6.999999606312654
2025-08-27 13:12:30,Sheep_9,31.000044121765487,-7.000045001788569
2025-08-27 13:12:30,Sheep_10,30.99996535395848,-7.000050802204217
2025-08-27 13:13:00,Sheep_1,31.000010042620907,-6.999994765456993
2025-08-27 13:13:00,Sheep_2,31.000041575719564,-6.999992345144905
2025-08-27 13:13:00,Sheep_3,30.999989108233216,-6.999999943569207
2025-08-27 13:13:00,Sheep_4,31.000003172136683,-7.000052560165297
2025-08-27 13:13:00,Sheep_5,31.01236086510874,-6.990361294259282
2025-08-27 13:13:00,Sheep_6,31.0000056595843,-6.999980659247696
2025-08-27 13:13:00,Sheep_7,31.000019118154345,-7.000004419000816
2025-08-27 13:13:00,Sheep_8,30.999982988470997,-6.999981153273698
2025-08-27 13:13:00,Sheep_9,31.00001039465075,-7.00002546294029
2025-08-27 13:13:00,Sheep_10,31.000038242066424,-6.999990777013581
2025-08-27 13:13:30,Sheep_1,31.000019668146667,-6.999956238014898
2025-08-27 13:13:30,Sheep_2,31.00000058988918,-6.999990035030632
2025-08-27 13:13:30,Sheep_3,31.000021829695612,-7.000022789628513
2025-08-27 13:13:30,Sheep_4,31.00000145665638,-6.999996052753122
2025-08-27 13:13:30,Sheep_5,31.011921897841688,-6.9906153648906155
2025-08-27 13:13:30,Sheep_6,30.999962074377198,-7.000040812379638
2025-08-27 13:13:30,Sheep_7,31.000035417532583,-6.999977574912973
2025-08-27 13:13:30,Sheep_8,30.99997235093018,-6.999980906836684
2025-08-27 13:13:30,Sheep_9,31.000039557593738,-7.000000951470366
2025-08-27 13:13:30,Sheep_10,31.000070036549587,-7.000054204493912
2025-08-27 13:14:00,Sheep_1,31.00001869808086,-6.999963324355484
2025-08-27 13:14:00,Sheep_2,31.000024021125625,-7.000006424942929
2025-08-27 13:14:00,Sheep_3,30.99999217279513,-6.999986036078249
2025-08-27 13:14:00,Sheep_4,31.000021984041144,-6.999981058238456
2025-08-27 13:14:00,Sheep_5,31.011584664434473,-6.990977049855186
2025-08-27 13:14:00,Sheep_6,30.999993861723524,-7.000029554095769
2025-08-27 13:14:00,Sheep_7,30.999989594517352,-6.999968081460709
2025-08-27 13:14:00,Sheep_8,31.00000291009488,-6.999918040362157
2025-08-27 13:14:00,Sheep_9,31.00000521217303,-6.999998123287601
2025-08-27 13:14:00,Sheep_10,31.000002861559093,-7.000020052701818
2025-08-27 13:14:30,Sheep_1,30.999998441341745,-6.9999645423505905
2025-08-27 13:14:30,Sheep_2,31.000003071433746,-7.000024946369571
2025-08-27 13:14:30,Sheep_3,30.99997506958443,-7.000014154345013
2025-08-27 13:14:30,Sheep_4,31.000001990570457,-6.999962473645848
2025-08-27 13:14:30,Sheep_5,31.01116879892207,-6.991254149697553
2025-08-27 13:14:30,Sheep_6,31.000003889059094,-7.000057651699313
2025-08-27 13:14:30,Sheep_7,30.999977535080408,-7.000021375691974
2025-08-27 13:14:30,Sheep_8,30.999978549127547,-6.999993966993753
2025-08-27 13:14:30,Sheep_9,30.999995673025257,-7.000017458192032
2025-08-27 13:14:30,Sheep_10,31.000011533308296,-6.999945826540293
2025-08-27 13:15:00,Sheep_1,31.00004417687343,-7.000060451934006
2025-08-27 13:15:00,Sheep_2,31.000015551711744,-7.000005597051267
2025-08-27 13:15:00,Sheep_3,31.00000418133335,-7.000012522016398
2025-08-27 13:15:00,Sheep_4,31.000003168935407,-6.999995239752295
2025-08-27 13:15:00,Sheep_5,31.01080938478258,-6.991557985795806
2025-08-27 13:15:00,Sheep_6,30.999987907949624,-6.999992634890006
2025-08-27 13:15:00,Sheep_7,31.000016142553225,-6.999973170712816
2025-08-27 13:15:00,Sheep_8,30.99998668190739,-6.999991075928355
2025-08-27 13:15:00,Sheep_9,31.00002593880503,-6.999963353702866
2025-08-27 13:15:00,Sheep_10,30.99999841449369,-7.000006946092225
2025-08-27 13:15:30,Sheep_1,31.00000515067105,-7.000036146796665
2025-08-27 13:15:30,Sheep_2,30.99999478235238,-6.999976590207701
2025-08-27 13:15:30,Sheep_3,31.000017300048405,-7.000008497212004
2025-08-27 13:15:30,Sheep_4,31.00000586736079,-7.000025927002192
2025-08-27 13:15:30,Sheep_5,31.01045932937506,-6.991832580867623
2025-08-27 13:15:30,Sheep_6,30.999992563291816,-7.00001137259543
2025-08-27 13:15:30,Sheep_7,30.999998305052095,-7.0000140812707095
2025-08-27 13:15:30,Sheep_8,31.000017736517318,-7.00001242771259
2025-08-27 13:15:30,Sheep_9,31.000042929323463,-6.999953933789778
2025-08-27 13:15:30,Sheep_10,30.9999759734956,-6.99999780849815
2025-08-27 13:16:00,Sheep_1,30.999982465236577,-7.000010269797602
2025-08-27 13:16:00,Sheep_2,31.00005396408914,-7.000009670043673
2025-08-27 13:16:00,Sheep_3,31.00000970785224,-6.999982980861475
2025-08-27 13:16:00,Sheep_4,30.99997303370358,-7.000026884197043
2025-08-27 13:16:00,Sheep_5,31.01005192652907,-6.992141271469295
2025-08-27 13:16:00,Sheep_6,30.99992319358311,-6.999982878332295
2025-08-27 13:16:00,Sheep_7,31.000055359158495,-6.999995352516772
2025-08-27 13:16:00,Sheep_8,30.999961832495707,-7.0000202088859655
2025-08-27 13:16:00,Sheep_9,30.999987633574065,-7.000031992859834
2025-08-27 13:16:00,Sheep_10,31.000023181350297,-6.999974525428633
2025-08-27 13:16:30,Sheep_1,30.999968861342243,-6.999977203455925
2025-08-27 13:16:30,Sheep_2,31.000041146586334,-6.999940183580425
2025-08-27 13:16:30,Sheep_3,31.000077215559372,-7.000028358643969
2025-08-27 13:16:30,Sheep_4,31.00007611086309,-7.000011136246919
2025-08-27 13:16:30,Sheep_5,31.009689853748398,-6.99240759788549
2025-08-27 13:16:30,Sheep_6,30.99998431383397,-6.9999874540543985
2025-08-27 13:16:30,Sheep_7,30.999964424797312,-7.000007506380504
2025-08-27 13:16:30,Sheep_8,31.000034645586624,-7.000001794006691
2025-08-27 13:16:30,Sheep_9,31.000003815912326,-6.999985057872065
2025-08-27 13:16:30,Sheep_10,31.000031548552712,-7.000052040255905
2025-08-27 13:17:00,Sheep_1,31.000015752534633,-7.0000084302930725
2025-08-27 13:17:00,Sheep_2,31.000004490780505,-6.999966675172455
2025-08-27 13:17:00,Sheep_3,30.99996781746358,-7.000031837535705
2025-08-27 13:17:00,Sheep_4,30.999947841449163,-7.000017265554128
2025-08-27 13:17:00,Sheep_5,31.009351304878685,-6.992708732623642
2025-08-27 13:17:00,Sheep_6,30.99996388452491,-7.000015269737076
2025-08-27 13:17:00,Sheep_7,30.999959903116146,-7.000035375844889
2025-08-27 13:17:00,Sheep_8,31.000010478411163,-7.000036906570964
2025-08-27 13:17:00,Sheep_9,31.000029984754903,-7.0000022360215555
2025-08-27 13:17:00,Sheep_10,31.000002306720372,-7.000008752044581
2025-08-27 13:17:30,Sheep_1,31.000020827735497,-6.9999753774574085
2025-08-27 13:17:30,Sheep_2,31.000009029492055,-6.999982243033597
2025-08-27 13:17:30,Sheep_3,30.999994284324384,-6.999982953140426
2025-08-27 13:17:30,Sheep_4,30.999990894418556,-6.999999929837811
2025-08-27 13:17:30,Sheep_5,31.008949371641496,-6.993007540210865
2025-08-27 13:17:30,Sheep_6,30.99998142889514,-6.999985295825691
2025-08-27 13:17:30,Sheep_7,31.000035319958126,-6.99996318056041
2025-08-27 13:17:30,Sheep_8,30.999966136399497,-6.999959467463109
2025-08-27 13:17:30,Sheep_9,30.999991425839877,-6.999981112957287
2025-08-27 13:17:30,Sheep_10,30.999975578099207,-6.999995536152284
2025-08-27 13:18:00,Sheep_1,31.00000845463123,-7.000046675966544
2025-08-27 13:18:00,Sheep_2,31.000016392395786,-6.999957683810709
2025-08-27 13:18:00,Sheep_3,30.99999529335396,-6.9999572363214
2025-08-27 13:18:00,Sheep_4,30.99999488788645,-6.999973289066987
2025-08-27 13:18:00,Sheep_5,31.00854135054727,-6.9932390111338405
2025-08-27 13:18:00,Sheep_6,31.000040301605605,-7.0000089486242985
2025-08-27 13:18:00,Sheep_7,30.999946853511677,-6.999990944389674
2025-08-27 13:18:00,Sheep_8,30.999961087166355,-6.99998601380721
2025-08-27 13:18:00,Sheep_9,31.000011091422543,-7.000029597710489
2025-08-27 13:18:00,Sheep_10,31.000030209316122,-6.999974672735746
2025-08-27 13:18:30,Sheep_1,31.00002629779026,-6.999999721513845
2025-08-27 13:18:30,Sheep_2,30.999961852567367,-6.999969255701106
2025-08-27 13:18:30,Sheep_3,30.999992713670522,-7.000043694680107
2025-08-27 13:18:30,Sheep_4,31.000036436562144,-6.999933994639028
2025-08-27 13:18:30,Sheep_5,31.00820737271667,-6.993536205331083
2025-08-27 13:18:30,Sheep_6,31.000002460871233,-7.0000119615315475
2025-08-27 13:18:30,Sheep_7,30.999983009563756,-6.999948530138039
2025-08-27 13:18:30,Sheep_8,30.999978975640996,-6.999976883136912
2025-08-27 13:18:30,Sheep_9,30.99998493090635,-7.0000144720421
2025-08-27 13:18:30,Sheep_10,31.000027764544395,-7.00001194835637
2025-08-27 13:19:00,Sheep_1,30.999989091033612,-6.999964384626511
2025-08-27 13:19:00,Sheep_2,31.00004304879518,-6.999979730956108
2025-08-27 13:19:00,Sheep_3,30.999982354389804,-7.0000160535284275
2025-08-27 13:19:00,Sheep_4,31.000002153663235,-6.999989909960607
2025-08-27 13:19:00,Sheep_5,31.00781726948869,-6.993858057425374
2025-08-27 13:19:00,Sheep_6,31.00000230452739,-7.000053941860162
2025-08-27 13:19:00,Sheep_7,30.999974966048804,-7.000015849802745
2025-08-27 13:19:00,Sheep_8,30.999998036533718,-6.999940601084994
2025-08-27 13:19:00,Sheep_9,31.000006418558375,-7.000026433863623
2025-08-27 13:19:00,Sheep_10,31.000005945853513,-7.000011069636856
2025-08-27 13:19:30,Sheep_1,31.000008752018672,-6.9999817469550925
2025-08-27 13:19:30,Sheep_2,31.000032587962107,-7.000000763567291
2025-08-27 13:19:30,Sheep_3,31.000044168896718,-6.999971451772452
2025-08-27 13:19:30,Sheep_4,30.999980934974538,-6.9999305221499455
2025-08-27 13:19:30,Sheep_5,31.007467796483574,-6.99418246829985
2025-08-27 13:19:30,Sheep_6,31.000044544907958,-6.999934674684076
2025-08-27 13:19:30,Sheep_7,30.999999109991098,-7.000015834761434
2025-08-27 13:19:30,Sheep_8,30.99999535460948,-6.999977528838393
2025-08-27 13:19:30,Sheep_9,31.0000344373874,-6.999982063881435
2025-08-27 13:19:30,Sheep_10,31.000002741372846,-6.999952902518128
2025-08-27 13:20:00,Sheep_1,30.99999156926501,-6.999967587901636
2025-08-27 13:20:00,Sheep_2,30.999992236899075,-6.999986448640556
2025-08-27 13:20:00,Sheep_3,30.99999693956437,-7.000001755992318
2025-08-27 13:20:00,Sheep_4,30.99998982968422,-6.999957717796609
2025-08-27 13:20:00,Sheep_5,31.007075657632704,-6.994472231153941
2025-08-27 13:20:00,Sheep_6,31.00005715936667,-6.999969256477911
2025-08-27 13:20:00,Sheep_7,30.999935722771326,-7.000017771731672
2025-08-27 13:20:00,Sheep_8,30.999951168091872,-7.000029889710206
2025-08-27 13:20:00,Sheep_9,30.999915419116075,-7.000004306951574
2025-08-27 13:20:00,Sheep_10,30.99996922542708,-6.999998116579054
2025-08-27 13:20:30,Sheep_1,30.99995620406237,-6.999997393251789
2025-08-27 13:20:30,Sheep_2,30.99998881828212,-6.999952778606983
2025-08-27 13:20:30,Sheep_3,31.000038035129226,-6.9999753087385335
2025-08-27 13:20:30,Sheep_4,30.999991197975728,-6.999937579651223
2025-08-27 13:20:30,Sheep_5,31.006687827285454,-6.994777886267722
2025-08-27 13:20:30,Sheep_6,30.999997742101154,-6.999929133054174
2025-08-27 13:20:30,Sheep_7,30.999994547100965,-7.0000057612294455
2025-08-27 13:20:30,Sheep_8,30.99996114147441,-6.999970259979008
2025-08-27 13:20:30,Sheep_9,31.00002568746643,-6.99997519147998
2025-08-27 13:20:30,Sheep_10,30.99998304292114,-7.000022218856936
2025-08-27 13:21:00,Sheep_1,30.999965151214955,-6.999997363049003
2025-08-27 13:21:00,Sheep_2,30.999970883740676,-7.0000370179684905
2025-08-27 13:21:00,Sheep_3,30.99998858181683,-7.000015379067475
2025-08-27 13:21:00,Sheep_4,30.99998550183627,-6.999985334984425
2025-08-27 13:21:00,Sheep_5,31.00634405357349,-6.995046259228645
2025-08-27 13:21:00,Sheep_6,31.00000493207676,-7.000031173604754
2025-08-27 13:21:00,Sheep_7,31.00000283718893,-6.999995265058448
2025-08-27 13:21:00,Sheep_8,30.99995949388629,-6.999968695393804
2025-08-27 13:21:00,Sheep_9,30.99997624594758,-6.999997160660406
2025-08-27 13:21:00,Sheep_10,31.000031380122365,-6.999970896727796
2025-08-27 13:21:30,Sheep_1,31.000000925262,-7.00001139696667
2025-08-27 13:21:30,Sheep_2,31.00002553481608,-6.999978787593585
2025-08-27 13:21:30,Sheep_3,30.999983335473768,-7.000024991451918
2025-08-27 13:21:30,Sheep_4,30.99994415140545,-6.99999515723974
2025-08-27 13:21:30,Sheep_5,31.005968051535483,-6.995308156707559
2025-08-27 13:21:30,Sheep_6,31.000009676296088,-6.999958051841427
2025-08-27 13:21:30,Sheep_7,30.99998120649763,-6.999964216559814
2025-08-27 13:21:30,Sheep_8,30.99998574605518,-6.9999755523840665
2025-08-27 13:21:30,Sheep_9,30.99996068743103,-6.9999926073474725
2025-08-27 13:21:30,Sheep_10,30.9999465139793,-7.000008398801098
2025-08-27 13:22:00,Sheep_1,31.00001186724741,-7.000016379248404
2025-08-27 13:22:00,Sheep_2,30.999971691404184,-6.999973398039949
2025-08-27 13:22:00,Sheep_3,30.999997211746592,-7.000015392098467
2025-08-27 13:22:00,Sheep_4,31.000001129067225,-6.999917103136586
2025-08-27 13:22:00,Sheep_5,31.00561716531031,-6.995599355530117
2025-08-27 13:22:00,Sheep_6,31.000011737683767,-6.99999476570394
2025-08-27 13:22:00,Sheep_7,30.999935427175124,-7.000021347138382
2025-08-27 13:22:00,Sheep_8,30.999987048839028,-7.000058946596248
2025-08-27 13:22:00,Sheep_9,30.999968808413847,-7.000062277487821
2025-08-27 13:22:00,Sheep_10,30.999998967198103,-6.999974258002351
2025-08-27 13:22:30,Sheep_1,31.000029826837547,-6.999986959178779
2025-08-27 13:22:30,Sheep_2,30.999974037109023,-7.000060744118025
2025-08-27 13:22:30,Sheep_3,30.99995265355643,-7.000039896805294
2025-08-27 13:22:30,Sheep_4,30.999976045822006,-7.000005022491904
2025-08-27 13:22:30,Sheep_5,31.00520512443794,-6.995908369931806
2025-08-27 13:22:30,Sheep_6,30.999993740383502,-6.9999996684428805
2025-08-27 13:22:30,Sheep_7,31.000030728994414,-7.000037106479273
2025-08-27 13:22:30,Sheep_8,31.00001128381005,-7.000000439318227
2025-08-27 13:22:30,Sheep_9,30.99999101276641,-6.99997216754611
2025-08-27 13:22:30,Sheep_10,31.00002368884714,-7.0000297576654535
2025-08-27 13:23:00,Sheep_1,30.999995090893357,-6.999991158706236
2025-08-27 13:23:00,Sheep_2,30.999992642649623,-6.99998160693251
2025-08-27 13:23:00,Sheep_3,31.00000757793796,-6.999942384284618
2025-08-27 13:23:00,Sheep_4,30.99995875999454,-7.000003849386848
2025-08-27 13:23:00,Sheep_5,31.00483392669842,-6.9961945645705725
2025-08-27 13:23:00,Sheep_6,30.99995641829258,-6.999989111930283
2025-08-27 13:23:00,Sheep_7,30.999983020613602,-7.000023082045058
2025-08-27 13:23:00,Sheep_8,30.999961017834973,-7.000014621985207
2025-08-27 13:23:00,Sheep_9,31.00002922656837,-7.000000791932073
2025-08-27 13:23:00,Sheep_10,31.00001691557001,-6.9999476636702145
2025-08-27 13:23:30,Sheep_1,31.00000710803768,-7.000017568655492
2025-08-27 13:23:30,Sheep_2,31.000012592136592,-7.000017112667866
2025-08-27 13:23:30,Sheep_3,30.999986406144,-7.000047785421314
2025-08-27 13:23:30,Sheep_4,31.000024962023655,-7.000012135918869
2025-08-27 13:23:30,Sheep_5,31.004480424594025,-6.996520692214223
2025-08-27 13:23:30,Sheep_6,31.000011748498824,-7.000023955428363
2025-08-27 13:23:30,Sheep_7,30.99999618104415,-6.999972401154375
2025-08-27 13:23:30,Sheep_8,31.000021310437806,-7.00000069262536
2025-08-27 13:23:30,Sheep_9,30.999952350044033,-6.999905906052033
2025-08-27 13:23:30,Sheep_10,31.00004704973869,-6.999977279107455
2025-08-27 13:24:00,Sheep_1,30.999979701658777,-7.0000035713369435
2025-08-27 13:24:00,Sheep_2,30.999985355180655,-6.999960264376182
2025-08-27 13:24:00,Sheep_3,31.00000707427841,-7.000024654107421
2025-08-27 13:24:00,Sheep_4,30.999987313463013,-6.999964749850925
2025-08-27 13:24:00,Sheep_5,31.004132804610425,-6.996758696427307
2025-08-27 13:24:00,Sheep_6,31.000020401510916,-7.000007942524495
2025-08-27 13:24:00,Sheep_7,30.999912643357206,-6.999990657290476
2025-08-27 13:24:00,Sheep_8,30.999999950716166,-6.999995598963657
2025-08-27 13:24:00,Sheep_9,31.000001452497674,-7.000041697675123
2025-08-27 13:24:00,Sheep_10,31.00001502179007,-6.999980123122542
2025-08-27 13:24:30,Sheep_1,31.000018388576592,-6.99997023962418
2025-08-27 13:24:30,Sheep_2,31.000016278790287,-7.000012891322458
2025-08-27 13:24:30,Sheep_3,30.999998090994037,-6.999997135034672
2025-08-27 13:24:30,Sheep_4,31.00000290242856,-6.999968616042351
2025-08-27 13:24:30,Sheep_5,31.00374252511021,-6.997038940935719
2025-08-27 13:24:30,Sheep_6,31.000059462872258,-6.999997495817558
2025-08-27 13:24:30,Sheep_7,30.999896604683386,-6.999961113994024
2025-08-27 13:24:30,Sheep_8,30.99998543721688,-7.000025198650122
2025-08-27 13:24:30,Sheep_9,30.999989262164707,-7.000014042454951
2025-08-27 13:24:30,Sheep_10,31.000016500264376,-7.0000490286523736
2025-08-27 13:25:00,Sheep_1,30.999970956142317,-6.999989211096931
2025-08-27 13:25:00,Sheep_2,31.000016787927517,-6.9999798299341895
2025-08-27 13:25:00,Sheep_3,30.999978789895465,-7.000030756666667
2025-08-27 13:25:00,Sheep_4,30.999986346528015,-6.999992458401979
2025-08-27 13:25:00,Sheep_5,31.0033845531506,-6.997417148117934
2025-08-27 13:25:00,Sheep_6,30.99999405150673,-7.000041899402903
2025-08-27 13:25:00,Sheep_7,30.999955473158174,-6.999969598888355
2025-08-27 13:25:00,Sheep_8,31.000014677270244,-6.999985869812715
2025-08-27 13:25:00,Sheep_9,31.000024821034128,-7.000015082359493
2025-08-27 13:25:00,Sheep_10,30.99998834070653,-6.999931280641355
2025-08-27 13:25:30,Sheep_1,30.999993355073997,-6.999976887450383
2025-08-27 13:25:30,Sheep_2,31.000000171978286,-7.000058109238085
2025-08-27 13:25:30,Sheep_3,30.999944898607517,-7.000018203260711
2025-08-27 13:25:30,Sheep_4,31.000028461226687,-6.999975216114623
2025-08-27 13:25:30,Sheep_5,31.003001191165456,-6.99768667412163
2025-08-27 13:25:30,Sheep_6,31.000043546689458,-7.000030336240084
2025-08-27 13:25:30,Sheep_7,31.00000573547607,-7.000000325475938
2025-08-27 13:25:30,Sheep_8,30.999995314216125,-6.999957914670487
2025-08-27 13:25:30,Sheep_9,30.999980997740202,-7.000042431581864
2025-08-27 13:25:30,Sheep_10,31.000000538865063,-7.000012570550341
2025-08-27 13:26:00,Sheep_1,31.000091018224552,-6.999978730608638
2025-08-27 13:26:00,Sheep_2,30.999988968543608,-7.000033204141964
2025-08-27 13:26:00,Sheep_3,30.999949327477257,-7.000032232882453
2025-08-27 13:26:00,Sheep_4,31.000003097604342,-6.999955124794994
2025-08-27 13:26:00,Sheep_5,31.002631825087303,-6.997952935605815
2025-08-27 13:26:00,Sheep_6,30.999991290846236,-6.999991548540984
2025-08-27 13:26:00,Sheep_7,30.99998602305073,-6.999945974645364
2025-08-27 13:26:00,Sheep_8,30.99999490145038,-7.000002714461791
2025-08-27 13:26:00,Sheep_9,30.999940285058614,-7.000006144470507
2025-08-27 13:26:00,Sheep_10,31.000022542691465,-7.000033569191987
2025-08-27 13:26:30,Sheep_1,30.999979768586027,-6.9999750771699345
2025-08-27 13:26:30,Sheep_2,30.999960205069435,-6.999966742742104
2025-08-27 13:26:30,Sheep_3,30.999985659075904,-7.0000122165827285
2025-08-27 13:26:30,Sheep_4,30.99996971222408,-6.999988114227638
2025-08-27 13:26:30,Sheep_5,31.002282771097985,-6.9982331090486944
2025-08-27 13:26:30,Sheep_6,30.999976708086724,-6.999964296094999
2025-08-27 13:26:30,Sheep_7,30.99999146569675,-6.999956786199696
2025-08-27 13:26:30,Sheep_8,31.0000217393928,-7.000092532354734
2025-08-27 13:26:30,Sheep_9,30.999972940721353,-6.999970308533755
2025-08-27 13:26:30,Sheep_10,31.00000408706267,-7.000032186881401
2025-08-27 13:27:00,Sheep_1,30.999982925183737,-7.000059932068918
2025-08-27 13:27:00,Sheep_2,30.99999761839865,-6.999930495927095
2025-08-27 13:27:00,Sheep_3,31.0000216924198,-6.999931133301453
2025-08-27 13:27:00,Sheep_4,31.000023780014995,-6.99996769605506
2025-08-27 13:27:00,Sheep_5,31.00190094714568,-6.9985333335867805
2025-08-27 13:27:00,Sheep_6,30.999994954348146,-6.99996753325332
2025-08-27 13:27:00,Sheep_7,31.00003918002795,-7.000015090085744
2025-08-27 13:27:00,Sheep_8,30.999980554192895,-6.9999956343670995
2025-08-27 13:27:00,Sheep_9,31.000022408341724,-6.999974908021792
2025-08-27 13:27:00,Sheep_10,30.99996161962989,-6.999939899115699
2025-08-27 13:27:30,Sheep_1,30.99998272103137,-7.000008333642054
2025-08-27 13:27:30,Sheep_2,30.999975674065038,-6.999915164556144
2025-08-27 13:27:30,Sheep_3,31.00000652364365,-7.000026754651886
2025-08-27 13:27:30,Sheep_4,31.00002328216538,-6.999975818375302
2025-08-27 13:27:30,Sheep_5,31.00148901157975,-6.99881537370502
2025-08-27 13:27:30,Sheep_6,30.999977758930267,-7.000015497347871
2025-08-27 13:27:30,Sheep_7,30.99994582599745,-7.000041625014853
2025-08-27 13:27:30,Sheep_8,31.00004871444859,-6.9999483934929145
2025-08-27 13:27:30,Sheep_9,31.00000177296035,-6.999947717444388
2025-08-27 13:27:30,Sheep_10,30.999995686098995,-7.000007652818582
2025-08-27 13:28:00,Sheep_1,31.00000152292441,-7.000003927534275
2025-08-27 13:28:00,Sheep_2,30.99999420060213,-6.999964051569759
2025-08-27 13:28:00,Sheep_3,31.00000404605607,-6.99997759957722
2025-08-27 13:28:00,Sheep_4,31.000027795019545,-6.999987795440706
2025-08-27 13:28:00,Sheep_5,31.001101856132564,-6.999153100678098
2025-08-27 13:28:00,Sheep_6,31.000004009539207,-7.000005384297288
2025-08-27 13:28:00,Sheep_7,31.000002355140914,-7.000000504738907
2025-08-27 13:28:00,Sheep_8,31.00006962559271,-7.0000418223062075
2025-08-27 13:28:00,Sheep_9,30.999946372270845,-6.9999895500741705
2025-08-27 13:28:00,Sheep_10,30.99998985566238,-6.999990062827903
2025-08-27 13:28:30,Sheep_1,31.000015735259314,-6.999959627755401
2025-08-27 13:28:30,Sheep_2,30.99995938126607,-7.000017503207666
2025-08-27 13:28:30,Sheep_3,31.00001155483091,-6.999975776628762
2025-08-27 13:28:30,Sheep_4,31.000059112007285,-6.999969952672371
2025-08-27 13:28:30,Sheep_5,31.000745171886102,-6.999435159939466
2025-08-27 13:28:30,Sheep_6,30.99998479276358,-7.0000186345735145
2025-08-27 13:28:30,Sheep_7,31.00001765811072,-6.999991920001715
2025-08-27 13:28:30,Sheep_8,30.999964328523962,-7.000013704739806
2025-08-27 13:28:30,Sheep_9,31.000023649323214,-6.999988943737481
2025-08-27 13:28:30,Sheep_10,31.000015324594393,-6.999987960943528
2025-08-27 13:29:00,Sheep_1,31.000043831227128,-6.999992578807364
2025-08-27 13:29:00,Sheep_2,30.999989596942207,-7.000028791333489
2025-08-27 13:29:00,Sheep_3,31.00000672680897,-7.000076735720886
2025-08-27 13:29:00,Sheep_4,30.999995033533907,-7.000006471604071
2025-08-27 13:29:00,Sheep_5,31.00034858169304,-6.999727704653261
2025-08-27 13:29:00,Sheep_6,31.00002181973222,-6.99999274642387
2025-08-27 13:29:00,Sheep_7,31.00000274312793,-6.999990368435207
2025-08-27 13:29:00,Sheep_8,31.00000249625192,-6.999960924407816
2025-08-27 13:29:00,Sheep_9,31.000003326334397,-7.00004584621233
2025-08-27 13:29:00,Sheep_10,31.000043930918924,-6.999988356504019
2025-08-27 13:29:30,Sheep_1,30.99998412000366,-7.0000394069431735
2025-08-27 13:29:30,Sheep_2,31.00001066962507,-7.000003683887196
2025-08-27 13:29:30,Sheep_3,31.000042422209468,-7.000010875323014
2025-08-27 13:29:30,Sheep_4,30.999977433144366,-6.999971836171794
2025-08-27 13:29:30,Sheep_5,31.000016623821285,-6.999996465067949
2025-08-27 13:29:30,Sheep_6,31.000018227372827,-7.00000118488287
2025-08-27 13:29:30,Sheep_7,31.00000630250901,-6.999963372693019
2025-08-27 13:29:30,Sheep_8,31.000016851913422,-7.000005321987416
2025-08-27 13:29:30,Sheep_9,31.00003644527163,-7.000074351039997
2025-08-27 13:29:30,Sheep_10,31.000055302011628,-7.000053635344621
2025-08-27 13:30:00,Sheep_1,30.999983100265233,-7.000001286447083
2025-08-27 13:30:00,Sheep_2,30.999996052443297,-6.999968358442402
2025-08-27 13:30:00,Sheep_3,30.999971492006324,-6.999991801492683
2025-08-27 13:30:00,Sheep_4,30.99998441756832,-6.9999907207692225
2025-08-27 13:30:00,Sheep_5,30.999998254430658,-6.999997078103587
2025-08-27 13:30:00,Sheep_6,31.000363178104706,-6.999718873181458
2025-08-27 13:30:00,Sheep_7,31.000007741803287,-6.999970329589656
2025-08-27 13:30:00,Sheep_8,30.99998387676965,-7.000027314046854
2025-08-27 13:30:00,Sheep_9,31.00001653234367,-7.00000102192222
2025-08-27 13:30:00,Sheep_10,31.000022381372638,-7.000028478259439
2025-08-27 13:30:30,Sheep_1,30.999952045303843,-7.00001675764542
2025-08-27 13:30:30,Sheep_2,30.999979347306613,-7.000002477106868
2025-08-27 13:30:30,Sheep_3,30.99998283744482,-6.999976702431099
2025-08-27 13:30:30,Sheep_4,30.999992234541974,-6.999995269082581
2025-08-27 13:30:30,Sheep_5,31.000004248146563,-6.99999387061296
2025-08-27 13:30:30,Sheep_6,31.00074568284532,-6.999405662297234
2025-08-27 13:30:30,Sheep_7,30.999978557623056,-6.999956002308034
2025-08-27 13:30:30,Sheep_8,30.999993625474758,-7.000041235097728
2025-08-27 13:30:30,Sheep_9,31.000005068451948,-7.000026761109717
2025-08-27 13:30:30,Sheep_10,31.000017930323423,-6.999930530012764
2025-08-27 13:31:00,Sheep_1,30.999978802405007,-6.99998955021566
2025-08-27 13:31:00,Sheep_2,30.99995269029136,-6.999985729222067
2025-08-27 13:31:00,Sheep_3,30.999976130601873,-7.000019644796989
2025-08-27 13:31:00,Sheep_4,30.99997032106118,-6.999976981169454
2025-08-27 13:31:00,Sheep_5,31.000027146182827,-6.999999264768979
2025-08-27 13:31:00,Sheep_6,31.00110364404808,-6.999091230331722
2025-08-27 13:31:00,Sheep_7,30.999979776945892,-7.000067974283694
2025-08-27 13:31:00,Sheep_8,31.000012353279104,-7.000034734109702
2025-08-27 13:31:00,Sheep_9,31.000026642349805,-7.0000119829671
2025-08-27 13:31:00,Sheep_10,31.000016269670514,-6.999955936836764
2025-08-27 13:31:30,Sheep_1,30.99996742205719,-7.0000177930603025
2025-08-27 13:31:30,Sheep_2,30.999997960714893,-6.999951659394932
2025-08-27 13:31:30,Sheep_3,30.99998225702341,-7.000018691192952
2025-08-27 13:31:30,Sheep_4,31.000012885570666,-7.000018148067982
2025-08-27 13:31:30,Sheep_5,31.000004110471153,-7.0000487803280365
2025-08-27 13:31:30,Sheep_6,31.001532015855272,-6.998860976952247
2025-08-27 13:31:30,Sheep_7,30.999991328978513,-7.000001021203589
2025-08-27 13:31:30,Sheep_8,31.00005154567376,-7.0000416531441125
2025-08-27 13:31:30,Sheep_9,31.000053459507782,-6.999976194364883
2025-08-27 13:31:30,Sheep_10,31.00001124044173,-7.000030956877739
2025-08-27 13:32:00,Sheep_1,31.000015391876808,-7.000022746415455
2025-08-27 13:32:00,Sheep_2,31.00003413567876,-7.000030530184889
2025-08-27 13:32:00,Sheep_3,30.999996950453795,-7.000017457782852
2025-08-27 13:32:00,Sheep_4,30.999973386912618,-6.999976692909008
2025-08-27 13:32:00,Sheep_5,31.000014430257295,-6.999961988725953
2025-08-27 13:32:00,Sheep_6,31.001833313251783,-6.998518606200569
2025-08-27 13:32:00,Sheep_7,31.0000675201825,-7.000014199593376
2025-08-27 13:32:00,Sheep_8,31.000051072995294,-7.000008273788955
2025-08-27 13:32:00,Sheep_9,30.999963014469884,-7.000009609082319
2025-08-27 13:32:00,Sheep_10,31.000028248400135,-7.000026352264024
2025-08-27 13:32:30,Sheep_1,30.999983821272217,-6.999981339123492
2025-08-27 13:32:30,Sheep_2,31.000000082468112,-6.999981619457569
2025-08-27 13:32:30,Sheep_3,31.000006409348025,-6.999984920582574
2025-08-27 13:32:30,Sheep_4,30.999988349770415,-6.999992714380449
2025-08-27 13:32:30,Sheep_5,30.999975007913967,-6.99995949165395
2025-08-27 13:32:30,Sheep_6,31.002226953541612,-6.998225432818308
2025-08-27 13:32:30,Sheep_7,30.999993704447693,-6.999993649152206
2025-08-27 13:32:30,Sheep_8,30.99998666103438,-7.0000319428908035
2025-08-27 13:32:30,Sheep_9,30.999952979867384,-7.000033179385779
2025-08-27 13:32:30,Sheep_10,30.999991270871725,-6.999993338519776
2025-08-27 13:33:00,Sheep_1,31.000027229050843,-7.0000140146121
2025-08-27 13:33:00,Sheep_2,30.999976231743688,-7.000045358944988
2025-08-27 13:33:00,Sheep_3,31.00001293739538,-6.999956512371997
2025-08-27 13:33:00,Sheep_4,31.000034126758926,-6.999977679718278
2025-08-27 13:33:00,Sheep_5,31.000017208317928,-6.999946626717644
2025-08-27 13:33:00,Sheep_6,31.002617373489844,-6.997943732824802
2025-08-27 13:33:00,Sheep_7,30.999991355088163,-7.000042822636137
2025-08-27 13:33:00,Sheep_8,30.99998157072672,-7.0000002879601215
2025-08-27 13:33:00,Sheep_9,31.000001638125383,-6.99993943758325
2025-08-27 13:33:00,Sheep_10,31.000002190365638,-6.999962937168562
2025-08-27 13:33:30,Sheep_1,30.999988274957555,-7.000009799088145
2025-08-27 13:33:30,Sheep_2,30.999964184127634,-7.000023338788668
2025-08-27 13:33:30,Sheep_3,31.000014201798187,-6.9999997623079695
2025-08-27 13:33:30,Sheep_4,31.000025411568988,-6.999994301376854
2025-08-27 13:33:30,Sheep_5,30.999990501606227,-6.999932457558343
2025-08-27 13:33:30,Sheep_6,31.002982778324743,-6.997641081447291
2025-08-27 13:33:30,Sheep_7,30.999989187678587,-6.999977690196246
2025-08-27 13:33:30,Sheep_8,31.000025009405114,-6.999993445013584
2025-08-27 13:33:30,Sheep_9,30.999936548250375,-6.999999426142731
2025-08-27 13:33:30,Sheep_10,31.00003316008034,-6.999983416005493
2025-08-27 13:34:00,Sheep_1,31.000012015061316,-7.000054147748592
2025-08-27 13:34:00,Sheep_2,30.999980584214768,-6.999987066918325
2025-08-27 13:34:00,Sheep_3,31.000011059556506,-6.999961810883071
2025-08-27 13:34:00,Sheep_4,30.99999609593725,-6.999987240892933
2025-08-27 13:34:00,Sheep_5,31.000000441274935,-7.0000310294742425
2025-08-27 13:34:00,Sheep_6,31.003316995543177,-6.997364606224725
2025-08-27 13:34:00,Sheep_7,31.000004687761635,-7.000019435419945
2025-08-27 13:34:00,Sheep_8,30.999956364362472,-6.999980200993108
2025-08-27 13:34:00,Sheep_9,30.99999283363077,-6.999982491861772
2025-08-27 13:34:00,Sheep_10,31.000050234868766,-7.0000673265751745
2025-08-27 13:34:30,Sheep_1,30.999981146223266,-7.000006582768139
2025-08-27 13:34:30,Sheep_2,31.0000392065983,-7.000051448501981
2025-08-27 13:34:30,Sheep_3,31.000052170167777,-6.999995728691197
2025-08-27 13:34:30,Sheep_4,30.999997412845982,-7.000006226997873
2025-08-27 13:34:30,Sheep_5,30.99998824300129,-6.999967047214817
2025-08-27 13:34:30,Sheep_6,31.003711384488874,-6.997074582549236
2025-08-27 13:34:30,Sheep_7,30.999989646559495,-7.000023961471456
2025-08-27 13:34:30,Sheep_8,31.000069690311957,-6.9999868250471895
2025-08-27 13:34:30,Sheep_9,31.00001652709876,-6.999964228304234
2025-08-27 13:34:30,Sheep_10,30.999961695563815,-6.999944907951953
2025-08-27 13:35:00,Sheep_1,30.99993238527187,-7.000024170011731
2025-08-27 13:35:00,Sheep_2,30.99998762940155,-6.999981710620585
2025-08-27 13:35:00,Sheep_3,31.00000589431188,-7.0000052446545356
2025-08-27 13:35:00,Sheep_4,30.999999676679536,-7.0000307490385145
2025-08-27 13:35:00,Sheep_5,30.999959650582255,-6.999977158478564
2025-08-27 13:35:00,Sheep_6,31.004116103227773,-6.996756793675816
2025-08-27 13:35:00,Sheep_7,30.999978709564406,-6.999978217893574
2025-08-27 13:35:00,Sheep_8,30.999992354292264,-6.999962571472971
2025-08-27 13:35:00,Sheep_9,31.00002754121748,-6.999993359577642
2025-08-27 13:35:00,Sheep_10,30.99999084988798,-6.999969788297556
2025-08-27 13:35:30,Sheep_1,31.00001743364687,-7.000021518802501
2025-08-27 13:35:30,Sheep_2,30.999964216708403,-7.000009071472821
2025-08-27 13:35:30,Sheep_3,31.000040839394952,-6.999963954449995
2025-08-27 13:35:30,Sheep_4,30.999970023514113,-7.000036714286774
2025-08-27 13:35:30,Sheep_5,31.0000343518824,-7.000035704386639
2025-08-27 13:35:30,Sheep_6,31.00448584823948,-6.996511099765498
2025-08-27 13:35:30,Sheep_7,31.000043578285783,-7.000024222151475
2025-08-27 13:35:30,Sheep_8,31.000030812833188,-6.999994188044926
2025-08-27 13:35:30,Sheep_9,31.000006796483675,-7.00006194649103
2025-08-27 13:35:30,Sheep_10,30.999940632949517,-7.000006934591957
2025-08-27 13:36:00,Sheep_1,31.000006653954276,-7.000035376213555
2025-08-27 13:36:00,Sheep_2,30.999970660436297,-6.999982347303587
2025-08-27 13:36:00,Sheep_3,31.00001516855409,-7.000004330578186
2025-08-27 13:36:00,Sheep_4,31.000021025917746,-7.000036916913761
2025-08-27 13:36:00,Sheep_5,30.99999040779059,-6.999948190737079
2025-08-27 13:36:00,Sheep_6,31.004850983793677,-6.996203721648146
2025-08-27 13:36:00,Sheep_7,31.000062143727614,-7.000043995310047
2025-08-27 13:36:00,Sheep_8,31.000021463268954,-6.999947684280456
2025-08-27 13:36:00,Sheep_9,30.99999124529483,-6.999972973212759
2025-08-27 13:36:00,Sheep_10,30.999973535227348,-7.000021590862763
2025-08-27 13:36:30,Sheep_1,31.000010374589007,-6.999974893068162
2025-08-27 13:36:30,Sheep_2,31.000030208493868,-6.999950650885805
2025-08-27 13:36:30,Sheep_3,30.99999818236008,-6.99996247285294
2025-08-27 13:36:30,Sheep_4,30.999990775112018,-6.9999716382540935
2025-08-27 13:36:30,Sheep_5,31.000005591685174,-6.999985987889037
2025-08-27 13:36:30,Sheep_6,31.005230423317297,-6.995948186012074
2025-08-27 13:36:30,Sheep_7,30.999969705663165,-6.999996776097692
2025-08-27 13:36:30,Sheep_8,30.999954528950422,-6.999973866727458
2025-08-27 13:36:30,Sheep_9,31.000023487853923,-6.999989713759605
2025-08-27 13:36:30,Sheep_10,30.99996978618363,-6.999956608439304
2025-08-27 13:37:00,Sheep_1,31.000054901472502,-6.999995375905349
2025-08-27 13:37:00,Sheep_2,31.00001375858907,-6.999993657337796
2025-08-27 13:37:00,Sheep_3,31.00001429309708,-7.000003758926655
2025-08-27 13:37:00,Sheep_4,30.99999906851671,-6.99997152424359
2025-08-27 13:37:00,Sheep_5,31.00006321301191,-7.000044018231958
2025-08-27 13:37:00,Sheep_6,31.005594007539038,-6.995647476091307
2025-08-27 13:37:00,Sheep_7,31.000042904012716,-7.000018478478544
2025-08-27 13:37:00,Sheep_8,30.999961106697974,-6.999979935404244
2025-08-27 13:37:00,Sheep_9,31.00004700802501,-6.999979136486639
2025-08-27 13:37:00,Sheep_10,31.000005519166653,-6.999987136611624
2025-08-27 13:37:30,Sheep_1,31.000038129015348,-7.000027484820272
2025-08-27 13:37:30,Sheep_2,30.999996985794894,-7.000014232575795
2025-08-27 13:37:30,Sheep_3,30.999968526806306,-7.000010324116362
2025-08-27 13:37:30,Sheep_4,31.00002985234718,-6.999982186031551
2025-08-27 13:37:30,Sheep_5,31.000017363739673,-6.99999539480757
2025-08-27 13:37:30,Sheep_6,31.005978332986533,-6.995347696257418
2025-08-27 13:37:30,Sheep_7,30.999991658914322,-6.999993963387839
2025-08-27 13:37:30,Sheep_8,31.000007478867918,-6.999989933295591
2025-08-27 13:37:30,Sheep_9,30.999996271956107,-7.000011866189669
2025-08-27 13:37:30,Sheep_10,31.000085099836948,-6.9999714906130945
2025-08-27 13:38:00,Sheep_1,31.00001113404984,-7.000007332073909
2025-08-27 13:38:00,Sheep_2,30.999987839952563,-7.000004112369952
2025-08-27 13:38:00,Sheep_3,31.000007891542676,-7.000059120883229
2025-08-27 13:38:00,Sheep_4,30.99995770599366,-7.000020023578828
2025-08-27 13:38:00,Sheep_5,31.000005582270123,-7.000007522746439
2025-08-27 13:38:00,Sheep_6,31.006368545267954,-6.995070169160936
2025-08-27 13:38:00,Sheep_7,30.99997975173905,-6.99995220832397
2025-08-27 13:38:00,Sheep_8,31.00000353357864,-6.999972180554033
2025-08-27 13:38:00,Sheep_9,31.000055279741556,-7.000021813207107
2025-08-27 13:38:00,Sheep_10,30.999997323544616,-7.000008565100276
2025-08-27 13:38:30,Sheep_1,30.999947325017846,-7.000009758873814
2025-08-27 13:38:30,Sheep_2,31.000023744040263,-6.99998300386776
2025-08-27 13:38:30,Sheep_3,31.000016683879878,-7.000011806000299
2025-08-27 13:38:30,Sheep_4,30.99998231861563,-6.999960094608612
2025-08-27 13:38:30,Sheep_5,30.999986597633498,-6.999990754062307
2025-08-27 13:38:30,Sheep_6,31.006717981696177,-6.994716642789268
2025-08-27 13:38:30,Sheep_7,31.00002617891729,-7.000040722923956
2025-08-27 13:38:30,Sheep_8,30.999967996231582,-6.999981799078483
2025-08-27 13:38:30,Sheep_9,30.999998266143173,-7.0000143105984
2025-08-27 13:38:30,Sheep_10,31.000027370496333,-6.999994106278051
2025-08-27 13:39:00,Sheep_1,31.000001413691706,-6.999975482191797
2025-08-27 13:39:00,Sheep_2,30.99998989106194,-6.999950685771669
2025-08-27 13:39:00,Sheep_3,30.99997876264041,-6.9999793461537445
2025-08-27 13:39:00,Sheep_4,31.00003864084186,-7.000043302162656
2025-08-27 13:39:00,Sheep_5,30.999990747345244,-6.99996408900581
2025-08-27 13:39:00,Sheep_6,31.007108896680144,-6.994459057162686
2025-08-27 13:39:00,Sheep_7,30.9999802011024,-6.99996994538297
2025-08-27 13:39:00,Sheep_8,31.00003189586155,-7.000036617009313
2025-08-27 13:39:00,Sheep_9,30.999967555327462,-6.9999929179311495
2025-08-27 13:39:00,Sheep_10,31.000016960850704,-7.000009402730405
2025-08-27 13:39:30,Sheep_1,31.00001830651689,-7.000022326691038
2025-08-27 13:39:30,Sheep_2,30.999943010413247,-7.000013327447397
2025-08-27 13:39:30,Sheep_3,31.000001704064314,-7.000008672406832
2025-08-27 13:39:30,Sheep_4,30.999968776412228,-7.000057083993879
2025-08-27 13:39:30,Sheep_5,30.999986145648464,-6.999971777707445
2025-08-27 13:39:30,Sheep_6,31.00748373266707,-6.994138750390245
2025-08-27 13:39:30,Sheep_7,30.999978011780403,-7.00003627252051
2025-08-27 13:39:30,Sheep_8,31.000013383972735,-6.999980032459106
2025-08-27 13:39:30,Sheep_9,31.00001078430485,-7.0000633221383355
2025-08-27 13:39:30,Sheep_10,30.9999766380367,-7.0000009334154045
2025-08-27 13:40:00,Sheep_1,31.000013130206465,-6.999975875860713
2025-08-27 13:40:00,Sheep_2,31.000003887536533,-6.99998960015893
2025-08-27 13:40:00,Sheep_3,31.000002287067687,-6.999978444130622
2025-08-27 13:40:00,Sheep_4,31.00000843152133,-6.999997933208327
2025-08-27 13:40:00,Sheep_5,30.999992767639263,-6.999997444198041
2025-08-27 13:40:00,Sheep_6,31.007842927997284,-6.9938662208181945
2025-08-27 13:40:00,Sheep_7,31.00001026301882,-6.999957784832017
2025-08-27 13:40:00,Sheep_8,31.00000714599145,-7.000020404509937
2025-08-27 13:40:00,Sheep_9,31.000023812615506,-7.00004295326827
2025-08-27 13:40:00,Sheep_10,30.99997085662826,-6.999989440963833
2025-08-27 13:40:30,Sheep_1,31.000013916546923,-7.0000391444036625
2025-08-27 13:40:30,Sheep_2,30.999989683323367,-7.0000190552723724
2025-08-27 13:40:30,Sheep_3,30.999986884396616,-6.9999703332910705
2025-08-27 13:40:30,Sheep_4,31.000019039852592,-7.00000060120123
2025-08-27 13:40:30,Sheep_5,30.999985286688993,-7.000042432978256
2025-08-27 13:40:30,Sheep_6,31.00823279525744,-6.993567598639101
2025-08-27 13:40:30,Sheep_7,30.999980955737403,-6.999977375795727
2025-08-27 13:40:30,Sheep_8,30.999998107520106,-7.000009026721264
2025-08-27 13:40:30,Sheep_9,31.00001172866138,-7.000023312700925
2025-08-27 13:40:30,Sheep_10,30.999990735990313,-6.999996181264805
2025-08-27 13:41:00,Sheep_1,30.99998654012236,-6.9999789639646455
2025-08-27 13:41:00,Sheep_2,31.00005037009981,-7.000023715129167
2025-08-27 13:41:00,Sheep_3,30.999955125980158,-7.000062934699926
2025-08-27 13:41:00,Sheep_4,30.99999594498361,-7.000020849891089
2025-08-27 13:41:00,Sheep_5,31.000005601702327,-6.999995831129916
2025-08-27 13:41:00,Sheep_6,31.008551534322393,-6.99332623154567
2025-08-27 13:41:00,Sheep_7,31.000007975204106,-6.999995742118177
2025-08-27 13:41:00,Sheep_8,30.999988524488007,-7.00005210058526
2025-08-27 13:41:00,Sheep_9,31.000012703681175,-6.999960011485243
2025-08-27 13:41:00,Sheep_10,31.000007491441973,-7.000026644574488
2025-08-27 13:41:30,Sheep_1,31.000001200651248,-7.000042950619239
2025-08-27 13:41:30,Sheep_2,31.00002851133796,-6.99999742681457
2025-08-27 13:41:30,Sheep_3,30.99995234934661,-7.000009453200249
2025-08-27 13:41:30,Sheep_4,31.00001248566772,-7.000010471015384
2025-08-27 13:41:30,Sheep_5,30.999992564793708,-7.000038495198698
2025-08-27 13:41:30,Sheep_6,31.00896357485373,-6.993009965742209
2025-08-27 13:41:30,Sheep_7,30.999941885230587,-7.000011672329705
2025-08-27 13:41:30,Sheep_8,31.000026441332615,-7.000012165059687
2025-08-27 13:41:30,Sheep_9,31.000046837540022,-6.999986513250042
2025-08-27 13:41:30,Sheep_10,31.000009129307283,-7.000004036840779
2025-08-27 13:42:00,Sheep_1,30.999998159732094,-7.000008282037649
2025-08-27 13:42:00,Sheep_2,30.999991854040818,-6.999983309539326
2025-08-27 13:42:00,Sheep_3,30.99997477997045,-7.000033826096096
2025-08-27 13:42:00,Sheep_4,30.99996973064002,-6.9999356846322005
2025-08-27 13:42:00,Sheep_5,31.000014292388656,-6.999990426766844
2025-08-27 13:42:00,Sheep_6,31.009307454883967,-6.99269149082071
2025-08-27 13:42:00,Sheep_7,30.999996858479705,-6.999993266529661
2025-08-27 13:42:00,Sheep_8,30.999973680731696,-6.999994961147999
2025-08-27 13:42:00,Sheep_9,30.99998857796789,-7.000024070810593
2025-08-27 13:42:00,Sheep_10,31.000019783677754,-7.000048345525097
2025-08-27 13:42:30,Sheep_1,31.00001522034489,-6.999978479759702
2025-08-27 13:42:30,Sheep_2,30.999976294187686,-7.000025791122335
2025-08-27 13:42:30,Sheep_3,30.999993989606146,-6.999991132783085
2025-08-27 13:42:30,Sheep_4,30.99999588065958,-6.999986368798621
2025-08-27 13:42:30,Sheep_5,31.000047511129694,-7.000015962612448
2025-08-27 13:42:30,Sheep_6,31.009668697299347,-6.992395426960692
2025-08-27 13:42:30,Sheep_7,31.000045364208837,-6.999987651364812
2025-08-27 13:42:30,Sheep_8,30.99997068589628,-7.000003895175223
2025-08-27 13:42:30,Sheep_9,30.99996985653564,-6.999979788626783
2025-08-27 13:42:30,Sheep_10,30.999963583621916,-7.000009436047418
2025-08-27 13:43:00,Sheep_1,30.999972933763214,-6.999996012632592
2025-08-27 13:43:00,Sheep_2,30.999990127335327,-6.99999444260044
2025-08-27 13:43:00,Sheep_3,31.000000602332598,-7.00003102055444
2025-08-27 13:43:00,Sheep_4,31.000016893920144,-7.000001533191828
2025-08-27 13:43:00,Sheep_5,30.999973359800364,-6.9999295452813195
2025-08-27 13:43:00,Sheep_6,31.010081130434056,-6.992124132899547
2025-08-27 13:43:00,Sheep_7,31.000038138821235,-6.999942093327307
2025-08-27 13:43:00,Sheep_8,30.99999608292969,-6.999989077824925
2025-08-27 13:43:00,Sheep_9,30.99997337398083,-7.00000462773928
2025-08-27 13:43:00,Sheep_10,30.999994635396504,-6.999994189039073
2025-08-27 13:43:30,Sheep_1,31.000008967673697,-6.999982398996628
2025-08-27 13:43:30,Sheep_2,31.000006404311613,-7.000038065741564
2025-08-27 13:43:30,Sheep_3,30.999974708935348,-7.00001717905257
2025-08-27 13:43:30,Sheep_4,30.999992393803666,-6.99996696366205
2025-08-27 13:43:30,Sheep_5,30.99996865956737,-7.000011237127161
2025-08-27 13:43:30,Sheep_6,31.010462750941997,-6.991835388232602
2025-08-27 13:43:30,Sheep_7,31.000012407895703,-7.000004387201067
2025-08-27 13:43:30,Sheep_8,31.000006920138087,-7.000007183175529
2025-08-27 13:43:30,Sheep_9,31.00001797697106,-7.000048576565005
2025-08-27 13:43:30,Sheep_10,30.999990208982886,-6.999990675756665
2025-08-27 13:44:00,Sheep_1,31.00001438273216,-6.999953061577699
2025-08-27 13:44:00,Sheep_2,30.999989462145162,-6.999953485101492
2025-08-27 13:44:00,Sheep_3,30.999982239745957,-6.999958227364082
2025-08-27 13:44:00,Sheep_4,31.00002203019565,-7.000028719132752
2025-08-27 13:44:00,Sheep_5,31.00000827450334,-7.000001610854389
2025-08-27 13:44:00,Sheep_6,31.01082992653014,-6.991541964816431
2025-08-27 13:44:00,Sheep_7,30.99999171991846,-6.9999569556738
2025-08-27 13:44:00,Sheep_8,30.99999733953752,-6.999974017286644
2025-08-27 13:44:00,Sheep_9,30.99999392692728,-6.999947600116238
2025-08-27 13:44:00,Sheep_10,30.999981719332663,-7.000019308669266
2025-08-27 13:44:30,Sheep_1,31.000041084724607,-7.000013989112098
2025-08-27 13:44:30,Sheep_2,31.000043147888235,-6.999971960537051
2025-08-27 13:44:30,Sheep_3,30.999995832293212,-7.00005700993685
2025-08-27 13:44:30,Sheep_4,30.99999947938454,-6.999996804751673
2025-08-27 13:44:30,Sheep_5,31.000031455742004,-6.99995005922946
2025-08-27 13:44:30,Sheep_6,31.01117943868191,-6.991228674520819
2025-08-27 13:44:30,Sheep_7,31.0000206270793,-6.999966251910502
2025-08-27 13:44:30,Sheep_8,31.000013439361627,-7.000061072116789
2025-08-27 13:44:30,Sheep_9,30.99999581146876,-7.000036335439839
2025-08-27 13:44:30,Sheep_10,30.999994539909103,-6.999969188672171
2025-08-27 13:45:00,Sheep_1,31.000008223612177,-6.999963904029435
2025-08-27 13:45:00,Sheep_2,31.000009210040982,-7.000040819360448
2025-08-27 13:45:00,Sheep_3,30.999932064848906,-6.999995321453346
2025-08-27 13:45:00,Sheep_4,30.99999423482394,-7.000030715168707
2025-08-27 13:45:00,Sheep_5,30.999954169226115,-7.0000231003226165
2025-08-27 13:45:00,Sheep_6,31.011561309214336,-6.9909396927338365
2025-08-27 13:45:00,Sheep_7,31.000005083482257,-6.999949442374537
2025-08-27 13:45:00,Sheep_8,30.99997209115911,-6.9999722995132485
2025-08-27 13:45:00,Sheep_9,31.000001274669685,-6.999978159606534
2025-08-27 13:45:00,Sheep_10,30.99998823621461,-6.999966306374901
2025-08-27 13:45:30,Sheep_1,31.000007956110988,-7.0000213617466125
2025-08-27 13:45:30,Sheep_2,30.999999675960414,-7.000007531634896
2025-08-27 13:45:30,Sheep_3,31.000013183031367,-7.000037092174553
2025-08-27 13:45:30,Sheep_4,30.999999208991138,-6.999987571542137
2025-08-27 13:45:30,Sheep_5,31.000000889956176,-6.999957652174637
2025-08-27 13:45:30,Sheep_6,31.01195176793513,-6.990661988570991
2025-08-27 13:45:30,Sheep_7,31.000005839627132,-6.999990704276677
2025-08-27 13:45:30,Sheep_8,31.00001086865624,-7.000057398677407
2025-08-27 13:45:30,Sheep_9,30.99999187406677,-7.000046670756191
2025-08-27 13:45:30,Sheep_10,31.000034448821797,-7.0000019131085764
2025-08-27 13:46:00,Sheep_1,30.99999478958993,-6.999971804696782
2025-08-27 13:46:00,Sheep_2,31.000011381372552,-7.000035484262964
2025-08-27 13:46:00,Sheep_3,30.999998089147613,-7.000010537647807
2025-08-27 13:46:00,Sheep_4,30.99995298599833,-7.000021702281001
2025-08-27 13:46:00,Sheep_5,30.99999505371033,-7.0000036140566575
2025-08-27 13:46:00,Sheep_6,31.012284289745097,-6.990345875110016
2025-08-27 13:46:00,Sheep_7,30.999997248390436,-6.999998819331475
2025-08-27 13:46:00,Sheep_8,31.000010797025826,-7.000024777113116
2025-08-27 13:46:00,Sheep_9,31.000012298490113,-7.000011540824865
2025-08-27 13:46:00,Sheep_10,30.999975837615686,-6.999981970813943
2025-08-27 13:46:30,Sheep_1,31.000040199618905,-6.999977211368459
2025-08-27 13:46:30,Sheep_2,31.00002487363183,-7.000016368623425
2025-08-27 13:46:30,Sheep_3,30.999956945210318,-6.9999531500844485
2025-08-27 13:46:30,Sheep_4,31.00005536781053,-6.999951494163464
2025-08-27 13:46:30,Sheep_5,30.99999095079216,-7.0000363016973
2025-08-27 13:46:30,Sheep_6,31.01266483172976,-6.990113487287846
2025-08-27 13:46:30,Sheep_7,30.999997106217613,-6.999949517493773
2025-08-27 13:46:30,Sheep_8,30.999996182286242,-6.999990494969666
2025-08-27 13:46:30,Sheep_9,31.00003707142376,-7.000012704754396
2025-08-27 13:46:30,Sheep_10,31.000054856219638,-6.999937368562715
2025-08-27 13:47:00,Sheep_1,30.999996466636578,-7.000018157674105
2025-08-27 13:47:00,Sheep_2,31.000018790101862,-7.000010926182294
2025-08-27 13:47:00,Sheep_3,30.99996883160572,-6.999959717863735
2025-08-27 13:47:00,Sheep_4,31.000032782448454,-6.999995110716028
2025-08-27 13:47:00,Sheep_5,30.999965966634377,-7.000038656298619
2025-08-27 13:47:00,Sheep_6,31.013058962705806,-6.989796855797348
2025-08-27 13:47:00,Sheep_7,30.99999080777222,-6.9999678694839895
2025-08-27 13:47:00,Sheep_8,31.000019758695224,-6.999956671201657
2025-08-27 13:47:00,Sheep_9,30.999973303362648,-7.000010789941044
2025-08-27 13:47:00,Sheep_10,31.00002045405216,-6.999985912419407
2025-08-27 13:47:30,Sheep_1,31.00004129663266,-6.999986778328265
2025-08-27 13:47:30,Sheep_2,31.000049805311825,-6.999983021843265
2025-08-27 13:47:30,Sheep_3,31.000028624706637,-7.000010171308159
2025-08-27 13:47:30,Sheep_4,31.000000385030862,-6.999971359912921
2025-08-27 13:47:30,Sheep_5,31.00004346868947,-6.999977072794299
2025-08-27 13:47:30,Sheep_6,31.013428600094958,-6.989465691808007
2025-08-27 13:47:30,Sheep_7,30.99994092763233,-7.000044715044955
2025-08-27 13:47:30,Sheep_8,31.00001836958921,-6.999999556433356
2025-08-27 13:47:30,Sheep_9,31.000016318190383,-6.9999979750278465
2025-08-27 13:47:30,Sheep_10,31.000015386606933,-7.000025604820241
2025-08-27 13:48:00,Sheep_1,31.00001537422079,-6.999968735612668
2025-08-27 13:48:00,Sheep_2,31.000032893027413,-6.99993669386398
2025-08-27 13:48:00,Sheep_3,31.000006578290787,-6.999991388236927
2025-08-27 13:48:00,Sheep_4,30.99995895151462,-7.000016707571548
2025-08-27 13:48:00,Sheep_5,30.999994796566458,-6.999966977959017
2025-08-27 13:48:00,Sheep_6,31.013792175172,-6.989186051704218
2025-08-27 13:48:00,Sheep_7,30.999999956295806,-7.000005570164571
2025-08-27 13:48:00,Sheep_8,31.000006707527017,-7.000012297954206
2025-08-27 13:48:00,Sheep_9,30.999988437731368,-7.000053598459561
2025-08-27 13:48:00,Sheep_10,30.99999331779894,-7.000015090195892
2025-08-27 13:48:30,Sheep_1,30.999986094655334,-6.99998689351319
2025-08-27 13:48:30,Sheep_2,31.000017749693303,-6.999992699806043
2025-08-27 13:48:30,Sheep_3,31.00002682577768,-6.999981904336197
2025-08-27 13:48:30,Sheep_4,30.999992048431825,-7.000014552199094
2025-08-27 13:48:30,Sheep_5,31.000008430351333,-6.9999819607652
2025-08-27 13:48:30,Sheep_6,31.01420132471515,-6.98888595824837
2025-08-27 13:48:30,Sheep_7,30.999985407662418,-7.000003207076889
2025-08-27 13:48:30,Sheep_8,31.000018083483784,-6.999966422155694
2025-08-27 13:48:30,Sheep_9,31.000025304603,-7.000002008318715
2025-08-27 13:48:30,Sheep_10,30.99996620492313,-7.00003140655421
2025-08-27 13:49:00,Sheep_1,31.000007347291977,-6.999989240429653
2025-08-27 13:49:00,Sheep_2,30.999970391321234,-6.999998598731677
2025-08-27 13:49:00,Sheep_3,31.000017011076814,-7.00003619455982
2025-08-27 13:49:00,Sheep_4,31.000029778940043,-7.000011869577247
2025-08-27 13:49:00,Sheep_5,31.000033891837386,-7.00001677174198
2025-08-27 13:49:00,Sheep_6,31.01453082432619,-6.9886287100236135
2025-08-27 13:49:00,Sheep_7,30.99999743582133,-7.000012213806146
2025-08-27 13:49:00,Sheep_8,30.999994178905276,-6.999989500137519
2025-08-27 13:49:00,Sheep_9,30.999995386829777,-7.000002078573305
2025-08-27 13:49:00,Sheep_10,30.99995393748475,-6.999987685016517
2025-08-27 13:49:30,Sheep_1,30.999997596030425,-6.999949372397494
2025-08-27 13:49:30,Sheep_2,30.999974679343318,-7.000056852795246
2025-08-27 13:49:30,Sheep_3,31.00001665653505,-6.999989105192438
2025-08-27 13:49:30,Sheep_4,30.99997282340045,-7.000048095298785
2025-08-27 13:49:30,Sheep_5,31.000041431819906,-6.999955540377047
2025-08-27 13:49:30,Sheep_6,31.01487763688215,-6.9883368940699215
2025-08-27 13:49:30,Sheep_7,31.000044848869603,-7.000014967404215
2025-08-27 13:49:30,Sheep_8,30.999986778326427,-7.000008889951715
2025-08-27 13:49:30,Sheep_9,30.999969792571672,-7.000053598140082
2025-08-27 13:49:30,Sheep_10,31.000028365450344,-7.0000579419262605
2025-08-27 13:50:00,Sheep_1,31.000006663801262,-6.999972125945593
2025-08-27 13:50:00,Sheep_2,30.99996089041595,-7.000029058993526
2025-08-27 13:50:00,Sheep_3,31.000032694372667,-6.999983245887228
2025-08-27 13:50:00,Sheep_4,30.999983364560542,-6.999962201297905
2025-08-27 13:50:00,Sheep_5,31.000032515335704,-6.999991540984802
2025-08-27 13:50:00,Sheep_6,31.014906154606383,-6.988335955600216
2025-08-27 13:50:00,Sheep_7,31.000007717932373,-7.000005929420397
2025-08-27 13:50:00,Sheep_8,31.00002530427178,-7.000048096088719
2025-08-27 13:50:00,Sheep_9,30.999959730591204,-6.999994313413244
2025-08-27 13:50:00,Sheep_10,30.9999867532048,-7.00001971440502
2025-08-27 13:50:30,Sheep_1,30.999952352046733,-6.999999385478747
2025-08-27 13:50:30,Sheep_2,30.99999857828491,-6.999979454624379
2025-08-27 13:50:30,Sheep_3,31.00000185697448,-7.000004169071495
2025-08-27 13:50:30,Sheep_4,31.00003171938475,-7.000041263964848
2025-08-27 13:50:30,Sheep_5,31.000014455332884,-7.0000525408577285
2025-08-27 13:50:30,Sheep_6,31.014907264889313,-6.988352707005979
2025-08-27 13:50:30,Sheep_7,31.000021072831533,-7.000002056497387
2025-08-27 13:50:30,Sheep_8,30.999999636096536,-7.000034795679086
2025-08-27 13:50:30,Sheep_9,30.999991923459508,-7.000024003344964
2025-08-27 13:50:30,Sheep_10,31.000010333857748,-7.000031159899879
2025-08-27 13:51:00,Sheep_1,31.00003583707416,-7.000052680240179
2025-08-27 13:51:00,Sheep_2,30.999978264826648,-6.9999472688251325
2025-08-27 13:51:00,Sheep_3,30.9999882733,-7.000041339778023
2025-08-27 13:51:00,Sheep_4,31.00000590383298,-7.000014946329498
2025-08-27 13:51:00,Sheep_5,30.999977473852255,-7.000034454172303
2025-08-27 13:51:00,Sheep_6,31.01497206430515,-6.988332562243809
2025-08-27 13:51:00,Sheep_7,30.99994810723966,-6.99995303777334
2025-08-27 13:51:00,Sheep_8,31.000016467954683,-7.000024097700402
2025-08-27 13:51:00,Sheep_9,30.999974853060852,-6.999978826018969
2025-08-27 13:51:00,Sheep_10,30.999993345715215,-7.000060552732086
2025-08-27 13:51:30,Sheep_1,31.000048164928977,-7.00001364465776
2025-08-27 13:51:30,Sheep_2,31.000040304664118,-6.999959806011908
2025-08-27 13:51:30,Sheep_3,30.999973023458196,-6.99996751651631
2025-08-27 13:51:30,Sheep_4,30.99998244405633,-7.000058689056248
2025-08-27 13:51:30,Sheep_5,30.99998855736168,-6.9999874982791175
2025-08-27 13:51:30,Sheep_6,31.01491401345618,-6.988333725449005
2025-08-27 13:51:30,Sheep_7,31.000030818344726,-6.999996651829842
2025-08-27 13:51:30,Sheep_8,30.999977273671092,-6.999977928170461
2025-08-27 13:51:30,Sheep_9,31.000005327225125,-7.000079279241177
2025-08-27 13:51:30,Sheep_10,31.00001154382628,-6.99998768090757
2025-08-27 13:52:00,Sheep_1,31.000000542251065,-6.999971964938604
2025-08-27 13:52:00,Sheep_2,30.999981879439876,-6.999989420448478
2025-08-27 13:52:00,Sheep_3,30.999957771486585,-6.999987201080571
2025-08-27 13:52:00,Sheep_4,31.0000526336605,-7.000031278278285
2025-08-27 13:52:00,Sheep_5,30.99997952383762,-7.0000223228816445
2025-08-27 13:52:00,Sheep_6,31.014551604486247,-6.9886413887103815
2025-08-27 13:52:00,Sheep_7,31.00001135233683,-6.999973375356742
2025-08-27 13:52:00,Sheep_8,31.000014400302195,-7.000055598971318
2025-08-27 13:52:00,Sheep_9,31.00002681910704,-6.999970529173618
2025-08-27 13:52:00,Sheep_10,31.000022372297135,-6.99998827784174
2025-08-27 13:52:30,Sheep_1,31.00000593395565,-6.999967541682965
2025-08-27 13:52:30,Sheep_2,31.000051837409835,-7.00002996358696
2025-08-27 13:52:30,Sheep_3,31.00002905476273,-7.000002710665091
2025-08-27 13:52:30,Sheep_4,30.999996505397448,-7.000048308516509
2025-08-27 13:52:30,Sheep_5,30.99999232511473,-7.000031354004829
2025-08-27 13:52:30,Sheep_6,31.01416787701956,-6.988933943213656
2025-08-27 13:52:30,Sheep_7,30.999987902217374,-7.000012768107405
2025-08-27 13:52:30,Sheep_8,31.000002607480734,-7.0000507677268455
2025-08-27 13:52:30,Sheep_9,30.999961044246827,-6.999988621417306
2025-08-27 13:52:30,Sheep_10,30.99997850957284,-6.999966216789267
2025-08-27 13:53:00,Sheep_1,31.00000607086926,-6.9999809234013135
2025-08-27 13:53:00,Sheep_2,31.000038017220277,-7.000009737306231
2025-08-27 13:53:00,Sheep_3,30.999984517965178,-6.999972593675473
2025-08-27 13:53:00,Sheep_4,31.000013731051848,-7.0000058896639175
2025-08-27 13:53:00,Sheep_5,31.000037498867236,-7.000006672959941
2025-08-27 13:53:00,Sheep_6,31.013803741373252,-6.989202298161446
2025-08-27 13:53:00,Sheep_7,30.999974813315806,-6.999997560715778
2025-08-27 13:53:00,Sheep_8,31.000037641758283,-6.9999860101985965
2025-08-27 13:53:00,Sheep_9,31.000000837138693,-7.000005085962436
2025-08-27 13:53:00,Sheep_10,31.000008916646472,-6.999976427341298
2025-08-27 13:53:30,Sheep_1,31.000016418581502,-7.000010433829442
2025-08-27 13:53:30,Sheep_2,31.000008752648064,-6.999984910697161
2025-08-27 13:53:30,Sheep_3,30.999972856764618,-6.999994710832705
2025-08-27 13:53:30,Sheep_4,30.99994175429699,-6.9999848291428
2025-08-27 13:53:30,Sheep_5,31.000017795806357,-6.999976497153891
2025-08-27 13:53:30,Sheep_6,31.013422996877562,-6.989488083124671
2025-08-27 13:53:30,Sheep_7,31.000038374609563,-6.999955551089984
2025-08-27 13:53:30,Sheep_8,30.999999213815148,-6.999995619791571
2025-08-27 13:53:30,Sheep_9,31.00002993831687,-7.000047185207158
2025-08-27 13:53:30,Sheep_10,30.9999912933235,-6.999958009672176
2025-08-27 13:54:00,Sheep_1,31.000026281006335,-6.9999883903488485
2025-08-27 13:54:00,Sheep_2,30.999959418817678,-7.000001569177454
2025-08-27 13:54:00,Sheep_3,30.999984102172217,-6.9999895921387045
2025-08-27 13:54:00,Sheep_4,30.999978188644857,-7.0000322487379325
2025-08-27 13:54:00,Sheep_5,30.999944353253387,-6.999961586467381
2025-08-27 13:54:00,Sheep_6,31.013049853834087,-6.9897830847272315
2025-08-27 13:54:00,Sheep_7,30.999999939684248,-7.000033560117019
2025-08-27 13:54:00,Sheep_8,30.9999660690376,-7.000031607102067
2025-08-27 13:54:00,Sheep_9,30.9999805110913,-6.999988473901597
2025-08-27 13:54:00,Sheep_10,30.999978555937922,-6.999945090344087
2025-08-27 13:54:30,Sheep_1,31.00002768103762,-6.999974585180176
2025-08-27 13:54:30,Sheep_2,30.999996775272123,-6.999952391021944
2025-08-27 13:54:30,Sheep_3,30.99999412489316,-7.00000098285869
2025-08-27 13:54:30,Sheep_4,31.000004580700857,-6.999977934687441
2025-08-27 13:54:30,Sheep_5,31.000017164249343,-7.000014937936157
2025-08-27 13:54:30,Sheep_6,31.012674402139,-6.990064783895712
2025-08-27 13:54:30,Sheep_7,31.000019275150482,-7.000012366957215
2025-08-27 13:54:30,Sheep_8,30.999957226336605,-7.000006518016925
2025-08-27 13:54:30,Sheep_9,31.00001680360579,-6.9999432377042154
2025-08-27 13:54:30,Sheep_10,30.999967715829257,-7.000013411397858
2025-08-27 13:55:00,Sheep_1,30.999989505832872,-6.999957373487538
2025-08-27 13:55:00,Sheep_2,30.99999905834979,-7.000028526342068
2025-08-27 13:55:00,Sheep_3,31.00001505646648,-7.000012721832859
2025-08-27 13:55:00,Sheep_4,30.999967003576895,-7.000028068787902
2025-08-27 13:55:00,Sheep_5,31.000046731277966,-6.999987920464171
2025-08-27 13:55:00,Sheep_6,31.012312855887373,-6.990375251788233
2025-08-27 13:55:00,Sheep_7,31.00000787321709,-6.9999911893833895
2025-08-27 13:55:00,Sheep_8,31.000007873755703,-6.999996389270989
2025-08-27 13:55:00,Sheep_9,31.000023413537683,-6.999999273599488
2025-08-27 13:55:00,Sheep_10,30.999973645198466,-7.000019254572343
2025-08-27 13:55:30,Sheep_1,30.999946666761765,-6.999936276880948
2025-08-27 13:55:30,Sheep_2,31.000023250662736,-7.000026097411831
2025-08-27 13:55:30,Sheep_3,30.999992404468664,-7.000020023392868
2025-08-27 13:55:30,Sheep_4,31.00004157062194,-7.000044640930285
2025-08-27 13:55:30,Sheep_5,31.000003085053688,-7.000003412114777
2025-08-27 13:55:30,Sheep_6,31.011952716836614,-6.990664011806552
2025-08-27 13:55:30,Sheep_7,30.999952617439543,-7.000007895143349
2025-08-27 13:55:30,Sheep_8,30.99997380087447,-6.999997498019491
2025-08-27 13:55:30,Sheep_9,31.000038650117766,-7.000054687520173
2025-08-27 13:55:30,Sheep_10,30.99997843452923,-7.000017376663447
2025-08-27 13:56:00,Sheep_1,30.99998971529567,-6.999976730453165
2025-08-27 13:56:00,Sheep_2,30.99999532309331,-6.999986927164576
2025-08-27 13:56:00,Sheep_3,30.999983135832455,-6.999992771179836
2025-08-27 13:56:00,Sheep_4,31.00002096112911,-7.000023023493842
2025-08-27 13:56:00,Sheep_5,31.00002105708192,-6.9999983534004375
2025-08-27 13:56:00,Sheep_6,31.011583586464162,-6.990957871290967
2025-08-27 13:56:00,Sheep_7,31.000010274290023,-7.000001276659702
2025-08-27 13:56:00,Sheep_8,30.999997407143496,-6.999991859228752
2025-08-27 13:56:00,Sheep_9,31.00001446660445,-7.000039286314002
2025-08-27 13:56:00,Sheep_10,31.000038635472748,-7.000058467795832
2025-08-27 13:56:30,Sheep_1,30.999981544768872,-7.000002963819069
2025-08-27 13:56:30,Sheep_2,31.000011112719253,-6.999950445144341
2025-08-27 13:56:30,Sheep_3,30.999949920279693,-7.000015961900622
2025-08-27 13:56:30,Sheep_4,30.999942683251316,-6.999999005805313
2025-08-27 13:56:30,Sheep_5,31.000007321692,-6.999949985390559
2025-08-27 13:56:30,Sheep_6,31.011193912665743,-6.9912235845247634
2025-08-27 13:56:30,Sheep_7,31.000015734021243,-7.000013684200935
2025-08-27 13:56:30,Sheep_8,30.999962029444482,-6.999991353929245
2025-08-27 13:56:30,Sheep_9,30.999959788842514,-6.999959278696713
2025-08-27 13:56:30,Sheep_10,30.99999563253408,-6.9999624236287135
2025-08-27 13:57:00,Sheep_1,30.999987058540224,-6.999991547332745
2025-08-27 13:57:00,Sheep_2,31.00000564181254,-7.000001416186824
2025-08-27 13:57:00,Sheep_3,30.999988340113724,-6.999987661184924
2025-08-27 13:57:00,Sheep_4,30.999975040515718,-7.000038024640133
2025-08-27 13:57:00,Sheep_5,31.000033493358604,-6.999977137842403
2025-08-27 13:57:00,Sheep_6,31.010819870960876,-6.99150238366648
2025-08-27 13:57:00,Sheep_7,30.999992783897266,-6.999958414217992
2025-08-27 13:57:00,Sheep_8,31.000004731604875,-7.000032218157982
2025-08-27 13:57:00,Sheep_9,31.000049803454683,-6.999968852056396
2025-08-27 13:57:00,Sheep_10,30.999996738563663,-6.999977137739574
2025-08-27 13:57:30,Sheep_1,30.999989120460814,-6.999973931558869
2025-08-27 13:57:30,Sheep_2,30.999935562022134,-7.0000320625483585
2025-08-27 13:57:30,Sheep_3,31.000026390399146,-7.000007849168758
2025-08-27 13:57:30,Sheep_4,31.000005593126883,-7.000042342933857
2025-08-27 13:57:30,Sheep_5,31.000049798787163,-6.999962569754508
2025-08-27 13:57:30,Sheep_6,31.01044202340487,-6.991837585225514
2025-08-27 13:57:30,Sheep_7,31.000027747153112,-6.999937671139881
2025-08-27 13:57:30,Sheep_8,31.00002570320488,-6.999931718536006
2025-08-27 13:57:30,Sheep_9,30.999975143244814,-7.000025761517473
2025-08-27 13:57:30,Sheep_10,30.999967958827217,-6.99998611104759
2025-08-27 13:58:00,Sheep_1,31.000004732398935,-7.000004777342491
2025-08-27 13:58:00,Sheep_2,31.000021808982073,-6.9999612555953865
2025-08-27 13:58:00,Sheep_3,30.999958884412255,-7.000018768797295
2025-08-27 13:58:00,Sheep_4,31.00002210232467,-7.000014705701664
2025-08-27 13:58:00,Sheep_5,30.99997848887685,-6.999967977188841
2025-08-27 13:58:00,Sheep_6,31.010049403336744,-6.992127241670579
2025-08-27 13:58:00,Sheep_7,31.00000885673803,-7.0000180408949575
2025-08-27 13:58:00,Sheep_8,31.000021105524326,-7.000017885488991
2025-08-27 13:58:00,Sheep_9,31.000037961358966,-7.000003953462906
2025-08-27 13:58:00,Sheep_10,31.00001809028396,-6.999976545010995
2025-08-27 13:58:30,Sheep_1,30.999983088214083,-7.000064561605868
2025-08-27 13:58:30,Sheep_2,31.000009722127775,-6.999997727254762
2025-08-27 13:58:30,Sheep_3,31.00001497914196,-7.0000071220224935
2025-08-27 13:58:30,Sheep_4,30.999988400259646,-6.999936853619511
2025-08-27 13:58:30,Sheep_5,30.99996032103679,-6.999976924600971
2025-08-27 13:58:30,Sheep_6,31.009689189180637,-6.992419776234588
2025-08-27 13:58:30,Sheep_7,30.999991454289457,-7.000025259969189
2025-08-27 13:58:30,Sheep_8,31.000015394112744,-6.999956278172943
2025-08-27 13:58:30,Sheep_9,31.00001266655573,-6.999996749670604
2025-08-27 13:58:30,Sheep_10,30.999973416084284,-6.999983751016467
2025-08-27 13:59:00,Sheep_1,31.00005811218914,-7.000011969036891
2025-08-27 13:59:00,Sheep_2,30.99998986749247,-7.000017640639212
2025-08-27 13:59:00,Sheep_3,30.99998681061172,-7.000086312202964
2025-08-27 13:59:00,Sheep_4,31.0000109154344,-7.000026584155804
2025-08-27 13:59:00,Sheep_5,30.999956604479372,-6.999976319712096
2025-08-27 13:59:00,Sheep_6,31.009307014655533,-6.992711654575197
2025-08-27 13:59:00,Sheep_7,31.000039519647625,-7.0000443057369885
2025-08-27 13:59:00,Sheep_8,30.99995869749637,-6.999991533014872
2025-08-27 13:59:00,Sheep_9,31.00003097792034,-7.000049497295002
2025-08-27 13:59:00,Sheep_10,31.000010986967396,-6.999981733377639
2025-08-27 13:59:30,Sheep_1,30.999944506993792,-6.9999748951223
2025-08-27 13:59:30,Sheep_2,31.000023623945737,-7.000009802536719
2025-08-27 13:59:30,Sheep_3,31.000033749901966,-6.999964269842954
2025-08-27 13:59:30,Sheep_4,31.00000277895955,-7.000014193440605
2025-08-27 13:59:30,Sheep_5,30.999973782934983,-7.000001180996529
2025-08-27 13:59:30,Sheep_6,31.008963632667825,-6.993003168575965
2025-08-27 13:59:30,Sheep_7,30.999940778808696,-6.999960111642088
2025-08-27 13:59:30,Sheep_8,31.00000512638938,-7.000011935392101
2025-08-27 13:59:30,Sheep_9,31.00002309984877,-6.9999520653708585
2025-08-27 13:59:30,Sheep_10,30.999924490345773,-6.99998634675322
2025-08-27 14:00:00,Sheep_1,30.999961552752133,-6.999984307968393
2025-08-27 14:00:00,Sheep_2,31.000003447553063,-6.999980012761483
2025-08-27 14:00:00,Sheep_3,30.999986545608664,-7.000058894658879
2025-08-27 14:00:00,Sheep_4,30.99998786287663,-6.999987208712574
2025-08-27 14:00:00,Sheep_5,31.000027364148277,-7.000036842369683
2025-08-27 14:00:00,Sheep_6,31.008598790471755,-6.9933017709880465
2025-08-27 14:00:00,Sheep_7,31.00000976778337,-7.000016031063091
2025-08-27 14:00:00,Sheep_8,31.000004909377317,-6.9999719593720435
2025-08-27 14:00:00,Sheep_9,30.999966932786275,-7.000021376237678
2025-08-27 14:00:00,Sheep_10,31.000004984618776,-6.999924494222822
2025-08-27 14:00:30,Sheep_1,30.999976737611064,-6.999935858201773
2025-08-27 14:00:30,Sheep_2,31.000054017875595,-7.000003059462046
2025-08-27 14:00:30,Sheep_3,30.999991964987615,-7.000021758526064
2025-08-27 14:00:30,Sheep_4,30.999998161987143,-7.000044227251272
2025-08-27 14:00:30,Sheep_5,30.999997945409163,-6.99995293809237
2025-08-27 14:00:30,Sheep_6,31.008196301006613,-6.993585054924829
2025-08-27 14:00:30,Sheep_7,30.999954155395052,-6.999988239489993
2025-08-27 14:00:30,Sheep_8,31.000007127605596,-6.999997997198157
2025-08-27 14:00:30,Sheep_9,30.99999415665513,-7.000009204307366
2025-08-27 14:00:30,Sheep_10,31.00001352587766,-7.000000905993796
2025-08-27 14:01:00,Sheep_1,31.00000848828256,-6.999993240941394
2025-08-27 14:01:00,Sheep_2,31.000030275618588,-6.999978715309278
2025-08-27 14:01:00,Sheep_3,31.000005197498467,-6.999952260819654
2025-08-27 14:01:00,Sheep_4,31.000011325957484,-6.999958971980196
2025-08-27 14:01:00,Sheep_5,31.00001635669983,-7.000057909925776
2025-08-27 14:01:00,Sheep_6,31.007857664673256,-6.993868993807845
2025-08-27 14:01:00,Sheep_7,30.999998599853463,-6.999991154409493
2025-08-27 14:01:00,Sheep_8,30.99999070293311,-6.99999286221387
2025-08-27 14:01:00,Sheep_9,30.999984049333463,-6.999959936887149
2025-08-27 14:01:00,Sheep_10,30.999996938875846,-7.0000120284339244
2025-08-27 14:01:30,Sheep_1,30.99997507386411,-6.999991549690658
2025-08-27 14:01:30,Sheep_2,31.00000504241197,-6.999987787932269
2025-08-27 14:01:30,Sheep_3,30.9999723162445,-7.000050341128141
2025-08-27 14:01:30,Sheep_4,31.000016859269742,-6.9999533228679764
2025-08-27 14:01:30,Sheep_5,30.999972340452146,-6.999950027974731
2025-08-27 14:01:30,Sheep_6,31.007466264352647,-6.994163792896902
2025-08-27 14:01:30,Sheep_7,30.999989286326898,-7.0000435292389644
2025-08-27 14:01:30,Sheep_8,31.00002661862691,-7.000024385059765
2025-08-27 14:01:30,Sheep_9,30.999978984728465,-6.999968813842238
2025-08-27 14:01:30,Sheep_10,30.999949254847827,-7.000047901906841
2025-08-27 14:02:00,Sheep_1,30.99999951129419,-6.9999907791391545
2025-08-27 14:02:00,Sheep_2,31.000013063276537,-7.000009488542983
2025-08-27 14:02:00,Sheep_3,31.000068191780507,-7.000007164940802
2025-08-27 14:02:00,Sheep_4,30.999993780466617,-7.000025057256512
2025-08-27 14:02:00,Sheep_5,31.000003339206337,-6.999980665622225
2025-08-27 14:02:00,Sheep_6,31.007109729118284,-6.9944866780082835
2025-08-27 14:02:00,Sheep_7,30.999993370589156,-6.999985955640917
2025-08-27 14:02:00,Sheep_8,31.00001582081031,-6.999999794110234
2025-08-27 14:02:00,Sheep_9,31.0000146179654,-7.0000254338203725
2025-08-27 14:02:00,Sheep_10,31.000041984515782,-6.999968791777867
2025-08-27 14:02:30,Sheep_1,30.999963755090178,-7.000033801233958
2025-08-27 14:02:30,Sheep_2,30.999971786154777,-6.99997868462782
2025-08-27 14:02:30,Sheep_3,30.999965377440716,-7.000010407403258
2025-08-27 14:02:30,Sheep_4,31.000012253981218,-7.00000208025662
2025-08-27 14:02:30,Sheep_5,31.000006976846453,-7.000033508831421
2025-08-27 14:02:30,Sheep_6,31.006725734475424,-6.994760133291636
2025-08-27 14:02:30,Sheep_7,30.999991251715567,-6.999992525715774
2025-08-27 14:02:30,Sheep_8,31.00000277788955,-6.999999246068334
2025-08-27 14:02:30,Sheep_9,30.999979771106126,-7.000009417831851
2025-08-27 14:02:30,Sheep_10,31.00000005884632,-7.000043232672216
2025-08-27 14:03:00,Sheep_1,30.999987535044028,-6.999987811346722
2025-08-27 14:03:00,Sheep_2,30.999965573932702,-6.999963637079195
2025-08-27 14:03:00,Sheep_3,31.000034215233452,-7.000039147527303
2025-08-27 14:03:00,Sheep_4,31.00003658694663,-7.000004514204364
2025-08-27 14:03:00,Sheep_5,31.00001127868916,-7.000015614706364
2025-08-27 14:03:00,Sheep_6,31.00635857264131,-6.995030586400526
2025-08-27 14:03:00,Sheep_7,30.999978059110944,-7.000036633944511
2025-08-27 14:03:00,Sheep_8,30.999960645820106,-6.999994091111576
2025-08-27 14:03:00,Sheep_9,31.000015427723998,-6.999979533642617
2025-08-27 14:03:00,Sheep_10,30.99999682048793,-7.000036375962243
2025-08-27 14:03:30,Sheep_1,30.999981618537603,-6.999963770165088
2025-08-27 14:03:30,Sheep_2,30.999986939582342,-6.999995490950475
2025-08-27 14:03:30,Sheep_3,30.999971011934505,-6.99998941783089
2025-08-27 14:03:30,Sheep_4,30.99998766570531,-6.999967091357999
2025-08-27 14:03:30,Sheep_5,31.000020846865958,-7.000015584992251
2025-08-27 14:03:30,Sheep_6,31.005966655160265,-6.995342467281143
2025-08-27 14:03:30,Sheep_7,30.999961747218922,-7.000026957985299
2025-08-27 14:03:30,Sheep_8,31.00000534182522,-6.999989773843153
2025-08-27 14:03:30,Sheep_9,31.000004003267254,-7.000009486485568
2025-08-27 14:03:30,Sheep_10,31.000025145524766,-6.999998002242868
2025-08-27 14:04:00,Sheep_1,31.00001895222318,-7.000055767480463
2025-08-27 14:04:00,Sheep_2,30.999894293920637,-6.999991077705956
2025-08-27 14:04:00,Sheep_3,30.999961603512745,-7.000006679480372
2025-08-27 14:04:00,Sheep_4,30.999991858685565,-6.999950092133735
2025-08-27 14:04:00,Sheep_5,31.000010779641205,-6.9999947853931035
2025-08-27 14:04:00,Sheep_6,31.005610910227485,-6.995615009935759
2025-08-27 14:04:00,Sheep_7,30.99998766590928,-6.999966312802608
2025-08-27 14:04:00,Sheep_8,30.99997009297176,-6.99998983711019
2025-08-27 14:04:00,Sheep_9,30.999958294022797,-6.999993588006234
2025-08-27 14:04:00,Sheep_10,31.000005200942557,-6.999947292265159
2025-08-27 14:04:30,Sheep_1,30.99995782499389,-7.000018891889525
2025-08-27 14:04:30,Sheep_2,31.00002217074452,-6.999989457627291
2025-08-27 14:04:30,Sheep_3,31.000004859101274,-7.000030060901276
2025-08-27 14:04:30,Sheep_4,30.999984077838267,-6.9999608559175055
2025-08-27 14:04:30,Sheep_5,30.999998611861468,-6.999988198693204
2025-08-27 14:04:30,Sheep_6,31.005220744980917,-6.995939348869004
2025-08-27 14:04:30,Sheep_7,31.000025165570232,-6.999984178376581
2025-08-27 14:04:30,Sheep_8,31.000062135380094,-7.0000319298730265
2025-08-27 14:04:30,Sheep_9,31.00002216779342,-7.000041234935125
2025-08-27 14:04:30,Sheep_10,31.0000042403854,-6.9999692986381765
2025-08-27 14:05:00,Sheep_1,30.999944157336074,-7.00000644307587
2025-08-27 14:05:00,Sheep_2,30.99998482187206,-7.000022069533622
2025-08-27 14:05:00,Sheep_3,31.000010381224907,-6.999964765647515
2025-08-27 14:05:00,Sheep_4,30.999996408227222,-6.99999353950784
2025-08-27 14:05:00,Sheep_5,31.000003080544907,-6.99999994329777
2025-08-27 14:05:00,Sheep_6,31.004830184929727,-6.996183136163178
2025-08-27 14:05:00,Sheep_7,31.000007955318942,-6.999987584928112
2025-08-27 14:05:00,Sheep_8,30.999978265101625,-7.000014437886803
2025-08-27 14:05:00,Sheep_9,30.999995253300458,-7.000048232871978
2025-08-27 14:05:00,Sheep_10,30.999954508597057,-7.000018887511656
2025-08-27 14:05:30,Sheep_1,31.00001408158731,-7.00002053463597
2025-08-27 14:05:30,Sheep_2,30.999972543877178,-7.000025613712485
2025-08-27 14:05:30,Sheep_3,30.999987728824387,-7.000011125323857
2025-08-27 14:05:30,Sheep_4,31.000058359363607,-6.999966842733204
2025-08-27 14:05:30,Sheep_5,31.000027616981107,-6.999963259839733
2025-08-27 14:05:30,Sheep_6,31.00445875308689,-6.996523807672946
2025-08-27 14:05:30,Sheep_7,30.999970170581435,-6.999958043134461
2025-08-27 14:05:30,Sheep_8,30.999985253545034,-7.000039342631531
2025-08-27 14:05:30,Sheep_9,30.99998838493891,-7.000007501756613
2025-08-27 14:05:30,Sheep_10,31.000007233559298,-6.99999211010128
2025-08-27 14:06:00,Sheep_1,30.99997768108434,-6.999978442966767
2025-08-27 14:06:00,Sheep_2,30.999982774159168,-7.000004913327172
2025-08-27 14:06:00,Sheep_3,31.000018508104667,-7.0000201788614325
2025-08-27 14:06:00,Sheep_4,30.99998465635761,-6.999981397959751
2025-08-27 14:06:00,Sheep_5,30.99997688466107,-7.000012097859119
2025-08-27 14:06:00,Sheep_6,31.004113624536892,-6.996746950902058
2025-08-27 14:06:00,Sheep_7,31.00001631524896,-6.999985140208435
2025-08-27 14:06:00,Sheep_8,31.00001430474983,-7.000033741096352
2025-08-27 14:06:00,Sheep_9,31.000003115255264,-7.000000935858231
2025-08-27 14:06:00,Sheep_10,31.000008666489588,-6.999996336987467
2025-08-27 14:06:30,Sheep_1,31.0000102326539,-7.000009792526906
2025-08-27 14:06:30,Sheep_2,31.000001579471363,-7.000038602923407
2025-08-27 14:06:30,Sheep_3,30.999991378711517,-6.999956272200846
2025-08-27 14:06:30,Sheep_4,31.000008591672824,-7.000000657757301
2025-08-27 14:06:30,Sheep_5,31.000051099261846,-7.000042784644281
2025-08-27 14:06:30,Sheep_6,31.003710649045082,-6.997045924004284
2025-08-27 14:06:30,Sheep_7,31.000001238616672,-7.000007626809335
2025-08-27 14:06:30,Sheep_8,30.99996768224061,-6.999985924431831
2025-08-27 14:06:30,Sheep_9,31.000014672831554,-7.000034410896723
2025-08-27 14:06:30,Sheep_10,30.99999621966622,-7.000010548615926
2025-08-27 14:07:00,Sheep_1,31.000006898413936,-7.0000351892214985
2025-08-27 14:07:00,Sheep_2,31.000033739151668,-6.999971206505312
2025-08-27 14:07:00,Sheep_3,30.999990212660112,-7.000006804203111
2025-08-27 14:07:00,Sheep_4,30.999996323513738,-7.000024470016653
2025-08-27 14:07:00,Sheep_5,30.99998804987195,-7.000008497298882
2025-08-27 14:07:00,Sheep_6,31.003386500748025,-6.997353799070008
2025-08-27 14:07:00,Sheep_7,31.00002518832305,-6.999988369540748
2025-08-27 14:07:00,Sheep_8,30.99996988877985,-7.000001304480101
2025-08-27 14:07:00,Sheep_9,31.000026154018855,-7.000039559833071
2025-08-27 14:07:00,Sheep_10,31.000017154685775,-6.99992697717865
2025-08-27 14:07:30,Sheep_1,31.000028615252766,-6.999955542931706
2025-08-27 14:07:30,Sheep_2,31.000005884084185,-6.99996956822482
2025-08-27 14:07:30,Sheep_3,30.999980654333065,-6.999974978046089
2025-08-27 14:07:30,Sheep_4,31.000017635325207,-6.999990885194273
2025-08-27 14:07:30,Sheep_5,31.000035465525144,-7.000016939392357
2025-08-27 14:07:30,Sheep_6,31.002981104700098,-6.997663457059341
2025-08-27 14:07:30,Sheep_7,30.999972252668762,-6.999992865260927
2025-08-27 14:07:30,Sheep_8,30.99995367596803,-6.999967083755159
2025-08-27 14:07:30,Sheep_9,31.000001256846026,-7.000016376870052
2025-08-27 14:07:30,Sheep_10,30.999977514185797,-7.000007375163409
2025-08-27 14:08:00,Sheep_1,31.000018548141686,-6.9999827790895015
2025-08-27 14:08:00,Sheep_2,30.999980986221328,-7.000026599482684
2025-08-27 14:08:00,Sheep_3,31.000017702983463,-7.000022710598453
2025-08-27 14:08:00,Sheep_4,31.000001614528585,-6.999996109154715
2025-08-27 14:08:00,Sheep_5,31.000008409867007,-6.999973015982365
2025-08-27 14:08:00,Sheep_6,31.002588716565693,-6.997997333592951
2025-08-27 14:08:00,Sheep_7,30.999984707672983,-6.999943359956703
2025-08-27 14:08:00,Sheep_8,31.000054496247756,-6.999942427800865
2025-08-27 14:08:00,Sheep_9,30.999994799280422,-7.000056029688438
2025-08-27 14:08:00,Sheep_10,30.999936856653747,-7.000019305356443
2025-08-27 14:08:30,Sheep_1,30.999994662047335,-6.999959108344498
2025-08-27 14:08:30,Sheep_2,31.00002338678026,-6.999992850385559
2025-08-27 14:08:30,Sheep_3,30.999976019274946,-7.000030206904061
2025-08-27 14:08:30,Sheep_4,31.000006848572234,-6.999978084721034
2025-08-27 14:08:30,Sheep_5,31.000010560939515,-7.000032527754196
2025-08-27 14:08:30,Sheep_6,31.002250039102975,-6.998240166365216
2025-08-27 14:08:30,Sheep_7,30.99997114625208,-7.00002465904702
2025-08-27 14:08:30,Sheep_8,31.000018554508838,-7.000007372915624
2025-08-27 14:08:30,Sheep_9,31.000042826463392,-6.999984244498299
2025-08-27 14:08:30,Sheep_10,30.999986885612966,-7.000000320864021
2025-08-27 14:09:00,Sheep_1,31.000001708140296,-7.000022900587468
2025-08-27 14:09:00,Sheep_2,30.999975406354704,-6.999977948305571
2025-08-27 14:09:00,Sheep_3,31.00002277955346,-6.999981017113897
2025-08-27 14:09:00,Sheep_4,31.000040836815334,-7.0000170333475795
2025-08-27 14:09:00,Sheep_5,31.000045120484174,-7.000028324955044
2025-08-27 14:09:00,Sheep_6,31.001847096750613,-6.99857779994637
2025-08-27 14:09:00,Sheep_7,30.999987986112636,-7.000015837027517
2025-08-27 14:09:00,Sheep_8,31.000014173660087,-6.9999923320701285
2025-08-27 14:09:00,Sheep_9,30.99996785016068,-7.00001234731079
2025-08-27 14:09:00,Sheep_10,30.999989989345462,-7.000055836872139
2025-08-27 14:09:30,Sheep_1,30.999973564137793,-7.000024234376334
2025-08-27 14:09:30,Sheep_2,31.000038635241282,-6.999993980790537
2025-08-27 14:09:30,Sheep_3,31.000017845007743,-7.000047117091841
2025-08-27 14:09:30,Sheep_4,31.000032183286464,-6.999959093358249
2025-08-27 14:09:30,Sheep_5,30.999946145931535,-7.000022175153945
2025-08-27 14:09:30,Sheep_6,31.00150113974371,-6.998819222592052
2025-08-27 14:09:30,Sheep_7,30.99998171501804,-7.000009604901449
2025-08-27 14:09:30,Sheep_8,30.999983900977515,-6.999996528457207
2025-08-27 14:09:30,Sheep_9,31.000032263165597,-7.000024241561207
2025-08-27 14:09:30,Sheep_10,31.00002697144712,-7.000024575765683
2025-08-27 14:10:00,Sheep_1,30.999977157010083,-6.999974263389673
2025-08-27 14:10:00,Sheep_2,31.00002484557253,-6.999973231676241
2025-08-27 14:10:00,Sheep_3,30.999964540134524,-7.0000146494962046
2025-08-27 14:10:00,Sheep_4,31.000022178995472,-6.99999869392476
2025-08-27 14:10:00,Sheep_5,30.999971064691533,-6.9999855904864985
2025-08-27 14:10:00,Sheep_6,31.00110633214449,-6.999086933494483
2025-08-27 14:10:00,Sheep_7,31.00004163245048,-6.999981007180216
2025-08-27 14:10:00,Sheep_8,31.000036678225964,-6.999997962960307
2025-08-27 14:10:00,Sheep_9,31.00002062803165,-6.999953540481991
2025-08-27 14:10:00,Sheep_10,31.00000661602628,-7.000008023083278
2025-08-27 14:10:30,Sheep_1,30.999954061571376,-7.000002613717594
2025-08-27 14:10:30,Sheep_2,31.000022190707455,-6.9999702692902055
2025-08-27 14:10:30,Sheep_3,31.000013592303244,-7.000017018440587
2025-08-27 14:10:30,Sheep_4,30.99994672597281,-7.000015569559975
2025-08-27 14:10:30,Sheep_5,30.999991798108038,-7.000009838485019
2025-08-27 14:10:30,Sheep_6,31.00075722947607,-6.999374744715505
2025-08-27 14:10:30,Sheep_7,31.000003329029873,-7.000006814046267
2025-08-27 14:10:30,Sheep_8,30.999993014144458,-6.999996089343608
2025-08-27 14:10:30,Sheep_9,30.999977678033765,-6.99999622095797
2025-08-27 14:10:30,Sheep_10,31.000012149092786,-6.999993407471307
2025-08-27 14:11:00,Sheep_1,31.00001233045097,-6.999986362977532
2025-08-27 14:11:00,Sheep_2,30.99995224856228,-6.9999799768057
2025-08-27 14:11:00,Sheep_3,30.999981916595967,-7.000034453177296
2025-08-27 14:11:00,Sheep_4,30.999970235757424,-6.999986369454136
2025-08-27 14:11:00,Sheep_5,30.999994001753667,-7.000052881089377
2025-08-27 14:11:00,Sheep_6,31.000381646711386,-6.999738356424099
2025-08-27 14:11:00,Sheep_7,31.000003768092665,-6.99999250159508
2025-08-27 14:11:00,Sheep_8,31.000023865713665,-6.99994398384005
2025-08-27 14:11:00,Sheep_9,30.999963222880186,-7.000001649777748
2025-08-27 14:11:00,Sheep_10,30.999992552947493,-6.999986362912244
2025-08-27 14:11:30,Sheep_1,31.00000581213001,-7.000011084051945
2025-08-27 14:11:30,Sheep_2,30.999988117979107,-7.000035101208786
2025-08-27 14:11:30,Sheep_3,31.000026622212964,-6.99998556262304
2025-08-27 14:11:30,Sheep_4,31.000024733242842,-7.000009758852834
2025-08-27 14:11:30,Sheep_5,30.99998229872075,-7.000033902219802
2025-08-27 14:11:30,Sheep_6,31.000006448393528,-7.000021794062198
2025-08-27 14:11:30,Sheep_7,31.00004982024081,-7.000041112275603
2025-08-27 14:11:30,Sheep_8,31.000007374958297,-6.999950738096568
2025-08-27 14:11:30,Sheep_9,31.000016145070767,-6.999994476819439
2025-08-27 14:11:30,Sheep_10,30.999973900009515,-7.000043442815738
2025-08-27 14:12:00,Sheep_1,31.000020752338543,-6.999952646738981
2025-08-27 14:12:00,Sheep_2,30.999988173284482,-7.0000358120875745
2025-08-27 14:12:00,Sheep_3,30.999933753967916,-7.000030835241325
2025-08-27 14:12:00,Sheep_4,30.99999693702365,-6.999949723574047
2025-08-27 14:12:00,Sheep_5,31.00001814050554,-6.999990408116544
2025-08-27 14:12:00,Sheep_6,30.999989217041108,-7.000018334726963
2025-08-27 14:12:00,Sheep_7,31.000185559011776,-6.999506302422123
2025-08-27 14:12:00,Sheep_8,30.99994333630906,-7.000021176082849
2025-08-27 14:12:00,Sheep_9,30.999976871648443,-7.000017174537463
2025-08-27 14:12:00,Sheep_10,31.0000151700681,-7.000003378066497
2025-08-27 14:12:30,Sheep_1,30.999997928528376,-6.999958704410986
2025-08-27 14:12:30,Sheep_2,30.999981230836603,-6.999941389577094
2025-08-27 14:12:30,Sheep_3,30.999981908706665,-6.999997195609186
2025-08-27 14:12:30,Sheep_4,30.999992421750033,-6.999996119703117
2025-08-27 14:12:30,Sheep_5,31.000011981458723,-6.999986360222422
2025-08-27 14:12:30,Sheep_6,30.999979703988576,-7.000035304431322
2025-08-27 14:12:30,Sheep_7,31.000365582209607,-6.999031164112408
2025-08-27 14:12:30,Sheep_8,31.00001884331042,-7.000050544234017
2025-08-27 14:12:30,Sheep_9,30.99999246462307,-7.000003999147937
2025-08-27 14:12:30,Sheep_10,31.00001274205183,-7.000085593943314
2025-08-27 14:13:00,Sheep_1,31.00000447737908,-7.000036147865074
2025-08-27 14:13:00,Sheep_2,31.000008740901308,-7.000032582184285
2025-08-27 14:13:00,Sheep_3,30.999976945310028,-7.000008602850575
2025-08-27 14:13:00,Sheep_4,30.99997164042033,-7.000014950800407
2025-08-27 14:13:00,Sheep_5,30.999967839316334,-7.000057634868983
2025-08-27 14:13:00,Sheep_6,31.000027433265874,-7.00004074776382
2025-08-27 14:13:00,Sheep_7,31.000477704277866,-6.998515749109294
2025-08-27 14:13:00,Sheep_8,30.99998342766522,-7.000025943211378
2025-08-27 14:13:00,Sheep_9,31.000006096966096,-6.999964852166723
2025-08-27 14:13:00,Sheep_10,30.999968487730907,-7.000004720647018
2025-08-27 14:13:30,Sheep_1,30.99995331042234,-7.000012362237407
2025-08-27 14:13:30,Sheep_2,31.00000092179351,-7.000026869394066
2025-08-27 14:13:30,Sheep_3,30.999987684373863,-7.000044274641899
2025-08-27 14:13:30,Sheep_4,31.00000207721734,-6.999966808978584
2025-08-27 14:13:30,Sheep_5,30.999970432702035,-7.000019576796937
2025-08-27 14:13:30,Sheep_6,31.000013543287274,-6.999961891874409
2025-08-27 14:13:30,Sheep_7,31.000614392349608,-6.998045577332307
2025-08-27 14:13:30,Sheep_8,31.00000763018745,-7.000003208652363
2025-08-27 14:13:30,Sheep_9,30.999933252100245,-6.999984245732846
2025-08-27 14:13:30,Sheep_10,31.000040945104683,-6.999996332155181
2025-08-27 14:14:00,Sheep_1,30.99997221237729,-7.000016132717821
2025-08-27 14:14:00,Sheep_2,31.000047697980623,-6.999971390782688
2025-08-27 14:14:00,Sheep_3,31.000017248291908,-6.999988794390322
2025-08-27 14:14:00,Sheep_4,30.999982182794316,-7.000006305956823
2025-08-27 14:14:00,Sheep_5,30.99999790003407,-6.999982721386506
2025-08-27 14:14:00,Sheep_6,31.000040664361148,-6.999964839455091
2025-08-27 14:14:00,Sheep_7,31.00077602318781,-6.9975478545723
2025-08-27 14:14:00,Sheep_8,31.00001985528239,-6.999980543034602
2025-08-27 14:14:00,Sheep_9,30.99998304256836,-6.999908380422181
2025-08-27 14:14:00,Sheep_10,30.99996558341999,-7.000034055438844
2025-08-27 14:14:30,Sheep_1,31.000006295232158,-6.99993344772352
2025-08-27 14:14:30,Sheep_2,30.999977465104635,-7.000008357642363
2025-08-27 14:14:30,Sheep_3,31.00002903234836,-7.000000561586052
2025-08-27 14:14:30,Sheep_4,30.999990982648548,-6.999982216504656
2025-08-27 14:14:30,Sheep_5,31.00000734417868,-6.9999676030102105
2025-08-27 14:14:30,Sheep_6,31.000034804228058,-6.999990347825471
2025-08-27 14:14:30,Sheep_7,31.0009670703326,-6.99705857164183
2025-08-27 14:14:30,Sheep_8,31.000013181743352,-6.999998265435447
2025-08-27 14:14:30,Sheep_9,30.999999983601807,-6.999962378049861
2025-08-27 14:14:30,Sheep_10,31.00004085832322,-7.00004739745634
2025-08-27 14:15:00,Sheep_1,31.000000270063378,-7.000021652549224
2025-08-27 14:15:00,Sheep_2,30.999991619525698,-6.999987344892566
2025-08-27 14:15:00,Sheep_3,31.000018040919105,-7.000003525254774
2025-08-27 14:15:00,Sheep_4,30.99994843674987,-7.000030341027779
2025-08-27 14:15:00,Sheep_5,31.000024160070165,-7.000086158991732
2025-08-27 14:15:00,Sheep_6,31.000032000372396,-6.999983612531943
2025-08-27 14:15:00,Sheep_7,31.001145780543776,-6.9965777313178785
2025-08-27 14:15:00,Sheep_8,30.999944446494144,-6.999986469400903
2025-08-27 14:15:00,Sheep_9,31.000034351054367,-6.999970926751488
2025-08-27 14:15:00,Sheep_10,30.999982140905043,-6.999997272232261
2025-08-27 14:15:30,Sheep_1,30.99998564041676,-7.000025757733157
2025-08-27 14:15:30,Sheep_2,31.000025747086898,-7.000037650409322
2025-08-27 14:15:30,Sheep_3,30.99997591224136,-7.000034710559883
2025-08-27 14:15:30,Sheep_4,30.99995983881989,-6.999995396735464
2025-08-27 14:15:30,Sheep_5,31.000031301735046,-7.000005812524206
2025-08-27 14:15:30,Sheep_6,30.99995942109772,-6.999973592148261
2025-08-27 14:15:30,Sheep_7,31.001312724357472,-6.996097624446411
2025-08-27 14:15:30,Sheep_8,30.99998710328063,-6.999983787632608
2025-08-27 14:15:30,Sheep_9,31.000043708419362,-7.0000163435827005
2025-08-27 14:15:30,Sheep_10,30.99996409136415,-6.99998014820247
2025-08-27 14:16:00,Sheep_1,31.00002153435339,-6.999999807227232
2025-08-27 14:16:00,Sheep_2,30.999984958679672,-6.999968736738132
2025-08-27 14:16:00,Sheep_3,31.00001423021931,-7.000024159608452
2025-08-27 14:16:00,Sheep_4,31.00000132307037,-7.00004249767742
2025-08-27 14:16:00,Sheep_5,31.000018484291854,-7.000008244621989
2025-08-27 14:16:00,Sheep_6,30.999988257882706,-7.000001033573634
2025-08-27 14:16:00,Sheep_7,31.001443467673017,-6.995575831380028
2025-08-27 14:16:00,Sheep_8,31.000015929496893,-7.00000491750687
2025-08-27 14:16:00,Sheep_9,31.000020580348988,-6.999987400822934
2025-08-27 14:16:00,Sheep_10,30.999988503423385,-7.000003921138213
2025-08-27 14:16:30,Sheep_1,30.999996005491678,-6.999984114586132
2025-08-27 14:16:30,Sheep_2,30.999990108984512,-7.000012274462687
2025-08-27 14:16:30,Sheep_3,31.000053056700757,-6.9999704547215895
2025-08-27 14:16:30,Sheep_4,30.999979502317704,-6.9999820496182705
2025-08-27 14:16:30,Sheep_5,31.000003189455597,-6.99998768963319
2025-08-27 14:16:30,Sheep_6,31.0000037012574,-6.999962597641727
2025-08-27 14:16:30,Sheep_7,31.001609257821116,-6.995106400390952
2025-08-27 14:16:30,Sheep_8,31.000028086343253,-6.999992665519583
2025-08-27 14:16:30,Sheep_9,31.00000327376696,-6.999990127131094
2025-08-27 14:16:30,Sheep_10,30.999997477299047,-6.999999709903391
2025-08-27 14:17:00,Sheep_1,30.99998418897084,-7.00002361669328
2025-08-27 14:17:00,Sheep_2,30.999973089191883,-7.0000437639469295
2025-08-27 14:17:00,Sheep_3,30.999976292201904,-7.000005478954611
2025-08-27 14:17:00,Sheep_4,31.0000027789503,-7.0000085295624626
2025-08-27 14:17:00,Sheep_5,30.999936515356897,-6.9999504950135165
2025-08-27 14:17:00,Sheep_6,31.000029279917072,-6.999985985312714
2025-08-27 14:17:00,Sheep_7,31.00179762356538,-6.994636094461612
2025-08-27 14:17:00,Sheep_8,31.0000508702422,-7.000030346325298
2025-08-27 14:17:00,Sheep_9,31.000006433828386,-7.000040049438541
2025-08-27 14:17:00,Sheep_10,31.000000395996107,-6.999987858927414
2025-08-27 14:17:30,Sheep_1,30.999995831198408,-6.999977555697059
2025-08-27 14:17:30,Sheep_2,31.000002668373593,-7.000016424716205
2025-08-27 14:17:30,Sheep_3,30.999984724757873,-6.9999745048754205
2025-08-27 14:17:30,Sheep_4,30.999982382086873,-6.9999712197356105
2025-08-27 14:17:30,Sheep_5,31.00003295127002,-7.000052464354713
2025-08-27 14:17:30,Sheep_6,31.000030531613024,-6.999935220321621
2025-08-27 14:17:30,Sheep_7,31.001928185550405,-6.994113562012136
2025-08-27 14:17:30,Sheep_8,31.000027946604142,-7.000008661162484
2025-08-27 14:17:30,Sheep_9,31.000004912330855,-7.000041318426029
2025-08-27 14:17:30,Sheep_10,31.00000373612186,-6.999984339361579
2025-08-27 14:18:00,Sheep_1,31.00001391025035,-6.999966503052512
2025-08-27 14:18:00,Sheep_2,30.99997911959635,-7.000016745153519
2025-08-27 14:18:00,Sheep_3,31.000051082662935,-7.000004726323249
2025-08-27 14:18:00,Sheep_4,31.000005390777595,-7.000002106795345
2025-08-27 14:18:00,Sheep_5,30.999977856247945,-6.999948956250482
2025-08-27 14:18:00,Sheep_6,30.99998577879774,-7.000035441850705
2025-08-27 14:18:00,Sheep_7,31.002075864726823,-6.993678584466187
2025-08-27 14:18:00,Sheep_8,30.999982448235762,-7.000030437957825
2025-08-27 14:18:00,Sheep_9,31.000016639291168,-7.000021172140012
2025-08-27 14:18:00,Sheep_10,31.000023925725895,-6.999956031670901
2025-08-27 14:18:30,Sheep_1,31.000021052156026,-7.000006771806625
2025-08-27 14:18:30,Sheep_2,31.00000380294188,-7.000047945518184
2025-08-27 14:18:30,Sheep_3,30.99999639473484,-7.000027052180734
2025-08-27 14:18:30,Sheep_4,31.000018711634418,-6.999919112678942
2025-08-27 14:18:30,Sheep_5,31.000013469860832,-7.000062601435402
2025-08-27 14:18:30,Sheep_6,30.999990265086428,-6.999996148885976
2025-08-27 14:18:30,Sheep_7,31.00224583714329,-6.993162456457339
2025-08-27 14:18:30,Sheep_8,31.000006610449407,-7.000039064219522
2025-08-27 14:18:30,Sheep_9,30.99997453533805,-6.999979696125677
2025-08-27 14:18:30,Sheep_10,30.99997262855109,-6.9999830786300645
2025-08-27 14:19:00,Sheep_1,30.999963093861624,-6.999944513883858
2025-08-27 14:19:00,Sheep_2,30.999979133940286,-7.000007032075795
2025-08-27 14:19:00,Sheep_3,31.00000890980761,-7.000017774599417
2025-08-27 14:19:00,Sheep_4,31.000003864695323,-6.999981910787725
2025-08-27 14:19:00,Sheep_5,31.000025887888047,-6.999975115324938
2025-08-27 14:19:00,Sheep_6,30.999995369822212,-7.000004610102175
2025-08-27 14:19:00,Sheep_7,31.002446777102517,-6.992637738846686
2025-08-27 14:19:00,Sheep_8,30.999975157465244,-6.999996856372678
2025-08-27 14:19:00,Sheep_9,30.999990968115195,-7.000004254907575
2025-08-27 14:19:00,Sheep_10,30.999966865922808,-7.000012950864238
2025-08-27 14:19:30,Sheep_1,31.000048820223856,-6.999981793844265
2025-08-27 14:19:30,Sheep_2,30.99993286485605,-6.999961746220045
2025-08-27 14:19:30,Sheep_3,31.00002936479131,-7.000011295928004
2025-08-27 14:19:30,Sheep_4,31.000019329775704,-7.000027019506492
2025-08-27 14:19:30,Sheep_5,30.999987326921048,-6.99995288571061
2025-08-27 14:19:30,Sheep_6,30.99999267705606,-7.000058784353234
2025-08-27 14:19:30,Sheep_7,31.002563740006163,-6.992169805631732
2025-08-27 14:19:30,Sheep_8,31.00003229523633,-6.999999549262965
2025-08-27 14:19:30,Sheep_9,30.999988638636953,-6.999967143440505
2025-08-27 14:19:30,Sheep_10,31.00000325521647,-7.000023580709009
2025-08-27 14:20:00,Sheep_1,31.00003112641647,-6.999993911275182
2025-08-27 14:20:00,Sheep_2,31.000000078852857,-6.999994406561147
2025-08-27 14:20:00,Sheep_3,30.99997114619912,-7.00001658943184
2025-08-27 14:20:00,Sheep_4,31.00000009654874,-7.000006120225508
2025-08-27 14:20:00,Sheep_5,31.00003429109907,-6.999993164761178
2025-08-27 14:20:00,Sheep_6,31.00002303909242,-6.9999997046101035
2025-08-27 14:20:00,Sheep_7,31.002744159673867,-6.991670336140179
2025-08-27 14:20:00,Sheep_8,31.00000036167316,-7.000000417620244
2025-08-27 14:20:00,Sheep_9,30.999974278513484,-6.999984062572529
2025-08-27 14:20:00,Sheep_10,30.99999891650913,-7.000015782624485
2025-08-27 14:20:30,Sheep_1,31.000029818409203,-7.0000393067850215
2025-08-27 14:20:30,Sheep_2,30.999988614016473,-6.999967688528155
2025-08-27 14:20:30,Sheep_3,31.000008503133515,-7.000001504684424
2025-08-27 14:20:30,Sheep_4,31.000006764378632,-6.999994359219443
2025-08-27 14:20:30,Sheep_5,30.99995912695258,-7.0000109807917665
2025-08-27 14:20:30,Sheep_6,31.000043564184004,-7.000020729147194
2025-08-27 14:20:30,Sheep_7,31.002879768324604,-6.991200530590941
2025-08-27 14:20:30,Sheep_8,30.999997654997575,-7.00001833337863
2025-08-27 14:20:30,Sheep_9,31.00001311735992,-6.999993796467396
2025-08-27 14:20:30,Sheep_10,31.000020846594012,-7.000033041584522
2025-08-27 14:21:00,Sheep_1,30.999990828050226,-7.000007096718305
2025-08-27 14:21:00,Sheep_2,31.000012279381334,-7.000024938870105
2025-08-27 14:21:00,Sheep_3,31.000024676261344,-6.999962699100318
2025-08-27 14:21:00,Sheep_4,30.999973350547585,-7.000015433041133
2025-08-27 14:21:00,Sheep_5,30.999985664799453,-6.99991723779211
2025-08-27 14:21:00,Sheep_6,30.99998841447794,-6.999947255465266
2025-08-27 14:21:00,Sheep_7,31.003023035231124,-6.990720431203567
2025-08-27 14:21:00,Sheep_8,30.999981496464287,-7.00002658846733
2025-08-27 14:21:00,Sheep_9,30.9999927803072,-7.00002228398282
2025-08-27 14:21:00,Sheep_10,30.99997791928873,-6.999963577646762
2025-08-27 14:21:30,Sheep_1,31.00003298042461,-6.999970154123279
2025-08-27 14:21:30,Sheep_2,31.000014121423526,-6.999997084158519
2025-08-27 14:21:30,Sheep_3,30.99998660535329,-7.000029967266741
2025-08-27 14:21:30,Sheep_4,31.000009782492906,-7.000036898933128
2025-08-27 14:21:30,Sheep_5,30.999973214491668,-6.999963752413525
2025-08-27 14:21:30,Sheep_6,31.00005122122822,-6.999987634803006
2025-08-27 14:21:30,Sheep_7,31.003225975514006,-6.9902153510039655
2025-08-27 14:21:30,Sheep_8,30.999963950569903,-6.999980753327656
2025-08-27 14:21:30,Sheep_9,31.000015341968826,-6.999997746741058
2025-08-27 14:21:30,Sheep_10,30.999993468142524,-6.999969748104668
2025-08-27 14:22:00,Sheep_1,30.999973435150014,-7.000024327657171
2025-08-27 14:22:00,Sheep_2,30.99997283219978,-6.999997328450519
2025-08-27 14:22:00,Sheep_3,30.999970682006502,-7.000021512570416
2025-08-27 14:22:00,Sheep_4,30.99998098035675,-7.000008193524544
2025-08-27 14:22:00,Sheep_5,30.999959916247402,-6.999997258275527
2025-08-27 14:22:00,Sheep_6,31.00003361400424,-6.999995740151995
2025-08-27 14:22:00,Sheep_7,31.003394093210563,-6.989692747328219
2025-08-27 14:22:00,Sheep_8,31.000020959442523,-6.999997651877516
2025-08-27 14:22:00,Sheep_9,31.000000606370506,-6.999975986139331
2025-08-27 14:22:00,Sheep_10,30.999989444737437,-7.000059186442138
2025-08-27 14:22:30,Sheep_1,31.000013259182197,-7.000035560791544
2025-08-27 14:22:30,Sheep_2,30.999974070933483,-6.999999992959077
2025-08-27 14:22:30,Sheep_3,30.999997436447785,-7.000044395649346
2025-08-27 14:22:30,Sheep_4,31.00000445988764,-6.999969624574343
2025-08-27 14:22:30,Sheep_5,30.999969591944748,-6.999959993131032
2025-08-27 14:22:30,Sheep_6,30.999957954433388,-6.999933431340472
2025-08-27 14:22:30,Sheep_7,31.003519317526457,-6.989228165694818
2025-08-27 14:22:30,Sheep_8,30.99994901095295,-7.00000195355759
2025-08-27 14:22:30,Sheep_9,31.000006157442805,-7.000002708936082
2025-08-27 14:22:30,Sheep_10,30.999984825339283,-7.000029759983289
2025-08-27 14:23:00,Sheep_1,31.000030466940878,-6.999999031423844
2025-08-27 14:23:00,Sheep_2,31.00004152225233,-7.000016552602357
2025-08-27 14:23:00,Sheep_3,30.999988282572044,-6.999974357721407
2025-08-27 14:23:00,Sheep_4,30.999956261903648,-7.000038151281411
2025-08-27 14:23:00,Sheep_5,31.000029576490423,-7.00003684559633
2025-08-27 14:23:00,Sheep_6,30.99995097778435,-6.999941253515418
2025-08-27 14:23:00,Sheep_7,31.003661969516763,-6.988737868585829
2025-08-27 14:23:00,Sheep_8,31.00000186180002,-7.000088366138915
2025-08-27 14:23:00,Sheep_9,30.999992795983925,-6.999985901889887
2025-08-27 14:23:00,Sheep_10,31.000009548402303,-6.999971593314639
2025-08-27 14:23:30,Sheep_1,30.99998955736665,-6.999977598864234
2025-08-27 14:23:30,Sheep_2,30.99998142303985,-7.000044345087864
2025-08-27 14:23:30,Sheep_3,30.99996502708294,-7.000045968744721
2025-08-27 14:23:30,Sheep_4,31.000027207670712,-7.0000476181828475
2025-08-27 14:23:30,Sheep_5,31.000007385164587,-7.000008360655208
2025-08-27 14:23:30,Sheep_6,30.999997233689182,-6.999957128194091
2025-08-27 14:23:30,Sheep_7,31.00383943910495,-6.9882394184624514
2025-08-27 14:23:30,Sheep_8,31.00000101230735,-7.000004779473563
2025-08-27 14:23:30,Sheep_9,31.000061982638996,-7.0000453157766085
2025-08-27 14:23:30,Sheep_10,31.000034741246015,-6.999979362581168
2025-08-27 14:24:00,Sheep_1,30.99998707712016,-6.999948774234715
2025-08-27 14:24:00,Sheep_2,30.999950194661004,-7.000016404340854
2025-08-27 14:24:00,Sheep_3,30.999967432207935,-6.999987044098116
2025-08-27 14:24:00,Sheep_4,30.999970003662384,-6.999986384471881
2025-08-27 14:24:00,Sheep_5,30.999994975662528,-7.000015070885338
2025-08-27 14:24:00,Sheep_6,31.000010473784926,-7.000008445462389
2025-08-27 14:24:00,Sheep_7,31.003988062164993,-6.987704030762504
2025-08-27 14:24:00,Sheep_8,30.99998687116826,-7.000069721617361
2025-08-27 14:24:00,Sheep_9,30.999977306000098,-7.000039843172157
2025-08-27 14:24:00,Sheep_10,31.00002226407517,-6.99998988724214
2025-08-27 14:24:30,Sheep_1,31.000010745044964,-7.000011633504304
2025-08-27 14:24:30,Sheep_2,30.99999247169654,-7.00001166207187
2025-08-27 14:24:30,Sheep_3,30.99999781189766,-6.9999737371213575
2025-08-27 14:24:30,Sheep_4,31.00000905700896,-6.99998427645537
2025-08-27 14:24:30,Sheep_5,31.000013462780494,-6.999972193134602
2025-08-27 14:24:30,Sheep_6,31.00000776545207,-6.999988717818556
2025-08-27 14:24:30,Sheep_7,31.004189284013396,-6.987287196791384
2025-08-27 14:24:30,Sheep_8,30.999976938306325,-7.000037285368597
2025-08-27 14:24:30,Sheep_9,31.0000049294259,-7.000058281331533
2025-08-27 14:24:30,Sheep_10,31.000012454745672,-7.000003433030295
2025-08-27 14:25:00,Sheep_1,31.000030577785658,-7.000021125076569
2025-08-27 14:25:00,Sheep_2,30.999994520707364,-6.999964717933334
2025-08-27 14:25:00,Sheep_3,31.00003727458624,-7.000021383986662
2025-08-27 14:25:00,Sheep_4,31.00000489888338,-6.999990743468951
2025-08-27 14:25:00,Sheep_5,31.000010069710896,-7.000008255377294
2025-08-27 14:25:00,Sheep_6,31.000034532430778,-7.000059412267198
2025-08-27 14:25:00,Sheep_7,31.004320664367725,-6.986774378706046
2025-08-27 14:25:00,Sheep_8,31.00001232190474,-6.99995746926347
2025-08-27 14:25:00,Sheep_9,31.000032291377828,-7.0000089774271395
2025-08-27 14:25:00,Sheep_10,31.000035030665924,-7.000022449468522
2025-08-27 14:25:30,Sheep_1,31.000025086796157,-6.999943077183173
2025-08-27 14:25:30,Sheep_2,31.000032741936046,-6.99999667457972
2025-08-27 14:25:30,Sheep_3,30.99999105878265,-7.000048058902001
2025-08-27 14:25:30,Sheep_4,31.00000836883681,-7.000035062423553
2025-08-27 14:25:30,Sheep_5,30.999978625548053,-7.000037437041468
2025-08-27 14:25:30,Sheep_6,30.99998759273268,-7.000000879358239
2025-08-27 14:25:30,Sheep_7,31.00449345114124,-6.986306863850669
2025-08-27 14:25:30,Sheep_8,31.00002881648508,-7.000006545972173
2025-08-27 14:25:30,Sheep_9,30.999978771404063,-6.999992885372355
2025-08-27 14:25:30,Sheep_10,31.000052916443593,-6.99998946255362
2025-08-27 14:26:00,Sheep_1,30.99999022128205,-7.000048023376689
2025-08-27 14:26:00,Sheep_2,30.999994086983804,-6.999992613861031
2025-08-27 14:26:00,Sheep_3,30.999989554952624,-7.0000523596839255
2025-08-27 14:26:00,Sheep_4,30.999977077828166,-6.999954269318739
2025-08-27 14:26:00,Sheep_5,31.0000386453738,-7.000027875930634
2025-08-27 14:26:00,Sheep_6,31.0000181303482,-7.000037054321912
2025-08-27 14:26:00,Sheep_7,31.004674070413586,-6.985799646992507
2025-08-27 14:26:00,Sheep_8,31.000025592207113,-7.0000539225254625
2025-08-27 14:26:00,Sheep_9,31.00001826186944,-7.00000024127252
2025-08-27 14:26:00,Sheep_10,31.000022958922138,-6.999971236561428
2025-08-27 14:26:30,Sheep_1,31.00000177285365,-7.00001889008057
2025-08-27 14:26:30,Sheep_2,31.000021012293807,-7.000001891257132
2025-08-27 14:26:30,Sheep_3,30.999976479025687,-7.000028929581129
2025-08-27 14:26:30,Sheep_4,30.999960191400927,-7.000016043551268
2025-08-27 14:26:30,Sheep_5,31.000029716817625,-6.999994409032069
2025-08-27 14:26:30,Sheep_6,30.999985723112488,-6.999974695333702
2025-08-27 14:26:30,Sheep_7,31.004794188525228,-6.985313298494789
2025-08-27 14:26:30,Sheep_8,30.999995159080864,-6.99997550413739
2025-08-27 14:26:30,Sheep_9,30.999957494743867,-7.000026730212483
2025-08-27 14:26:30,Sheep_10,30.99995585036851,-7.000008161719515
2025-08-27 14:27:00,Sheep_1,31.000032647165927,-7.000015891257509
2025-08-27 14:27:00,Sheep_2,30.99998623740734,-6.999972592988867
2025-08-27 14:27:00,Sheep_3,31.00002879670028,-7.000002784673871
2025-08-27 14:27:00,Sheep_4,31.000018452610153,-7.00003385944488
2025-08-27 14:27:00,Sheep_5,31.000037135492292,-6.999932444685861
2025-08-27 14:27:00,Sheep_6,31.000014046419093,-7.000065531374784
2025-08-27 14:27:00,Sheep_7,31.00495942052949,-6.9848129621208885
2025-08-27 14:27:00,Sheep_8,30.999988641313408,-6.999960002084407
2025-08-27 14:27:00,Sheep_9,31.000015850447298,-7.0000222115858834
2025-08-27 14:27:00,Sheep_10,31.0000008695152,-7.000028102111572
2025-08-27 14:27:30,Sheep_1,30.999995079458902,-7.000017436408449
2025-08-27 14:27:30,Sheep_2,31.000031659049593,-6.999933472592497
2025-08-27 14:27:30,Sheep_3,30.999961430425802,-7.000060465909528
2025-08-27 14:27:30,Sheep_4,30.99999339276621,-7.000047738981273
2025-08-27 14:27:30,Sheep_5,31.000001245372,-6.999976453452675
2025-08-27 14:27:30,Sheep_6,31.0000402661309,-6.999993668156175
2025-08-27 14:27:30,Sheep_7,31.005126284382087,-6.984377783779248
2025-08-27 14:27:30,Sheep_8,31.000000705672363,-6.9999977587289175
2025-08-27 14:27:30,Sheep_9,31.000017219461395,-7.00002227486204
2025-08-27 14:27:30,Sheep_10,30.999988275621625,-7.00004646838283
2025-08-27 14:28:00,Sheep_1,30.99993825118199,-7.000034851142477
2025-08-27 14:28:00,Sheep_2,30.99995768076318,-6.999989413767272
2025-08-27 14:28:00,Sheep_3,30.999986036631604,-7.000016922172428
2025-08-27 14:28:00,Sheep_4,30.999973470722793,-7.000101631839533
2025-08-27 14:28:00,Sheep_5,31.00004064797203,-7.00003144849977
2025-08-27 14:28:00,Sheep_6,30.999988885553275,-7.000045741801726
2025-08-27 14:28:00,Sheep_7,31.005307521402678,-6.983843820469813
2025-08-27 14:28:00,Sheep_8,30.99997773000489,-7.000012331696837
2025-08-27 14:28:00,Sheep_9,31.00004522583333,-7.00000229415854
2025-08-27 14:28:00,Sheep_10,30.999995102401968,-7.00002959702878
2025-08-27 14:28:30,Sheep_1,30.99994894229742,-7.000005031615022
2025-08-27 14:28:30,Sheep_2,31.000008771607412,-6.999965429070451
2025-08-27 14:28:30,Sheep_3,30.999939404513086,-7.000035373022373
2025-08-27 14:28:30,Sheep_4,30.99998434941366,-7.0000001094378606
2025-08-27 14:28:30,Sheep_5,30.999996091438426,-7.000003825891613
2025-08-27 14:28:30,Sheep_6,31.000010997917496,-7.000028399530467
2025-08-27 14:28:30,Sheep_7,31.00546714731171,-6.983348251479418
2025-08-27 14:28:30,Sheep_8,30.99999138073309,-6.999949667461483
2025-08-27 14:28:30,Sheep_9,31.000041944377532,-6.999970669775131
2025-08-27 14:28:30,Sheep_10,30.99991865190162,-6.999950357974914
2025-08-27 14:29:00,Sheep_1,31.000021418213866,-6.999936918523395
2025-08-27 14:29:00,Sheep_2,31.00003334884814,-6.999950376914845
2025-08-27 14:29:00,Sheep_3,31.000023679164126,-6.999957597093205
2025-08-27 14:29:00,Sheep_4,31.00005374030922,-6.9999931915202085
2025-08-27 14:29:00,Sheep_5,30.99995762943198,-7.000009666569016
2025-08-27 14:29:00,Sheep_6,31.000010508774686,-6.999997645534757
2025-08-27 14:29:00,Sheep_7,31.00558827313976,-6.982902033713706
2025-08-27 14:29:00,Sheep_8,30.99998002615877,-6.999974604672774
2025-08-27 14:29:00,Sheep_9,31.000042589106293,-6.999971183119232
2025-08-27 14:29:00,Sheep_10,31.00002849696246,-7.000002540841178
2025-08-27 14:29:30,Sheep_1,30.999953052035814,-7.000014312132575
2025-08-27 14:29:30,Sheep_2,30.999993026471113,-7.000015627327469
2025-08-27 14:29:30,Sheep_3,31.000001473990263,-6.999986121765161
2025-08-27 14:29:30,Sheep_4,31.00002298819228,-7.000008744087015
2025-08-27 14:29:30,Sheep_5,30.99994869494954,-7.000015181672856
2025-08-27 14:29:30,Sheep_6,31.000001177966144,-6.99996155492561
2025-08-27 14:29:30,Sheep_7,31.00576077262093,-6.982367613530847
2025-08-27 14:29:30,Sheep_8,31.00000781767606,-6.999998619767479
2025-08-27 14:29:30,Sheep_9,31.000025077254385,-7.0000207768436145
2025-08-27 14:29:30,Sheep_10,30.999984499107537,-7.000000374161813
2025-08-27 14:30:00,Sheep_1,30.999982748477226,-6.999984028096345
2025-08-27 14:30:00,Sheep_2,30.99998077994149,-6.999992884996945
2025-08-27 14:30:00,Sheep_3,30.99999730041047,-6.999993242728842
2025-08-27 14:30:00,Sheep_4,30.999987610275017,-7.000010660934127
2025-08-27 14:30:00,Sheep_5,31.00000258738595,-6.999993646778631
2025-08-27 14:30:00,Sheep_6,30.999999886761174,-6.999946383416831
2025-08-27 14:30:00,Sheep_7,31.005913479015494,-6.981890212055945
2025-08-27 14:30:00,Sheep_8,30.999957591743925,-6.999988301760344
2025-08-27 14:30:00,Sheep_9,30.999969944847205,-7.000008750072924
2025-08-27 14:30:00,Sheep_10,30.999989973113763,-6.999991168784515
2025-08-27 14:30:30,Sheep_1,30.99998510265224,-7.000018716407882
2025-08-27 14:30:30,Sheep_2,31.00003869537722,-6.999991053221662
2025-08-27 14:30:30,Sheep_3,30.999984880052498,-7.000007886209271
2025-08-27 14:30:30,Sheep_4,31.000044341222214,-7.000007393582487
2025-08-27 14:30:30,Sheep_5,30.999981424453203,-7.0000215362752165
2025-08-27 14:30:30,Sheep_6,30.999985201406368,-7.0000186910051445
2025-08-27 14:30:30,Sheep_7,31.006068593210035,-6.981422939475779
2025-08-27 14:30:30,Sheep_8,30.999977650367203,-6.999981401010412
2025-08-27 14:30:30,Sheep_9,30.999989725908534,-7.000006513162373
2025-08-27 14:30:30,Sheep_10,31.00003422802799,-6.999959284982283
2025-08-27 14:31:00,Sheep_1,30.999992396920327,-7.000019834345328
2025-08-27 14:31:00,Sheep_2,30.999976704177676,-6.999978219133586
2025-08-27 14:31:00,Sheep_3,30.999994483276136,-7.0000121513972395
2025-08-27 14:31:00,Sheep_4,30.999978072280584,-7.000024198307693
2025-08-27 14:31:00,Sheep_5,31.000008625355502,-7.000041357371891
2025-08-27 14:31:00,Sheep_6,31.00002681104996,-7.000016784072684
2025-08-27 14:31:00,Sheep_7,31.006249200089336,-6.980937909200181
2025-08-27 14:31:00,Sheep_8,30.999999666746184,-7.000010322408644
2025-08-27 14:31:00,Sheep_9,30.999998650361153,-6.9999537294802785
2025-08-27 14:31:00,Sheep_10,31.00000478884421,-7.000024984080407
2025-08-27 14:31:30,Sheep_1,30.99998083040126,-6.999981289078767
2025-08-27 14:31:30,Sheep_2,31.000034998920885,-6.999991136498968
2025-08-27 14:31:30,Sheep_3,31.000018560350643,-6.99998082984931
2025-08-27 14:31:30,Sheep_4,31.000038242842617,-7.000061295104376
2025-08-27 14:31:30,Sheep_5,31.00001798110688,-6.999969071344156
2025-08-27 14:31:30,Sheep_6,30.999963922286035,-7.000027845402865
2025-08-27 14:31:30,Sheep_7,31.00639690796202,-6.980435671488117
2025-08-27 14:31:30,Sheep_8,30.999987018045697,-6.999992372568883
2025-08-27 14:31:30,Sheep_9,31.00002332935639,-6.999966003400757
2025-08-27 14:31:30,Sheep_10,30.999977421225445,-7.000026557457663
2025-08-27 14:32:00,Sheep_1,31.000035460523897,-6.999979666374204
2025-08-27 14:32:00,Sheep_2,31.000002233152404,-6.9999851182975075
2025-08-27 14:32:00,Sheep_3,30.99999919680789,-6.999983507060432
2025-08-27 14:32:00,Sheep_4,30.999990943225928,-6.9999915487743305
2025-08-27 14:32:00,Sheep_5,30.999959291788077,-7.000021623934471
2025-08-27 14:32:00,Sheep_6,30.999981754998828,-7.000011770820598
2025-08-27 14:32:00,Sheep_7,31.00639554737082,-6.980431579120709
2025-08-27 14:32:00,Sheep_8,30.999959187547727,-6.99998274886002
2025-08-27 14:32:00,Sheep_9,30.999997776315517,-7.0000536117178696
2025-08-27 14:32:00,Sheep_10,30.999977501888864,-6.999989417252957
2025-08-27 14:32:30,Sheep_1,30.999985365919517,-7.000021911835698
2025-08-27 14:32:30,Sheep_2,30.99999798977694,-6.999989197295371
2025-08-27 14:32:30,Sheep_3,30.9999612912561,-6.999982703963557
2025-08-27 14:32:30,Sheep_4,30.999978432628055,-7.000000563655224
2025-08-27 14:32:30,Sheep_5,30.999999045450753,-7.000016570955877
2025-08-27 14:32:30,Sheep_6,30.99997241305032,-7.000008981983511
2025-08-27 14:32:30,Sheep_7,31.006441394362625,-6.980448936751933
2025-08-27 14:32:30,Sheep_8,31.0000456067109,-7.000008165632199
2025-08-27 14:32:30,Sheep_9,31.000000953236178,-7.000034166181971
2025-08-27 14:32:30,Sheep_10,30.99997921480192,-7.000015811476649
2025-08-27 14:33:00,Sheep_1,30.99997181921566,-7.000006568379438
2025-08-27 14:33:00,Sheep_2,30.99998903119228,-6.999941811450996
2025-08-27 14:33:00,Sheep_3,30.999968577770776,-6.999996771410714
2025-08-27 14:33:00,Sheep_4,31.000006679292543,-7.000033650872201
2025-08-27 14:33:00,Sheep_5,31.000018509544432,-7.000012523399108
2025-08-27 14:33:00,Sheep_6,30.999932831755707,-6.999979254331802
2025-08-27 14:33:00,Sheep_7,31.00639212610547,-6.980442357407309
2025-08-27 14:33:00,Sheep_8,31.000018538503852,-7.00001091475511
2025-08-27 14:33:00,Sheep_9,31.000024733349367,-6.9999619523845755
2025-08-27 14:33:00,Sheep_10,30.999982619606712,-6.9999750598314625
2025-08-27 14:33:30,Sheep_1,30.999979640833594,-6.999929790847769
2025-08-27 14:33:30,Sheep_2,30.99998132526937,-6.999967739816464
2025-08-27 14:33:30,Sheep_3,31.000022739580288,-6.999990062200601
2025-08-27 14:33:30,Sheep_4,30.999981929307545,-7.000004759936319
2025-08-27 14:33:30,Sheep_5,30.999941962231954,-6.99999294423522
2025-08-27 14:33:30,Sheep_6,31.000009421900764,-6.999995802778995
2025-08-27 14:33:30,Sheep_7,31.006358774231824,-6.980446923783534
2025-08-27 14:33:30,Sheep_8,30.999979839445306,-6.999990830244735
2025-08-27 14:33:30,Sheep_9,31.00000779749117,-7.000005351835089
2025-08-27 14:33:30,Sheep_10,31.00001711944493,-7.000032265054672
2025-08-27 14:34:00,Sheep_1,31.00001644542775,-6.9999850741108185
2025-08-27 14:34:00,Sheep_2,31.00001017484907,-7.000005723350158
2025-08-27 14:34:00,Sheep_3,31.00004933732909,-6.999984493930249
2025-08-27 14:34:00,Sheep_4,30.99997390399219,-6.9999921932772
2025-08-27 14:34:00,Sheep_5,31.000020278926797,-7.000018490131136
2025-08-27 14:34:00,Sheep_6,31.00002935516296,-6.99998798886238
2025-08-27 14:34:00,Sheep_7,31.006209802992796,-6.980903605023496
2025-08-27 14:34:00,Sheep_8,30.999989057784198,-6.999983111069566
2025-08-27 14:34:00,Sheep_9,31.00002544596228,-6.999993864106305
2025-08-27 14:34:00,Sheep_10,31.00004487744073,-7.000005618543474
2025-08-27 14:34:30,Sheep_1,31.000016838424983,-6.999974692609884
2025-08-27 14:34:30,Sheep_2,30.999997376590848,-6.999975515340013
2025-08-27 14:34:30,Sheep_3,30.999983973958305,-7.000013285548785
2025-08-27 14:34:30,Sheep_4,30.999964629302273,-6.9999924100987005
2025-08-27 14:34:30,Sheep_5,31.000008765316455,-6.999962923972739
2025-08-27 14:34:30,Sheep_6,31.000021320697208,-7.000008953970744
2025-08-27 14:34:30,Sheep_7,31.006070416209695,-6.981390303702983
2025-08-27 14:34:30,Sheep_8,31.000029934059622,-6.999976256988551
2025-08-27 14:34:30,Sheep_9,31.00002922594839,-7.000006661805703
2025-08-27 14:34:30,Sheep_10,30.999987424928992,-7.000023168174487
2025-08-27 14:35:00,Sheep_1,30.99999849362738,-7.000002470894196
2025-08-27 14:35:00,Sheep_2,31.0000055698247,-7.000004065111343
2025-08-27 14:35:00,Sheep_3,30.999996398821512,-7.000024419256781
2025-08-27 14:35:00,Sheep_4,31.000025376006473,-6.999997594272541
2025-08-27 14:35:00,Sheep_5,30.999995298851932,-7.000023499171638
2025-08-27 14:35:00,Sheep_6,30.999964105827065,-6.999958877612934
2025-08-27 14:35:00,Sheep_7,31.005941243579397,-6.9819229036567005
2025-08-27 14:35:00,Sheep_8,31.000020566177707,-6.999970997197049
2025-08-27 14:35:00,Sheep_9,31.000003351853817,-6.999949755402171
2025-08-27 14:35:00,Sheep_10,31.000005840450292,-7.000044544923976
2025-08-27 14:35:30,Sheep_1,31.000009841061832,-6.999992300430172
2025-08-27 14:35:30,Sheep_2,30.999983741550967,-6.999981967313303
2025-08-27 14:35:30,Sheep_3,30.999955057529657,-6.999968856584359
2025-08-27 14:35:30,Sheep_4,30.99997633520382,-7.000030966700791
2025-08-27 14:35:30,Sheep_5,30.99999693249805,-6.999986387333508
2025-08-27 14:35:30,Sheep_6,31.000004417644544,-7.000023349200113
2025-08-27 14:35:30,Sheep_7,31.00576188147021,-6.982402105006903
2025-08-27 14:35:30,Sheep_8,30.999993945026006,-6.999966201338891
2025-08-27 14:35:30,Sheep_9,30.999999885116665,-6.999972980020527
2025-08-27 14:35:30,Sheep_10,31.00003922209857,-7.000018487299025
2025-08-27 14:36:00,Sheep_1,30.999994971974854,-6.999931737708313
2025-08-27 14:36:00,Sheep_2,31.000038924094824,-7.000052580389152
2025-08-27 14:36:00,Sheep_3,31.00001043338976,-6.9999999823938435
2025-08-27 14:36:00,Sheep_4,31.000022272361953,-7.000023422128378
2025-08-27 14:36:00,Sheep_5,30.999977373112504,-7.000021255659594
2025-08-27 14:36:00,Sheep_6,30.99998458690587,-6.999974366212651
2025-08-27 14:36:00,Sheep_7,31.005589447426377,-6.982880896527298
2025-08-27 14:36:00,Sheep_8,30.99995178730532,-6.999968336221135
2025-08-27 14:36:00,Sheep_9,31.000034253416263,-7.000010283186879
2025-08-27 14:36:00,Sheep_10,30.99999197046268,-6.999985750705869
2025-08-27 14:36:30,Sheep_1,31.000039736309937,-6.99998715328033
2025-08-27 14:36:30,Sheep_2,30.99998120170834,-7.000050895772817
2025-08-27 14:36:30,Sheep_3,30.999969948088502,-6.9999976979808824
2025-08-27 14:36:30,Sheep_4,30.99998233935888,-6.9999938702163895
2025-08-27 14:36:30,Sheep_5,30.99998509906532,-7.000033268118017
2025-08-27 14:36:30,Sheep_6,30.999968279779964,-6.999950879582763
2025-08-27 14:36:30,Sheep_7,31.005466336070366,-6.983321064991052
2025-08-27 14:36:30,Sheep_8,31.000014551317843,-7.000013518927537
2025-08-27 14:36:30,Sheep_9,31.00003566315817,-7.000001039657782
2025-08-27 14:36:30,Sheep_10,31.000005951538906,-7.0000013463982445
2025-08-27 14:37:00,Sheep_1,30.999920582890244,-6.999949547139983
2025-08-27 14:37:00,Sheep_2,31.00001323222995,-6.999989630364769
2025-08-27 14:37:00,Sheep_3,30.999998335176187,-6.999994861830221
2025-08-27 14:37:00,Sheep_4,30.99998390372972,-6.999980614748533
2025-08-27 14:37:00,Sheep_5,30.99996477456851,-6.9999941500095
2025-08-27 14:37:00,Sheep_6,31.000015134031727,-7.000006246156482
2025-08-27 14:37:00,Sheep_7,31.00529672257855,-6.98386760510506
2025-08-27 14:37:00,Sheep_8,30.999973971610558,-6.999992557615008
2025-08-27 14:37:00,Sheep_9,31.000018286462126,-7.000058945765963
2025-08-27 14:37:00,Sheep_10,31.000014068109103,-7.0000170782522035
2025-08-27 14:37:30,Sheep_1,30.999994804004114,-7.000042114436196
2025-08-27 14:37:30,Sheep_2,30.99997704948149,-6.999969625025045
2025-08-27 14:37:30,Sheep_3,31.000000885646084,-7.000012034550858
2025-08-27 14:37:30,Sheep_4,30.999996860716333,-6.999984619182906
2025-08-27 14:37:30,Sheep_5,31.000011871033852,-7.000002358848483
2025-08-27 14:37:30,Sheep_6,31.000029454521492,-6.999969488659999
2025-08-27 14:37:30,Sheep_7,31.00513718138629,-6.984335172175833
2025-08-27 14:37:30,Sheep_8,31.00001771436656,-6.999990119433976
2025-08-27 14:37:30,Sheep_9,31.000028587856768,-6.999971717795232
2025-08-27 14:37:30,Sheep_10,30.999972558734243,-7.000034142676154
2025-08-27 14:38:00,Sheep_1,30.999981101790933,-6.999969310204919
2025-08-27 14:38:00,Sheep_2,30.99995751952039,-6.9999875888298435
2025-08-27 14:38:00,Sheep_3,31.000009770295303,-6.999963446351389
2025-08-27 14:38:00,Sheep_4,31.000004860007834,-7.000042230495899
2025-08-27 14:38:00,Sheep_5,30.999974146021543,-7.000037161932749
2025-08-27 14:38:00,Sheep_6,30.999985502767707,-7.00000575042428
2025-08-27 14:38:00,Sheep_7,31.00494851123621,-6.984794981867432
2025-08-27 14:38:00,Sheep_8,30.999964284548007,-6.9999576785157105
2025-08-27 14:38:00,Sheep_9,31.00003193935586,-6.999971757372747
2025-08-27 14:38:00,Sheep_10,30.999981303451108,-6.999989233346231
2025-08-27 14:38:30,Sheep_1,30.999965575697082,-6.9999713610877965
2025-08-27 14:38:30,Sheep_2,30.99999800615932,-7.000012869025309
2025-08-27 14:38:30,Sheep_3,30.999967020889866,-7.0000778927788305
2025-08-27 14:38:30,Sheep_4,30.999972012014272,-6.999965013630812
2025-08-27 14:38:30,Sheep_5,30.999989143906888,-7.000005323698343
2025-08-27 14:38:30,Sheep_6,31.000017666754175,-6.99994322978034
2025-08-27 14:38:30,Sheep_7,31.004832950316043,-6.985335677174329
2025-08-27 14:38:30,Sheep_8,30.999947649014423,-6.999925813740589
2025-08-27 14:38:30,Sheep_9,31.00006114781562,-6.999994075019958
2025-08-27 14:38:30,Sheep_10,30.99996576118634,-6.999969716163038
2025-08-27 14:39:00,Sheep_1,30.999997089911446,-7.000003552125893
2025-08-27 14:39:00,Sheep_2,31.00002410507123,-6.999989487259786
2025-08-27 14:39:00,Sheep_3,30.999968043076418,-7.000010209884664
2025-08-27 14:39:00,Sheep_4,31.000017817631925,-6.999983957672916
2025-08-27 14:39:00,Sheep_5,31.000007061172504,-6.999970653187412
2025-08-27 14:39:00,Sheep_6,30.99999025196763,-6.999994382623243
2025-08-27 14:39:00,Sheep_7,31.00458819374484,-6.98581421180141
2025-08-27 14:39:00,Sheep_8,31.000020586675582,-7.000012273999912
2025-08-27 14:39:00,Sheep_9,30.999987435481717,-7.000032743275113
2025-08-27 14:39:00,Sheep_10,31.000027040043822,-6.999982756317677
2025-08-27 14:39:30,Sheep_1,31.000022244374716,-7.000054272157531
2025-08-27 14:39:30,Sheep_2,30.999995675977992,-7.000008806688553
2025-08-27 14:39:30,Sheep_3,30.999992438779017,-7.000019367902608
2025-08-27 14:39:30,Sheep_4,30.99999067271995,-6.999973287172675
2025-08-27 14:39:30,Sheep_5,30.999948449927597,-6.999944121862206
2025-08-27 14:39:30,Sheep_6,31.000013039196688,-7.000001330914568
2025-08-27 14:39:30,Sheep_7,31.00450482770547,-6.986324707684748
2025-08-27 14:39:30,Sheep_8,30.999982086752468,-7.000003806610933
2025-08-27 14:39:30,Sheep_9,31.000036800944226,-7.000001461852256
2025-08-27 14:39:30,Sheep_10,31.000012128674214,-7.00001853636041
2025-08-27 14:40:00,Sheep_1,31.00001312007013,-6.9999472675963625
2025-08-27 14:40:00,Sheep_2,31.000026828782563,-7.000002560975811
2025-08-27 14:40:00,Sheep_3,31.000018204029303,-6.9999818428701035
2025-08-27 14:40:00,Sheep_4,31.000013652200998,-6.999965040192412
2025-08-27 14:40:00,Sheep_5,31.000029764939917,-7.000003997865591
2025-08-27 14:40:00,Sheep_6,31.00001729821402,-7.000012044502228
2025-08-27 14:40:00,Sheep_7,31.004311646362666,-6.98678941592071
2025-08-27 14:40:00,Sheep_8,30.999997944354515,-7.00005224009722
2025-08-27 14:40:00,Sheep_9,31.00002318539057,-7.000087004696163
2025-08-27 14:40:00,Sheep_10,31.000073162511843,-6.999952780928241
2025-08-27 14:40:30,Sheep_1,30.99999296598839,-6.999999703635275
2025-08-27 14:40:30,Sheep_2,31.00000816489059,-7.000018523199379
2025-08-27 14:40:30,Sheep_3,31.000005190957985,-7.000004527358512
2025-08-27 14:40:30,Sheep_4,30.99999745941294,-6.9999942948651555
2025-08-27 14:40:30,Sheep_5,30.999964601299002,-6.99999875592809
2025-08-27 14:40:30,Sheep_6,31.00000440480812,-6.999995948968609
2025-08-27 14:40:30,Sheep_7,31.00416404799118,-6.9872494079365275
2025-08-27 14:40:30,Sheep_8,30.999990469298737,-6.9999928528747315
2025-08-27 14:40:30,Sheep_9,31.00003496130616,-7.0000024955854085
2025-08-27 14:40:30,Sheep_10,31.000005779642493,-7.000003030332439
2025-08-27 14:41:00,Sheep_1,31.000033346293396,-7.000008102858808
2025-08-27 14:41:00,Sheep_2,31.000034585552747,-7.000003256802842
2025-08-27 14:41:00,Sheep_3,30.99997683813178,-6.999978640511229
2025-08-27 14:41:00,Sheep_4,30.999991789404408,-6.999980491455124
2025-08-27 14:41:00,Sheep_5,30.9999264443662,-6.9999998363465945
2025-08-27 14:41:00,Sheep_6,30.99998761394272,-7.000033428847294
2025-08-27 14:41:00,Sheep_7,31.003997681170407,-6.987774772345974
2025-08-27 14:41:00,Sheep_8,30.999998706814726,-7.00004298873647
2025-08-27 14:41:00,Sheep_9,31.000008523368134,-6.999957046214619
2025-08-27 14:41:00,Sheep_10,31.000007570836246,-6.999974565402547
2025-08-27 14:41:30,Sheep_1,31.00002949773054,-6.999961124776494
2025-08-27 14:41:30,Sheep_2,31.000050398994595,-7.000015694908098
2025-08-27 14:41:30,Sheep_3,30.99998063733421,-6.999975367844298
2025-08-27 14:41:30,Sheep_4,31.000019087303798,-6.999975612772819
2025-08-27 14:41:30,Sheep_5,31.00005091490624,-6.999999642530129
2025-08-27 14:41:30,Sheep_6,31.000011484635994,-7.000030823401269
2025-08-27 14:41:30,Sheep_7,31.003885679645578,-6.988259291609276
2025-08-27 14:41:30,Sheep_8,30.999991693785624,-7.0000109018146786
2025-08-27 14:41:30,Sheep_9,30.999982620485305,-7.00002293349683
2025-08-27 14:41:30,Sheep_10,30.99998588651771,-7.000042940616514
2025-08-27 14:42:00,Sheep_1,30.99997883620409,-6.999938724610427
2025-08-27 14:42:00,Sheep_2,31.000019825417095,-6.999970889577743
2025-08-27 14:42:00,Sheep_3,31.000031724994273,-6.99994233481932
2025-08-27 14:42:00,Sheep_4,30.999952261339793,-7.000038667518424
2025-08-27 14:42:00,Sheep_5,30.999978340181613,-7.0000147683022345
2025-08-27 14:42:00,Sheep_6,30.999991899854727,-7.000014052971817
2025-08-27 14:42:00,Sheep_7,31.003690951309093,-6.9887409879364855
2025-08-27 14:42:00,Sheep_8,30.999980520082776,-7.000068399241659
2025-08-27 14:42:00,Sheep_9,30.999973242848398,-7.000017268060259
2025-08-27 14:42:00,Sheep_10,30.999993341373425,-7.000035516738747
2025-08-27 14:42:30,Sheep_1,30.99998677309199,-7.000035558237313
2025-08-27 14:42:30,Sheep_2,30.999996609252115,-7.0000337379854995
2025-08-27 14:42:30,Sheep_3,30.99997712258382,-7.000041145021926
2025-08-27 14:42:30,Sheep_4,30.999995863258295,-7.000027241113152
2025-08-27 14:42:30,Sheep_5,31.0000244372332,-6.999987240069833
2025-08-27 14:42:30,Sheep_6,30.999998117538585,-7.000025072939678
2025-08-27 14:42:30,Sheep_7,31.00353354283612,-6.989216740738416
2025-08-27 14:42:30,Sheep_8,31.000003845357856,-6.999949579622428
2025-08-27 14:42:30,Sheep_9,31.00001238692018,-6.9999712761940724
2025-08-27 14:42:30,Sheep_10,31.000003599499163,-6.999978757113282
2025-08-27 14:43:00,Sheep_1,30.99997852727544,-7.0000144120420345
2025-08-27 14:43:00,Sheep_2,31.000009415115528,-6.999989244394169
2025-08-27 14:43:00,Sheep_3,31.000013679801192,-6.99996540365348
2025-08-27 14:43:00,Sheep_4,30.99996159797417,-7.000030636782771
2025-08-27 14:43:00,Sheep_5,31.000006186830067,-7.000022773988626
2025-08-27 14:43:00,Sheep_6,31.00009102860873,-6.999983785777991
2025-08-27 14:43:00,Sheep_7,31.003364994180853,-6.98973151215942
2025-08-27 14:43:00,Sheep_8,30.999987059945656,-6.999999052377773
2025-08-27 14:43:00,Sheep_9,31.000003017838644,-7.000014358618613
2025-08-27 14:43:00,Sheep_10,30.999992638728536,-6.999957735700301
2025-08-27 14:43:30,Sheep_1,31.000037311488395,-6.999992076053048
2025-08-27 14:43:30,Sheep_2,30.999963853941953,-6.999983069463698
2025-08-27 14:43:30,Sheep_3,31.00004188687859,-6.99995693408964
2025-08-27 14:43:30,Sheep_4,31.000019792288523,-6.999955279030059
2025-08-27 14:43:30,Sheep_5,31.000001438670655,-6.999980252446061
2025-08-27 14:43:30,Sheep_6,30.999981653551032,-6.999990811175656
2025-08-27 14:43:30,Sheep_7,31.003229983366893,-6.990222552336685
2025-08-27 14:43:30,Sheep_8,30.99997678467222,-6.99999693494829
2025-08-27 14:43:30,Sheep_9,30.999993891604284,-6.999979590799197
2025-08-27 14:43:30,Sheep_10,30.99998778495708,-6.999945972267876
2025-08-27 14:44:00,Sheep_1,30.99996524408647,-6.999960582585173
2025-08-27 14:44:00,Sheep_2,30.999979387821732,-7.0000564656873605
2025-08-27 14:44:00,Sheep_3,31.000006410577335,-7.000008004873689
2025-08-27 14:44:00,Sheep_4,30.999970096765146,-7.000052862480287
2025-08-27 14:44:00,Sheep_5,30.99999977468234,-6.99996931969346
2025-08-27 14:44:00,Sheep_6,31.00001576410779,-6.99999821714327
2025-08-27 14:44:00,Sheep_7,31.003054394907164,-6.990700258531037
2025-08-27 14:44:00,Sheep_8,30.99996146988206,-7.00004467289913
2025-08-27 14:44:00,Sheep_9,30.9999945247432,-7.000005050938445
2025-08-27 14:44:00,Sheep_10,31.000022933417494,-6.999976190359343
2025-08-27 14:44:30,Sheep_1,31.000016307932512,-7.000008812086968
2025-08-27 14:44:30,Sheep_2,30.999962792341805,-6.999987044485702
2025-08-27 14:44:30,Sheep_3,31.000014152963885,-7.000075095416127
2025-08-27 14:44:30,Sheep_4,30.999977515140497,-7.000021726745849
2025-08-27 14:44:30,Sheep_5,31.000003189459246,-7.000025257647616
2025-08-27 14:44:30,Sheep_6,30.99999897229872,-7.000006619217374
2025-08-27 14:44:30,Sheep_7,31.00288262767679,-6.991204193843501
2025-08-27 14:44:30,Sheep_8,30.999982779777557,-7.000033963590456
2025-08-27 14:44:30,Sheep_9,31.000010242564873,-6.999982044536478
2025-08-27 14:44:30,Sheep_10,30.999979232358513,-6.9999521910836915
2025-08-27 14:45:00,Sheep_1,30.999991521700125,-6.99995189097235
2025-08-27 14:45:00,Sheep_2,30.99998269509952,-7.000063715594221
2025-08-27 14:45:00,Sheep_3,31.00001083896402,-6.999992185743253
2025-08-27 14:45:00,Sheep_4,31.00000092688992,-7.000020191785612
2025-08-27 14:45:00,Sheep_5,30.999999068301506,-7.000016073994561
2025-08-27 14:45:00,Sheep_6,30.999991851880175,-6.999973539086478
2025-08-27 14:45:00,Sheep_7,31.002728491846806,-6.9916658837416525
2025-08-27 14:45:00,Sheep_8,30.999993751297882,-7.000010753023483
2025-08-27 14:45:00,Sheep_9,30.99996891441257,-7.000011633949077
2025-08-27 14:45:00,Sheep_10,30.99991049817044,-7.000018556575395
2025-08-27 14:45:30,Sheep_1,30.99999779354535,-6.99998227810339
2025-08-27 14:45:30,Sheep_2,30.999992759309805,-6.999989069145732
2025-08-27 14:45:30,Sheep_3,30.99994125614459,-7.000001786950323
2025-08-27 14:45:30,Sheep_4,30.99995473851618,-7.000037989055929
2025-08-27 14:45:30,Sheep_5,30.999994956012902,-6.999959874267196
2025-08-27 14:45:30,Sheep_6,31.000010003775515,-6.99999942681755
2025-08-27 14:45:30,Sheep_7,31.002564526438672,-6.992183116078304
2025-08-27 14:45:30,Sheep_8,30.999985340008624,-6.999986563299466
2025-08-27 14:45:30,Sheep_9,30.999962665454948,-6.9999813543839
2025-08-27 14:45:30,Sheep_10,30.999989529992803,-6.999974044490077
2025-08-27 14:46:00,Sheep_1,31.000025900829787,-7.00005260175221
2025-08-27 14:46:00,Sheep_2,30.999984326785036,-7.000026897785833
2025-08-27 14:46:00,Sheep_3,30.99995114818635,-7.0000324628405615
2025-08-27 14:46:00,Sheep_4,31.000065790222205,-6.999980837012194
2025-08-27 14:46:00,Sheep_5,31.000051669636235,-6.999973933149577
2025-08-27 14:46:00,Sheep_6,30.99998000781995,-7.000012002884337
2025-08-27 14:46:00,Sheep_7,31.002415144469065,-6.992648478389665
2025-08-27 14:46:00,Sheep_8,30.999984441016466,-7.000047474177031
2025-08-27 14:46:00,Sheep_9,31.00008860297846,-7.000004437744927
2025-08-27 14:46:00,Sheep_10,30.999991221553366,-6.999996436765074
2025-08-27 14:46:30,Sheep_1,30.999993458625873,-6.9999961414038125
2025-08-27 14:46:30,Sheep_2,31.00003468237386,-7.0000039158035205
2025-08-27 14:46:30,Sheep_3,30.999968665726573,-7.000005082080015
2025-08-27 14:46:30,Sheep_4,30.9999874846807,-6.999955232625195
2025-08-27 14:46:30,Sheep_5,31.00003156088029,-6.999996619414574
2025-08-27 14:46:30,Sheep_6,30.99996553891875,-7.000038542046063
2025-08-27 14:46:30,Sheep_7,31.00224453936816,-6.993140089288678
2025-08-27 14:46:30,Sheep_8,30.99998990416405,-7.000015096529103
2025-08-27 14:46:30,Sheep_9,30.99998402445473,-7.000000735505982
2025-08-27 14:46:30,Sheep_10,30.999935786138554,-7.00003462570319
2025-08-27 14:47:00,Sheep_1,30.99998310139655,-6.999962036106149
2025-08-27 14:47:00,Sheep_2,30.99997806826333,-6.999994326082607
2025-08-27 14:47:00,Sheep_3,31.000006105176542,-6.999959193512155
2025-08-27 14:47:00,Sheep_4,31.00003402562182,-7.000001807893025
2025-08-27 14:47:00,Sheep_5,30.999987186002304,-7.000020870909125
2025-08-27 14:47:00,Sheep_6,30.999993503506403,-7.000013646006288
2025-08-27 14:47:00,Sheep_7,31.002093909421156,-6.99362781902344
2025-08-27 14:47:00,Sheep_8,31.000015948648702,-6.999960408126994
2025-08-27 14:47:00,Sheep_9,31.00005020308448,-6.999996080583593
2025-08-27 14:47:00,Sheep_10,31.00002962981777,-7.000011056194258
2025-08-27 14:47:30,Sheep_1,31.000031935150474,-6.999966626157899
2025-08-27 14:47:30,Sheep_2,31.000027176140044,-6.999997042444707
2025-08-27 14:47:30,Sheep_3,30.99998198819177,-7.000043843966465
2025-08-27 14:47:30,Sheep_4,30.999998921023874,-6.999951802094049
2025-08-27 14:47:30,Sheep_5,30.999991649885878,-6.999975315624444
2025-08-27 14:47:30,Sheep_6,31.000022743929225,-7.0000089190932355
2025-08-27 14:47:30,Sheep_7,31.001947307740064,-6.994187084333084
2025-08-27 14:47:30,Sheep_8,30.999967047692813,-7.000028787474394
2025-08-27 14:47:30,Sheep_9,30.999977909225038,-6.999989427894652
2025-08-27 14:47:30,Sheep_10,31.00000781632599,-6.999987612938564
2025-08-27 14:48:00,Sheep_1,31.00001606400002,-7.000029871282462
2025-08-27 14:48:00,Sheep_2,30.999967170964783,-6.999987539711364
2025-08-27 14:48:00,Sheep_3,30.99998301566456,-7.000049375726844
2025-08-27 14:48:00,Sheep_4,31.000026177082766,-6.999956138003684
2025-08-27 14:48:00,Sheep_5,31.000041964450855,-6.9999941204782585
2025-08-27 14:48:00,Sheep_6,31.000016868453898,-6.999956931350543
2025-08-27 14:48:00,Sheep_7,31.001751829342194,-6.994592329113059
2025-08-27 14:48:00,Sheep_8,31.00000742174544,-6.999971272910644
2025-08-27 14:48:00,Sheep_9,31.000005015083207,-6.99995924569613
2025-08-27 14:48:00,Sheep_10,31.000006023816812,-7.00004665629352
2025-08-27 14:48:30,Sheep_1,31.000039128457573,-7.000029790361318
2025-08-27 14:48:30,Sheep_2,31.000033769085796,-7.0000028372357
2025-08-27 14:48:30,Sheep_3,31.0000316927143,-6.99996432288095
2025-08-27 14:48:30,Sheep_4,31.00001159206722,-6.999984011652393
2025-08-27 14:48:30,Sheep_5,31.000011389560292,-7.000063314639332
2025-08-27 14:48:30,Sheep_6,31.00000318892074,-7.000035089051597
2025-08-27 14:48:30,Sheep_7,31.00160612391524,-6.995129055083672
2025-08-27 14:48:30,Sheep_8,30.99996806633288,-6.999949540868036
2025-08-27 14:48:30,Sheep_9,31.000028820896194,-7.000000130242848
2025-08-27 14:48:30,Sheep_10,31.000004979392298,-7.000007794478495
2025-08-27 14:49:00,Sheep_1,31.000015357789508,-7.000021255145589
2025-08-27 14:49:00,Sheep_2,31.000026780639494,-7.000007957048898
2025-08-27 14:49:00,Sheep_3,30.999988685402556,-6.999999317342818
2025-08-27 14:49:00,Sheep_4,30.9999840689859,-6.999989666228728
2025-08-27 14:49:00,Sheep_5,30.99998551843543,-6.999985269620487
2025-08-27 14:49:00,Sheep_6,31.000032770567884,-7.000022615469902
2025-08-27 14:49:00,Sheep_7,31.001440397548034,-6.995584919620793
2025-08-27 14:49:00,Sheep_8,30.99998825393402,-6.999985401764105
2025-08-27 14:49:00,Sheep_9,31.000014967630094,-6.999965942255673
2025-08-27 14:49:00,Sheep_10,30.99998366897109,-7.000029640848401
2025-08-27 14:49:30,Sheep_1,30.999991710993815,-7.000030426128267
2025-08-27 14:49:30,Sheep_2,31.00001521285135,-7.0000365254545285
2025-08-27 14:49:30,Sheep_3,31.0000628732416,-6.9999592560351145
2025-08-27 14:49:30,Sheep_4,31.00000033890863,-6.999972729121881
2025-08-27 14:49:30,Sheep_5,30.99995588927782,-6.99992066515625
2025-08-27 14:49:30,Sheep_6,30.999984094108548,-7.000003788438034
2025-08-27 14:49:30,Sheep_7,31.00124909455077,-6.996073886629516
2025-08-27 14:49:30,Sheep_8,30.99997018476041,-6.999996803943412
2025-08-27 14:49:30,Sheep_9,30.99998533216584,-7.000033884263424
2025-08-27 14:49:30,Sheep_10,30.999978322992227,-6.9999929012254425
2025-08-27 14:50:00,Sheep_1,30.999965464670154,-7.000023542634845
2025-08-27 14:50:00,Sheep_2,31.000017874776713,-6.999918178046956
2025-08-27 14:50:00,Sheep_3,31.00001287070121,-7.000028838701017
2025-08-27 14:50:00,Sheep_4,30.999990106517156,-6.999999006841819
2025-08-27 14:50:00,Sheep_5,30.99999058322986,-6.999971607856173
2025-08-27 14:50:00,Sheep_6,31.000005860765803,-6.99997145712598
2025-08-27 14:50:00,Sheep_7,31.001116484462717,-6.996545786828668
2025-08-27 14:50:00,Sheep_8,30.999995513324176,-7.000030534204178
2025-08-27 14:50:00,Sheep_9,31.000058677336895,-7.000057377290391
2025-08-27 14:50:00,Sheep_10,30.99998009148243,-7.000019713752235
2025-08-27 14:50:30,Sheep_1,31.00006759718666,-6.9999431923665565
2025-08-27 14:50:30,Sheep_2,31.000040260370383,-7.000010395906538
2025-08-27 14:50:30,Sheep_3,31.0000653838844,-6.999988419015012
2025-08-27 14:50:30,Sheep_4,31.000026336598193,-6.9999943503782
2025-08-27 14:50:30,Sheep_5,30.999998666908787,-7.000007915920133
2025-08-27 14:50:30,Sheep_6,30.999994350341534,-6.999980869025891
2025-08-27 14:50:30,Sheep_7,31.00096842619091,-6.997063719047043
2025-08-27 14:50:30,Sheep_8,31.000040680668146,-7.000093274700268
2025-08-27 14:50:30,Sheep_9,31.000013741122384,-6.999977434298985
2025-08-27 14:50:30,Sheep_10,31.000030909886856,-7.000002039557752
2025-08-27 14:51:00,Sheep_1,31.000005603307603,-6.999969001788217
2025-08-27 14:51:00,Sheep_2,31.00004018594334,-7.000009448849732
2025-08-27 14:51:00,Sheep_3,31.000007194819883,-6.9999472256437345
2025-08-27 14:51:00,Sheep_4,30.999942758882252,-7.000021693992367
2025-08-27 14:51:00,Sheep_5,31.00003950330521,-6.999965650616482
2025-08-27 14:51:00,Sheep_6,31.00001407955114,-7.000014103883239
2025-08-27 14:51:00,Sheep_7,31.00078568121614,-6.997564941383257
2025-08-27 14:51:00,Sheep_8,31.000041717792513,-7.000019758234712
2025-08-27 14:51:00,Sheep_9,31.000002733281466,-7.000023696564235
2025-08-27 14:51:00,Sheep_10,31.000022712199875,-7.00001693755131
2025-08-27 14:51:30,Sheep_1,30.999997369909536,-7.000052925525063
2025-08-27 14:51:30,Sheep_2,30.99995652079852,-6.999999758754844
2025-08-27 14:51:30,Sheep_3,30.999964287895565,-6.999933816087563
2025-08-27 14:51:30,Sheep_4,30.999944443322526,-7.000025157507017
2025-08-27 14:51:30,Sheep_5,31.00000045007727,-7.0000114797775685
2025-08-27 14:51:30,Sheep_6,30.999970244013923,-7.000030117246038
2025-08-27 14:51:30,Sheep_7,31.000623421018936,-6.998048049290505
2025-08-27 14:51:30,Sheep_8,31.000052603191417,-6.999997549651822
2025-08-27 14:51:30,Sheep_9,31.000031878381854,-6.999984060666458
2025-08-27 14:51:30,Sheep_10,31.000030017851184,-7.000088030862372
2025-08-27 14:52:00,Sheep_1,30.99999179505872,-6.999958903669439
2025-08-27 14:52:00,Sheep_2,30.99998459209964,-6.999944587853328
2025-08-27 14:52:00,Sheep_3,31.000039989853228,-7.000014749467152
2025-08-27 14:52:00,Sheep_4,30.999986440077638,-7.000031867762145
2025-08-27 14:52:00,Sheep_5,30.999983032853976,-7.000038752593442
2025-08-27 14:52:00,Sheep_6,31.00001155617626,-7.000045778093794
2025-08-27 14:52:00,Sheep_7,31.000491761300932,-6.9985183651764205
2025-08-27 14:52:00,Sheep_8,30.999955231645565,-6.999951273711487
2025-08-27 14:52:00,Sheep_9,31.000013841429062,-6.999976429498303
2025-08-27 14:52:00,Sheep_10,30.999979554477143,-6.999980432403916
2025-08-27 14:52:30,Sheep_1,31.0000303555547,-7.000003100247526
2025-08-27 14:52:30,Sheep_2,31.000053950479497,-6.999998614608119
2025-08-27 14:52:30,Sheep_3,31.000030743418986,-6.999990787804701
2025-08-27 14:52:30,Sheep_4,31.000015779416085,-7.00005254667736
2025-08-27 14:52:30,Sheep_5,31.00000999965159,-7.000023107613167
2025-08-27 14:52:30,Sheep_6,30.999977190128302,-6.9999451654054115
2025-08-27 14:52:30,Sheep_7,31.000316769021698,-6.999042049005134
2025-08-27 14:52:30,Sheep_8,30.999990321641356,-7.00004088614809
2025-08-27 14:52:30,Sheep_9,31.000038642233243,-7.000021872198794
2025-08-27 14:52:30,Sheep_10,31.00001426428137,-6.9999573640123165
2025-08-27 14:53:00,Sheep_1,30.999986521217718,-6.999983273217636
2025-08-27 14:53:00,Sheep_2,30.99997223986557,-6.999923105018113
2025-08-27 14:53:00,Sheep_3,31.000025234822168,-7.0000060555453825
2025-08-27 14:53:00,Sheep_4,30.999979172644693,-7.000003584050998
2025-08-27 14:53:00,Sheep_5,30.999990837664686,-6.999938599433895
2025-08-27 14:53:00,Sheep_6,30.99996697265391,-6.999995761843988
2025-08-27 14:53:00,Sheep_7,31.000159975367072,-6.999512970820674
2025-08-27 14:53:00,Sheep_8,30.999997072853354,-7.0000036492656355
2025-08-27 14:53:00,Sheep_9,31.000023528550116,-6.99998085353233
2025-08-27 14:53:00,Sheep_10,31.000011289389455,-7.000095388608965
2025-08-27 14:53:30,Sheep_1,31.00000807927257,-7.0000520532924355
2025-08-27 14:53:30,Sheep_2,31.000017417898754,-6.999953641810822
2025-08-27 14:53:30,Sheep_3,30.999975038471632,-7.00000823038448
2025-08-27 14:53:30,Sheep_4,30.99998384776217,-6.999961158031722
2025-08-27 14:53:30,Sheep_5,31.000002560938338,-6.9999456613337205
2025-08-27 14:53:30,Sheep_6,31.000011150400727,-6.999992377367645
2025-08-27 14:53:30,Sheep_7,31.000001225418302,-6.99998285488858
2025-08-27 14:53:30,Sheep_8,30.999953170512086,-6.999997316786505
2025-08-27 14:53:30,Sheep_9,30.999998112294904,-6.999977192836038
2025-08-27 14:53:30,Sheep_10,30.999994941566495,-7.000032657804933
2025-08-27 14:54:00,Sheep_1,31.0000001980958,-7.00003404450031
2025-08-27 14:54:00,Sheep_2,30.99994811546319,-6.999977139273156
2025-08-27 14:54:00,Sheep_3,31.000015605324453,-6.999985314663274
2025-08-27 14:54:00,Sheep_4,31.00003511305485,-7.000020908598997
2025-08-27 14:54:00,Sheep_5,30.999961432425184,-7.0000022017358
2025-08-27 14:54:00,Sheep_6,30.999990635097923,-7.000026481772732
2025-08-27 14:54:00,Sheep_7,30.999997848118394,-7.000019228862454
2025-08-27 14:54:00,Sheep_8,30.999632301568873,-6.999659824516434
2025-08-27 14:54:00,Sheep_9,30.999969375444664,-6.999992716985894
2025-08-27 14:54:00,Sheep_10,30.999982320299363,-6.999965050312528
2025-08-27 14:54:30,Sheep_1,31.000043223124344,-6.999978640253345
2025-08-27 14:54:30,Sheep_2,30.99995820087544,-6.999952676646021
2025-08-27 14:54:30,Sheep_3,31.000042464618677,-6.999999409226427
2025-08-27 14:54:30,Sheep_4,31.000035651980607,-7.000017344663325
2025-08-27 14:54:30,Sheep_5,30.999949705912645,-7.000023903338596
2025-08-27 14:54:30,Sheep_6,31.000046603508785,-7.00004687954465
2025-08-27 14:54:30,Sheep_7,30.999999987098867,-6.99999892651618
2025-08-27 14:54:30,Sheep_8,30.999321359090366,-6.999310451120321
2025-08-27 14:54:30,Sheep_9,31.00000194706614,-7.000017674380958
2025-08-27 14:54:30,Sheep_10,30.999961676468814,-6.999993239396889
2025-08-27 14:55:00,Sheep_1,31.000028926515878,-6.999972660644766
2025-08-27 14:55:00,Sheep_2,30.999978178167424,-7.000039338598822
2025-08-27 14:55:00,Sheep_3,30.99999234132549,-6.9999507086434996
2025-08-27 14:55:00,Sheep_4,31.000017398439066,-6.999977867354409
2025-08-27 14:55:00,Sheep_5,31.000023981053317,-6.9999867711015735
2025-08-27 14:55:00,Sheep_6,31.000003250320184,-6.999979177074789
2025-08-27 14:55:00,Sheep_7,30.999985281186554,-7.000044470709348
2025-08-27 14:55:00,Sheep_8,30.99900885247494,-6.998925789377619
2025-08-27 14:55:00,Sheep_9,30.99996986439258,-6.999974158793084
2025-08-27 14:55:00,Sheep_10,31.000045295518685,-7.000000070620571
2025-08-27 14:55:30,Sheep_1,30.99997795538489,-6.999996132293576
2025-08-27 14:55:30,Sheep_2,30.999985163475525,-7.000019389991286
2025-08-27 14:55:30,Sheep_3,31.000011674022655,-7.0000504212459305
2025-08-27 14:55:30,Sheep_4,30.99996108707539,-6.999999393494827
2025-08-27 14:55:30,Sheep_5,30.999999398799705,-6.9999891986459755
2025-08-27 14:55:30,Sheep_6,31.000050536077662,-6.999996714079277
2025-08-27 14:55:30,Sheep_7,31.000016120341815,-7.0000306707501645
2025-08-27 14:55:30,Sheep_8,30.998674947540263,-6.998613342969023
2025-08-27 14:55:30,Sheep_9,31.000001924743962,-7.0000034222001775
2025-08-27 14:55:30,Sheep_10,31.00002783796896,-7.000041185655711
2025-08-27 14:56:00,Sheep_1,30.999938468236582,-7.00000671032283
2025-08-27 14:56:00,Sheep_2,31.00001262660592,-6.9999952126516565
2025-08-27 14:56:00,Sheep_3,31.00003320708509,-6.999986249005514
2025-08-27 14:56:00,Sheep_4,30.999984804662276,-7.000073111196938
2025-08-27 14:56:00,Sheep_5,30.99999360459304,-6.999967680974587
2025-08-27 14:56:00,Sheep_6,30.99998943457287,-6.999999109611065
2025-08-27 14:56:00,Sheep_7,31.000011355378753,-7.000031920786698
2025-08-27 14:56:00,Sheep_8,30.998337635446116,-6.998218573206256
2025-08-27 14:56:00,Sheep_9,30.999995342795046,-7.000035497779252
2025-08-27 14:56:00,Sheep_10,30.999998205146596,-7.000069934624219
2025-08-27 14:56:30,Sheep_1,31.000009079319007,-6.999985780496038
2025-08-27 14:56:30,Sheep_2,31.00004515728424,-7.000006099195218
2025-08-27 14:56:30,Sheep_3,31.000011008408322,-7.000027078893232
2025-08-27 14:56:30,Sheep_4,30.999990394526037,-7.000047951821793
2025-08-27 14:56:30,Sheep_5,30.99999475054919,-7.000009598918118
2025-08-27 14:56:30,Sheep_6,31.0000080632348,-7.0000196058825095
2025-08-27 14:56:30,Sheep_7,31.000002246101804,-7.000010481467126
2025-08-27 14:56:30,Sheep_8,30.997985770108745,-6.997901780333553
2025-08-27 14:56:30,Sheep_9,31.00000109206636,-6.999976068692372
2025-08-27 14:56:30,Sheep_10,30.999996748750426,-7.000011000393465
2025-08-27 14:57:00,Sheep_1,30.999995127359547,-7.000022469035928
2025-08-27 14:57:00,Sheep_2,30.99999030063528,-6.999936140381161
2025-08-27 14:57:00,Sheep_3,30.999975403914103,-7.000008760953614
2025-08-27 14:57:00,Sheep_4,30.99998955743811,-7.000007771074138
2025-08-27 14:57:00,Sheep_5,30.999991073320817,-6.999991220692744
2025-08-27 14:57:00,Sheep_6,30.999953911917856,-6.999967391334572
2025-08-27 14:57:00,Sheep_7,31.00001704768594,-7.000039075875874
2025-08-27 14:57:00,Sheep_8,30.997616246801563,-6.997574521610837
2025-08-27 14:57:00,Sheep_9,30.99999346030018,-6.999918875636806
2025-08-27 14:57:00,Sheep_10,31.000014640414076,-7.000056830608692
2025-08-27 14:57:30,Sheep_1,30.99998141424259,-7.000001672998706
2025-08-27 14:57:30,Sheep_2,31.000006836603152,-7.0000413356969835
2025-08-27 14:57:30,Sheep_3,30.99999636210309,-7.000022562570565
2025-08-27 14:57:30,Sheep_4,30.999970254440463,-6.999991838314286
2025-08-27 14:57:30,Sheep_5,31.000020855475388,-6.9999735576668485
2025-08-27 14:57:30,Sheep_6,31.00001547933034,-7.000015637295403
2025-08-27 14:57:30,Sheep_7,31.000019256641075,-6.999990283330155
2025-08-27 14:57:30,Sheep_8,30.997324707630934,-6.997217440722419
2025-08-27 14:57:30,Sheep_9,30.99998660951867,-6.999997676995132
2025-08-27 14:57:30,Sheep_10,31.000065752994978,-6.999990528938072
2025-08-27 14:58:00,Sheep_1,30.999983528876154,-7.000026170319601
2025-08-27 14:58:00,Sheep_2,30.999986747216692,-6.999931545905908
2025-08-27 14:58:00,Sheep_3,30.9999892402988,-6.999971487995348
2025-08-27 14:58:00,Sheep_4,30.999989868983683,-6.999991788359449
2025-08-27 14:58:00,Sheep_5,31.00002133700882,-7.000017980622473
2025-08-27 14:58:00,Sheep_6,30.9999827224671,-6.999947845145872
2025-08-27 14:58:00,Sheep_7,31.000026534124007,-6.999975141266622
2025-08-27 14:58:00,Sheep_8,30.99700173323311,-6.996845564390857
2025-08-27 14:58:00,Sheep_9,31.000054377716847,-6.999998619523229
2025-08-27 14:58:00,Sheep_10,31.00001555683706,-7.000045616694546
2025-08-27 14:58:30,Sheep_1,30.99997776785789,-7.0000377537427925
2025-08-27 14:58:30,Sheep_2,31.000034335166642,-7.00008025184843
2025-08-27 14:58:30,Sheep_3,30.999989158012323,-7.000094122119227
2025-08-27 14:58:30,Sheep_4,30.999977597343815,-7.000015435432297
2025-08-27 14:58:30,Sheep_5,31.000037321355386,-6.999987530019759
2025-08-27 14:58:30,Sheep_6,30.999977547389776,-6.999966486106477
2025-08-27 14:58:30,Sheep_7,31.000000480567405,-6.999998818898168
2025-08-27 14:58:30,Sheep_8,30.996631269036303,-6.996526525229856
2025-08-27 14:58:30,Sheep_9,30.99997776417625,-6.999998539257826
2025-08-27 14:58:30,Sheep_10,31.00000209896857,-6.999951453735097
2025-08-27 14:59:00,Sheep_1,31.00001037698081,-7.000085125850612
2025-08-27 14:59:00,Sheep_2,31.000007078026982,-7.000045588506314
2025-08-27 14:59:00,Sheep_3,30.999973967725712,-7.000025534603752
2025-08-27 14:59:00,Sheep_4,30.999982123473135,-7.000043234689371
2025-08-27 14:59:00,Sheep_5,31.00000548370473,-7.000044355616133
2025-08-27 14:59:00,Sheep_6,31.00000961195492,-6.999929669641562
2025-08-27 14:59:00,Sheep_7,30.999964174657052,-7.000008945002413
2025-08-27 14:59:00,Sheep_8,30.996272827152584,-6.996162659603266
2025-08-27 14:59:00,Sheep_9,31.000017320800016,-6.999977343106504
2025-08-27 14:59:00,Sheep_10,31.000002084901105,-6.999972041562786
2025-08-27 14:59:30,Sheep_1,31.000068614477254,-6.999946165149985
2025-08-27 14:59:30,Sheep_2,30.9999859184083,-7.000045622701404
2025-08-27 14:59:30,Sheep_3,30.999989054489312,-7.000029773132976
2025-08-27 14:59:30,Sheep_4,31.00001216351638,-7.000037136718425
2025-08-27 14:59:30,Sheep_5,30.999998037483852,-6.999973652842705
2025-08-27 14:59:30,Sheep_6,30.999997286313164,-7.000029752101415
2025-08-27 14:59:30,Sheep_7,31.000031660457893,-7.000059075150634
2025-08-27 14:59:30,Sheep_8,30.995977562562455,-6.995807802649162
2025-08-27 14:59:30,Sheep_9,31.00000042872777,-6.999994325204983
2025-08-27 14:59:30,Sheep_10,31.000016450947353,-7.00000111320969
2025-08-27 15:00:00,Sheep_1,30.999990081073964,-7.000012814606769
2025-08-27 15:00:00,Sheep_2,30.99998352005564,-6.999975239642187
2025-08-27 15:00:00,Sheep_3,30.99998257648726,-6.99997337752096
2025-08-27 15:00:00,Sheep_4,31.000000512012637,-7.000016388248279
2025-08-27 15:00:00,Sheep_5,31.000016665663377,-7.000022871147418
2025-08-27 15:00:00,Sheep_6,31.000017198635664,-6.999993311891912
2025-08-27 15:00:00,Sheep_7,30.999983929446035,-6.999983379724295
2025-08-27 15:00:00,Sheep_8,30.99565855960501,-6.995433245303105
2025-08-27 15:00:00,Sheep_9,31.000026037019737,-6.999984554347473
2025-08-27 15:00:00,Sheep_10,30.99996961217343,-6.999923016438473
2025-08-27 15:00:30,Sheep_1,30.999962173476167,-6.999970155170988
2025-08-27 15:00:30,Sheep_2,31.00001162281217,-7.000036915029774
2025-08-27 15:00:30,Sheep_3,30.999996650172328,-7.000002475990313
2025-08-27 15:00:30,Sheep_4,31.000035184586306,-7.000022426490807
2025-08-27 15:00:30,Sheep_5,30.999992940756204,-7.000073446015615
2025-08-27 15:00:30,Sheep_6,31.00004675070409,-7.00003365551571
2025-08-27 15:00:30,Sheep_7,31.000008810030476,-7.000003188261612
2025-08-27 15:00:30,Sheep_8,30.995312266394702,-6.9950911096601756
2025-08-27 15:00:30,Sheep_9,31.00004503941233,-6.999992093040391
2025-08-27 15:00:30,Sheep_10,31.000017653917112,-6.999989659651883
2025-08-27 15:01:00,Sheep_1,31.00002742179547,-7.000014554088441
2025-08-27 15:01:00,Sheep_2,31.000028981060574,-6.999965085890293
2025-08-27 15:01:00,Sheep_3,31.000029173652766,-7.000020755045341
2025-08-27 15:01:00,Sheep_4,30.99999546341266,-6.999992471159182
2025-08-27 15:01:00,Sheep_5,30.99996305671816,-6.999949855717374
2025-08-27 15:01:00,Sheep_6,30.99999966915558,-6.999991073308765
2025-08-27 15:01:00,Sheep_7,30.999984450113914,-7.000041717023215
2025-08-27 15:01:00,Sheep_8,30.994968462616193,-6.994754067300056
2025-08-27 15:01:00,Sheep_9,31.000018148458842,-6.999994913274848
2025-08-27 15:01:00,Sheep_10,31.000009343981752,-7.000010596107378
2025-08-27 15:01:30,Sheep_1,31.00001337356898,-6.999953379742784
2025-08-27 15:01:30,Sheep_2,31.000018993606965,-6.999974548007457
2025-08-27 15:01:30,Sheep_3,31.000007923546512,-7.000047259187173
2025-08-27 15:01:30,Sheep_4,30.99997184693144,-6.999985698707313
2025-08-27 15:01:30,Sheep_5,30.999999705199823,-6.999986171342053
2025-08-27 15:01:30,Sheep_6,31.00004517849671,-6.999977173432152
2025-08-27 15:01:30,Sheep_7,31.0000339261464,-6.999997023217633
2025-08-27 15:01:30,Sheep_8,30.99463009978498,-6.994410452148118
2025-08-27 15:01:30,Sheep_9,30.99997831247358,-6.999951007215075
2025-08-27 15:01:30,Sheep_10,31.0000213005141,-6.999983635089951
2025-08-27 15:02:00,Sheep_1,31.000033307847705,-7.000063510562633
2025-08-27 15:02:00,Sheep_2,31.000015849926825,-7.000041206696296
2025-08-27 15:02:00,Sheep_3,30.999999804463748,-7.000009800085004
2025-08-27 15:02:00,Sheep_4,31.000017833361806,-6.999992825792882
2025-08-27 15:02:00,Sheep_5,31.00003625001366,-7.0000189236434505
2025-08-27 15:02:00,Sheep_6,31.000019110161418,-6.999994899702947
2025-08-27 15:02:00,Sheep_7,30.99995593001428,-7.000028881296436
2025-08-27 15:02:00,Sheep_8,30.99430719731015,-6.994036503082537
2025-08-27 15:02:00,Sheep_9,31.00001249702814,-7.000036706219523
2025-08-27 15:02:00,Sheep_10,30.999996218570928,-6.999936560176277
2025-08-27 15:02:30,Sheep_1,31.000002997394937,-7.000010291114291
2025-08-27 15:02:30,Sheep_2,31.000013252056434,-6.99997599892575
2025-08-27 15:02:30,Sheep_3,30.999987706566273,-6.99998419905184
2025-08-27 15:02:30,Sheep_4,30.999991136646695,-6.999977384344129
2025-08-27 15:02:30,Sheep_5,31.000004573117803,-6.999984846934152
2025-08-27 15:02:30,Sheep_6,30.999979540508097,-7.000025821239427
2025-08-27 15:02:30,Sheep_7,31.000025480523842,-7.000002496221797
2025-08-27 15:02:30,Sheep_8,30.99398029870042,-6.993716816229871
2025-08-27 15:02:30,Sheep_9,31.00002422008913,-7.000019109542451
2025-08-27 15:02:30,Sheep_10,30.999996345636724,-6.999975288390264
2025-08-27 15:03:00,Sheep_1,31.00003161069976,-7.000016466989248
2025-08-27 15:03:00,Sheep_2,31.000052812180613,-6.999990151682862
2025-08-27 15:03:00,Sheep_3,30.99997189377663,-6.999988397005609
2025-08-27 15:03:00,Sheep_4,30.99998967842577,-6.9999863528891355
2025-08-27 15:03:00,Sheep_5,30.999998845052612,-6.999997664835586
2025-08-27 15:03:00,Sheep_6,30.999975433164483,-6.999968872480317
2025-08-27 15:03:00,Sheep_7,30.999968843135992,-7.000034859562252
2025-08-27 15:03:00,Sheep_8,30.993647065430817,-6.993327376027857
2025-08-27 15:03:00,Sheep_9,30.99999049785042,-6.999977961434005
2025-08-27 15:03:00,Sheep_10,31.000028925804262,-6.999974386325744
2025-08-27 15:03:30,Sheep_1,30.999991613143482,-7.000034302502826
2025-08-27 15:03:30,Sheep_2,30.999940508060572,-7.000008263703867
2025-08-27 15:03:30,Sheep_3,31.00003174867145,-7.000035343772417
2025-08-27 15:03:30,Sheep_4,31.000018870189926,-7.0000298727903525
2025-08-27 15:03:30,Sheep_5,31.00000285858542,-6.999977747035519
2025-08-27 15:03:30,Sheep_6,30.999982227036377,-6.999994639962571
2025-08-27 15:03:30,Sheep_7,30.999988813564407,-6.999977830130017
2025-08-27 15:03:30,Sheep_8,30.993309980763662,-6.99301036469139
2025-08-27 15:03:30,Sheep_9,31.00004199649551,-6.999979177098504
2025-08-27 15:03:30,Sheep_10,30.99998139547612,-7.0000026995605715
2025-08-27 15:04:00,Sheep_1,30.999997954578195,-6.9999974747530755
2025-08-27 15:04:00,Sheep_2,31.000068033846837,-6.99998834041852
2025-08-27 15:04:00,Sheep_3,30.999945133779104,-7.000017065596705
2025-08-27 15:04:00,Sheep_4,30.999947923856787,-7.000010368855399
2025-08-27 15:04:00,Sheep_5,30.999946443310375,-7.000027402799647
2025-08-27 15:04:00,Sheep_6,30.999959017565676,-6.999987922006104
2025-08-27 15:04:00,Sheep_7,31.000000014535463,-6.999990474866708
2025-08-27 15:04:00,Sheep_8,30.992969162259346,-6.9926913510224065
2025-08-27 15:04:00,Sheep_9,31.000013839059537,-6.99993956527033
2025-08-27 15:04:00,Sheep_10,31.00001102800697,-7.000013391067075
2025-08-27 15:04:30,Sheep_1,30.999961514538914,-7.000028549620598
2025-08-27 15:04:30,Sheep_2,31.000012209117585,-6.999966261175102
2025-08-27 15:04:30,Sheep_3,31.000007030169996,-6.999974851547983
2025-08-27 15:04:30,Sheep_4,31.000019071458247,-6.999984074561503
2025-08-27 15:04:30,Sheep_5,30.999982254574327,-6.999994531845734
2025-08-27 15:04:30,Sheep_6,30.999977136782146,-6.999999452033815
2025-08-27 15:04:30,Sheep_7,31.000008916552222,-6.999947219046271
2025-08-27 15:04:30,Sheep_8,30.992612797365727,-6.992302611603053
2025-08-27 15:04:30,Sheep_9,31.000039918341493,-6.999976141830389
2025-08-27 15:04:30,Sheep_10,31.000022447325982,-6.999981522875497
2025-08-27 15:05:00,Sheep_1,31.000034989251432,-7.000034190307662
2025-08-27 15:05:00,Sheep_2,30.99996265019765,-7.000000199145342
2025-08-27 15:05:00,Sheep_3,30.99994175811794,-6.999961308502642
2025-08-27 15:05:00,Sheep_4,31.000032897463047,-7.000013624539084
2025-08-27 15:05:00,Sheep_5,30.99999000797889,-7.000002274604223
2025-08-27 15:05:00,Sheep_6,31.00000140192195,-6.999996001652676
2025-08-27 15:05:00,Sheep_7,31.000015043984195,-7.000005427371595
2025-08-27 15:05:00,Sheep_8,30.992318561574937,-6.991953934392062
2025-08-27 15:05:00,Sheep_9,30.999983642738613,-6.9999580240650205
2025-08-27 15:05:00,Sheep_10,30.999963395877124,-7.000002897692589
2025-08-27 15:05:30,Sheep_1,31.000026057781202,-7.000022733414467
2025-08-27 15:05:30,Sheep_2,31.000008342318903,-6.999982917406039
2025-08-27 15:05:30,Sheep_3,30.99997680945379,-7.000002278699108
2025-08-27 15:05:30,Sheep_4,30.99999578232581,-7.000017346635047
2025-08-27 15:05:30,Sheep_5,31.000062028607225,-7.000023992059582
2025-08-27 15:05:30,Sheep_6,31.0000270822034,-7.000012349661824
2025-08-27 15:05:30,Sheep_7,30.99997071587705,-6.9999967675207575
2025-08-27 15:05:30,Sheep_8,30.991978565360203,-6.991594565033108
2025-08-27 15:05:30,Sheep_9,31.000042102006216,-6.99990740147274
2025-08-27 15:05:30,Sheep_10,31.00000675119126,-7.000020847614321
2025-08-27 15:06:00,Sheep_1,31.00001220466206,-7.000008369733706
2025-08-27 15:06:00,Sheep_2,31.000024954171664,-7.000040782838389
2025-08-27 15:06:00,Sheep_3,31.00006382504157,-6.999973085852578
2025-08-27 15:06:00,Sheep_4,30.999954617211163,-7.000022291864814
2025-08-27 15:06:00,Sheep_5,31.00002199284165,-6.9999630157493025
2025-08-27 15:06:00,Sheep_6,30.999965714041668,-6.999977582471159
2025-08-27 15:06:00,Sheep_7,30.999947520484927,-7.000002808719122
2025-08-27 15:06:00,Sheep_8,30.991652170535634,-6.991275996132744
2025-08-27 15:06:00,Sheep_9,30.999959389445767,-6.999995403007601
2025-08-27 15:06:00,Sheep_10,30.99998370322853,-6.999980206688411
2025-08-27 15:06:30,Sheep_1,30.999976141041174,-7.000024291699589
2025-08-27 15:06:30,Sheep_2,30.999945535330916,-6.999994656939213
2025-08-27 15:06:30,Sheep_3,30.999995663718874,-7.000037362807554
2025-08-27 15:06:30,Sheep_4,31.00000522274651,-6.999967708915361
2025-08-27 15:06:30,Sheep_5,30.999994190587223,-6.999991568832563
2025-08-27 15:06:30,Sheep_6,31.000007365556492,-7.000037864123185
2025-08-27 15:06:30,Sheep_7,31.00005542362075,-7.000014803516086
2025-08-27 15:06:30,Sheep_8,30.99130926683399,-6.990898891070244
2025-08-27 15:06:30,Sheep_9,30.99999623800412,-6.999980922367728
2025-08-27 15:06:30,Sheep_10,31.00000662466462,-7.00004457058622
2025-08-27 15:07:00,Sheep_1,30.999991045471578,-7.000019258597023
2025-08-27 15:07:00,Sheep_2,30.999987556278082,-7.000040997852785
2025-08-27 15:07:00,Sheep_3,31.00003035663987,-6.999949633359694
2025-08-27 15:07:00,Sheep_4,31.000026356530075,-6.999960054568136
2025-08-27 15:07:00,Sheep_5,30.99999071232024,-7.000020003911414
2025-08-27 15:07:00,Sheep_6,30.999979017596655,-6.999979750602342
2025-08-27 15:07:00,Sheep_7,31.000006119198343,-7.00000242785019
2025-08-27 15:07:00,Sheep_8,30.99098603548202,-6.990557103704954
2025-08-27 15:07:00,Sheep_9,30.999977398734167,-7.000021407769867
2025-08-27 15:07:00,Sheep_10,31.00001837926606,-6.999967247924806
2025-08-27 15:07:30,Sheep_1,31.00001486741553,-6.999940361828133
2025-08-27 15:07:30,Sheep_2,31.000044062356245,-6.999986133835763
2025-08-27 15:07:30,Sheep_3,30.999977400808675,-7.00004118600021
2025-08-27 15:07:30,Sheep_4,30.999989560319484,-6.999976318973361
2025-08-27 15:07:30,Sheep_5,31.000049226924524,-6.99998687546752
2025-08-27 15:07:30,Sheep_6,31.000031496302395,-7.000007712466025
2025-08-27 15:07:30,Sheep_7,31.00001678321394,-6.999974113665781
2025-08-27 15:07:30,Sheep_8,30.99059248837075,-6.990224834404648
2025-08-27 15:07:30,Sheep_9,31.000025593794042,-6.999991370717027
2025-08-27 15:07:30,Sheep_10,30.999967754714834,-7.000076403034212
2025-08-27 15:08:00,Sheep_1,30.999990142452067,-7.000002250653793
2025-08-27 15:08:00,Sheep_2,30.99997617886409,-6.999995501410361
2025-08-27 15:08:00,Sheep_3,31.00001364678622,-6.999978913599017
2025-08-27 15:08:00,Sheep_4,30.99993650955107,-7.000041321116293
2025-08-27 15:08:00,Sheep_5,30.999991790622126,-6.999982010879887
2025-08-27 15:08:00,Sheep_6,31.000013184531447,-6.9999851644114175
2025-08-27 15:08:00,Sheep_7,30.999989667141342,-7.000010300793479
2025-08-27 15:08:00,Sheep_8,30.990280256527672,-6.989850644837332
2025-08-27 15:08:00,Sheep_9,30.999975193439067,-6.9999732748603805
2025-08-27 15:08:00,Sheep_10,31.000005601506597,-7.000001416198156
2025-08-27 15:08:30,Sheep_1,30.999982302091276,-7.000042618228707
2025-08-27 15:08:30,Sheep_2,30.999982546188743,-7.0000103754141465
2025-08-27 15:08:30,Sheep_3,30.999936156369614,-7.000006204845005
2025-08-27 15:08:30,Sheep_4,31.000024910816602,-6.999982166672153
2025-08-27 15:08:30,Sheep_5,30.999986627581503,-6.9999985243230345
2025-08-27 15:08:30,Sheep_6,30.999985011734566,-6.999995322963357
2025-08-27 15:08:30,Sheep_7,31.000041504882063,-6.9999695504029384
2025-08-27 15:08:30,Sheep_8,30.989967986211123,-6.989527654504028
2025-08-27 15:08:30,Sheep_9,31.00002021034117,-7.000053035402132
2025-08-27 15:08:30,Sheep_10,30.999993199241413,-6.999981648116151
2025-08-27 15:09:00,Sheep_1,31.000019953859525,-6.999978938835288
2025-08-27 15:09:00,Sheep_2,31.000007945491085,-7.000006153592273
2025-08-27 15:09:00,Sheep_3,31.000014498094767,-7.000029957945909
2025-08-27 15:09:00,Sheep_4,30.999977236509253,-6.99999805906211
2025-08-27 15:09:00,Sheep_5,31.00000466756134,-7.000057397331237
2025-08-27 15:09:00,Sheep_6,31.00001226589241,-6.9999757054240215
2025-08-27 15:09:00,Sheep_7,30.999997917214227,-6.99992534679303
2025-08-27 15:09:00,Sheep_8,30.989611647389616,-6.989175469478291
2025-08-27 15:09:00,Sheep_9,30.9999893532095,-7.0000023953380826
2025-08-27 15:09:00,Sheep_10,30.99999114108481,-7.000044230115834
2025-08-27 15:09:30,Sheep_1,30.999985270886736,-7.0000030691941415
2025-08-27 15:09:30,Sheep_2,31.000033109200917,-6.99993076148352
2025-08-27 15:09:30,Sheep_3,31.00003599013379,-7.000024377912456
2025-08-27 15:09:30,Sheep_4,30.99998124839353,-7.000005009289606
2025-08-27 15:09:30,Sheep_5,31.00004809267577,-7.000005200931296
2025-08-27 15:09:30,Sheep_6,30.99996422455559,-7.000015757006447
2025-08-27 15:09:30,Sheep_7,31.000020402155997,-6.999978308281465
2025-08-27 15:09:30,Sheep_8,30.989285607667135,-6.9888041541781964
2025-08-27 15:09:30,Sheep_9,30.999938739520232,-6.999996735609418
2025-08-27 15:09:30,Sheep_10,31.000023194899963,-7.00002618521682
2025-08-27 15:10:00,Sheep_1,30.999977461232398,-7.0000586811197225
2025-08-27 15:10:00,Sheep_2,31.0000428466294,-7.000022641637102
2025-08-27 15:10:00,Sheep_3,31.000006495956104,-6.999981012851516
2025-08-27 15:10:00,Sheep_4,31.00004074922608,-7.000004838545173
2025-08-27 15:10:00,Sheep_5,30.999985462725643,-6.999994558754075
2025-08-27 15:10:00,Sheep_6,31.00003460510986,-7.000005350223457
2025-08-27 15:10:00,Sheep_7,30.999974266913,-7.000048441417073
2025-08-27 15:10:00,Sheep_8,30.98893255035288,-6.98845093835923
2025-08-27 15:10:00,Sheep_9,30.9999913593835,-7.000019100454088
2025-08-27 15:10:00,Sheep_10,30.999980705159274,-6.99999732615862
2025-08-27 15:10:30,Sheep_1,30.9999935468444,-7.000008587273106
2025-08-27 15:10:30,Sheep_2,31.00003636338289,-6.999951644776504
2025-08-27 15:10:30,Sheep_3,30.999956610986178,-6.999989700486323
2025-08-27 15:10:30,Sheep_4,30.99997906408286,-7.000007805013663
2025-08-27 15:10:30,Sheep_5,31.000008334846886,-7.000006687913026
2025-08-27 15:10:30,Sheep_6,31.000006210740583,-6.9999788418204
2025-08-27 15:10:30,Sheep_7,31.000007938648956,-7.000020336529868
2025-08-27 15:10:30,Sheep_8,30.988608475764032,-6.9881498096742405
2025-08-27 15:10:30,Sheep_9,30.999976987415625,-6.999938312581424
2025-08-27 15:10:30,Sheep_10,30.999978656030162,-7.0000375198233415
2025-08-27 15:11:00,Sheep_1,31.000008621843204,-7.000003469867429
2025-08-27 15:11:00,Sheep_2,30.999994728892286,-6.999955699602516
2025-08-27 15:11:00,Sheep_3,31.000014798598873,-7.000016662974876
2025-08-27 15:11:00,Sheep_4,30.999988560656192,-7.00001580131725
2025-08-27 15:11:00,Sheep_5,31.00002357365132,-7.000009688159786
2025-08-27 15:11:00,Sheep_6,30.99995167570511,-7.000001519170436
2025-08-27 15:11:00,Sheep_7,30.999958578171007,-6.999931327801818
2025-08-27 15:11:00,Sheep_8,30.98826771834937,-6.987773603595962
2025-08-27 15:11:00,Sheep_9,31.00000695839206,-7.000009075410994
2025-08-27 15:11:00,Sheep_10,30.999992183873477,-6.999986737752429
2025-08-27 15:11:30,Sheep_1,31.000041130505537,-6.9999758695186625
2025-08-27 15:11:30,Sheep_2,31.000039844966185,-7.0000329056990385
2025-08-27 15:11:30,Sheep_3,31.000008552712,-6.999995119064971
2025-08-27 15:11:30,Sheep_4,31.00000946167692,-6.999956731274364
2025-08-27 15:11:30,Sheep_5,30.999994049879184,-7.000012749023629
2025-08-27 15:11:30,Sheep_6,31.000014390427527,-7.000055906684037
2025-08-27 15:11:30,Sheep_7,30.999993616994722,-7.000004219174618
2025-08-27 15:11:30,Sheep_8,30.987933820036478,-6.987398632412646
2025-08-27 15:11:30,Sheep_9,30.999971373329572,-7.000004271847898
2025-08-27 15:11:30,Sheep_10,31.000007900392347,-6.999957447490304
2025-08-27 15:12:00,Sheep_1,30.9999997155111,-6.999970567336117
2025-08-27 15:12:00,Sheep_2,31.000018880580235,-6.999996118495109
2025-08-27 15:12:00,Sheep_3,30.999970638337903,-7.000045103214427
2025-08-27 15:12:00,Sheep_4,31.00000287024977,-7.00001706238675
2025-08-27 15:12:00,Sheep_5,31.000024773475342,-6.999976550275147
2025-08-27 15:12:00,Sheep_6,30.99999502485642,-7.000036398488002
2025-08-27 15:12:00,Sheep_7,31.00001376398355,-7.000032004325024
2025-08-27 15:12:00,Sheep_8,30.987602016322864,-6.987091894370579
2025-08-27 15:12:00,Sheep_9,30.99999626748953,-6.999963209159412
2025-08-27 15:12:00,Sheep_10,30.9999998641519,-7.000013934793268
2025-08-27 15:12:30,Sheep_1,30.99995888569179,-6.999982641206073
2025-08-27 15:12:30,Sheep_2,30.999978968614645,-6.999996305246696
2025-08-27 15:12:30,Sheep_3,30.99999045404377,-6.999973647712796
2025-08-27 15:12:30,Sheep_4,30.999995762583758,-7.000001852644264
2025-08-27 15:12:30,Sheep_5,31.000013090562724,-6.999933757812184
2025-08-27 15:12:30,Sheep_6,31.000023943054178,-7.000002785775499
2025-08-27 15:12:30,Sheep_7,31.00000008618372,-7.000016501578564
2025-08-27 15:12:30,Sheep_8,30.987263862870225,-6.986733528929359
2025-08-27 15:12:30,Sheep_9,30.999979191098713,-6.999979458101584
2025-08-27 15:12:30,Sheep_10,30.999971132010657,-6.999958083867236
2025-08-27 15:13:00,Sheep_1,31.000020267150116,-6.999999355425741
2025-08-27 15:13:00,Sheep_2,31.00000000858637,-7.000017520921329
2025-08-27 15:13:00,Sheep_3,31.000007278595348,-6.999965790378903
2025-08-27 15:13:00,Sheep_4,30.999981050400766,-7.000048209838896
2025-08-27 15:13:00,Sheep_5,31.000018951264504,-6.999989801935542
2025-08-27 15:13:00,Sheep_6,30.999969811386954,-7.000023057820694
2025-08-27 15:13:00,Sheep_7,30.999976847710904,-7.000022779290579
2025-08-27 15:13:00,Sheep_8,30.986940402998798,-6.986378107560005
2025-08-27 15:13:00,Sheep_9,30.99998246154361,-7.000023836666342
2025-08-27 15:13:00,Sheep_10,30.999993834414017,-6.99999472777906
2025-08-27 15:13:30,Sheep_1,30.999991476018604,-6.999963571515118
2025-08-27 15:13:30,Sheep_2,31.00001369262615,-7.000050016185046
2025-08-27 15:13:30,Sheep_3,31.000014114115128,-6.999980961700497
2025-08-27 15:13:30,Sheep_4,30.999988284181597,-7.000047009003974
2025-08-27 15:13:30,Sheep_5,31.000000217393804,-7.0000002423599605
2025-08-27 15:13:30,Sheep_6,30.99996977237954,-7.000045626324228
2025-08-27 15:13:30,Sheep_7,30.999997640490125,-7.000007327945644
2025-08-27 15:13:30,Sheep_8,30.98660400932283,-6.986024846472777
2025-08-27 15:13:30,Sheep_9,30.999970280909796,-7.000013670757692
2025-08-27 15:13:30,Sheep_10,31.000014372755047,-7.000011003057414
2025-08-27 15:14:00,Sheep_1,30.99995494145333,-7.0000148614426285
2025-08-27 15:14:00,Sheep_2,30.999971159940795,-6.9999916012362995
2025-08-27 15:14:00,Sheep_3,31.000008592456073,-7.000052151865147
2025-08-27 15:14:00,Sheep_4,31.000020454895004,-7.000034967131234
2025-08-27 15:14:00,Sheep_5,31.000042018926262,-7.00000153352549
2025-08-27 15:14:00,Sheep_6,30.999966410523754,-7.000035904035822
2025-08-27 15:14:00,Sheep_7,31.000009380936717,-7.0000123024664
2025-08-27 15:14:00,Sheep_8,30.9866097694999,-6.985989294316279
2025-08-27 15:14:00,Sheep_9,30.999981155837293,-6.999998114768082
2025-08-27 15:14:00,Sheep_10,31.000038263865093,-6.9999914950578095
2025-08-27 15:14:30,Sheep_1,30.999956703124273,-6.999984110572233
2025-08-27 15:14:30,Sheep_2,30.99996865784609,-6.9999557699789845
2025-08-27 15:14:30,Sheep_3,30.999977824265045,-6.999906638637305
2025-08-27 15:14:30,Sheep_4,31.000039544807446,-7.000025045494835
2025-08-27 15:14:30,Sheep_5,31.00000053935874,-6.999976305427904
2025-08-27 15:14:30,Sheep_6,31.000021119128842,-6.999986092950404
2025-08-27 15:14:30,Sheep_7,31.000033744853674,-7.00000386614301
2025-08-27 15:14:30,Sheep_8,30.986604917474047,-6.9860303684520035
2025-08-27 15:14:30,Sheep_9,31.000023132587998,-6.999988518710088
2025-08-27 15:14:30,Sheep_10,31.00000784990116,-6.99997499783955
2025-08-27 15:15:00,Sheep_1,30.999944725501045,-6.999990251437872
2025-08-27 15:15:00,Sheep_2,31.00000589028626,-6.999947532683044
2025-08-27 15:15:00,Sheep_3,30.999958805570007,-6.999951042060788
2025-08-27 15:15:00,Sheep_4,31.000002032225897,-6.999984626171829
2025-08-27 15:15:00,Sheep_5,31.00004516489726,-6.999982369668799
2025-08-27 15:15:00,Sheep_6,31.000010789659257,-6.999992382366442
2025-08-27 15:15:00,Sheep_7,30.999986970585653,-7.0000008956979185
2025-08-27 15:15:00,Sheep_8,30.986598650943368,-6.98602403230613
2025-08-27 15:15:00,Sheep_9,30.999937048220524,-6.99998651099834
2025-08-27 15:15:00,Sheep_10,30.999996719261937,-7.000010570243643
2025-08-27 15:15:30,Sheep_1,31.000005922334278,-7.000045071241904
2025-08-27 15:15:30,Sheep_2,31.000051992543927,-7.000003231008428
2025-08-27 15:15:30,Sheep_3,30.999996069589482,-7.000030352051571
2025-08-27 15:15:30,Sheep_4,31.00000064533909,-6.999956393988629
2025-08-27 15:15:30,Sheep_5,31.00002791725322,-6.999973136481773
2025-08-27 15:15:30,Sheep_6,31.00001472508853,-7.000011272575107
2025-08-27 15:15:30,Sheep_7,30.999960919066645,-7.000006320657889
2025-08-27 15:15:30,Sheep_8,30.986607268286193,-6.986001115456446
2025-08-27 15:15:30,Sheep_9,31.000008337866756,-6.999949308934374
2025-08-27 15:15:30,Sheep_10,31.000032271520123,-7.000014352219468
2025-08-27 15:16:00,Sheep_1,30.999951622461463,-6.999956437522217
2025-08-27 15:16:00,Sheep_2,31.000036634528115,-7.000042953684952
2025-08-27 15:16:00,Sheep_3,31.000040673015267,-6.999987986238245
2025-08-27 15:16:00,Sheep_4,31.000004330367357,-6.999949231223311
2025-08-27 15:16:00,Sheep_5,31.00003623837154,-6.999979522158429
2025-08-27 15:16:00,Sheep_6,31.000012752885354,-6.999980620566874
2025-08-27 15:16:00,Sheep_7,30.999989218718095,-7.000001732389278
2025-08-27 15:16:00,Sheep_8,30.986930007123835,-6.986379501241965
2025-08-27 15:16:00,Sheep_9,30.99999011946069,-7.000019973997349
2025-08-27 15:16:00,Sheep_10,31.000003685227345,-7.000010185956175
2025-08-27 15:16:30,Sheep_1,31.000013534891853,-7.000051005751216
2025-08-27 15:16:30,Sheep_2,30.99999694516365,-6.999995864017151
2025-08-27 15:16:30,Sheep_3,30.99999162874848,-7.0000054200255395
2025-08-27 15:16:30,Sheep_4,30.999957278673804,-6.999988792361777
2025-08-27 15:16:30,Sheep_5,31.000017452550733,-6.999984483190167
2025-08-27 15:16:30,Sheep_6,31.00002799300376,-6.9999936639102955
2025-08-27 15:16:30,Sheep_7,31.000012900139616,-6.999995092508036
2025-08-27 15:16:30,Sheep_8,30.987293283395257,-6.986755002002303
2025-08-27 15:16:30,Sheep_9,30.99997591858692,-6.999950107883455
2025-08-27 15:16:30,Sheep_10,30.99993369289017,-7.000004407193348
2025-08-27 15:17:00,Sheep_1,31.00003159203089,-7.000002932114815
2025-08-27 15:17:00,Sheep_2,30.999989085220857,-6.9999959309831885
2025-08-27 15:17:00,Sheep_3,30.999990483645885,-6.999999030092116
2025-08-27 15:17:00,Sheep_4,30.999981583335344,-6.999965143282296
2025-08-27 15:17:00,Sheep_5,31.000038356043508,-7.000004193790998
2025-08-27 15:17:00,Sheep_6,30.999962635031782,-7.000016469626412
2025-08-27 15:17:00,Sheep_7,30.999995041627916,-6.999984105860473
2025-08-27 15:17:00,Sheep_8,30.98759753286436,-6.987087487459671
2025-08-27 15:17:00,Sheep_9,31.000013762382444,-6.999970480711451
2025-08-27 15:17:00,Sheep_10,30.999983248453688,-7.00004191633689
2025-08-27 15:17:30,Sheep_1,31.000088504802406,-6.999975372919066
2025-08-27 15:17:30,Sheep_2,30.99999280442611,-6.999972677661447
2025-08-27 15:17:30,Sheep_3,30.999996645976562,-6.999972736592146
2025-08-27 15:17:30,Sheep_4,31.000004295540723,-6.99999713041202
2025-08-27 15:17:30,Sheep_5,30.999996939044156,-7.000045505661214
2025-08-27 15:17:30,Sheep_6,31.00005223036919,-7.000029601821308
2025-08-27 15:17:30,Sheep_7,30.999963348268693,-7.00000669231355
2025-08-27 15:17:30,Sheep_8,30.987933081387588,-6.987421872265574
2025-08-27 15:17:30,Sheep_9,31.000018534778526,-6.999968707682247
2025-08-27 15:17:30,Sheep_10,31.000021956451356,-7.0000096090701325
2025-08-27 15:18:00,Sheep_1,31.000001336466788,-6.999987176284868
2025-08-27 15:18:00,Sheep_2,30.999952628797413,-6.999982060820146
2025-08-27 15:18:00,Sheep_3,30.99996072675294,-6.99993585151408
2025-08-27 15:18:00,Sheep_4,30.99998909858737,-7.00000581247456
2025-08-27 15:18:00,Sheep_5,30.999979256905338,-7.000019806254358
2025-08-27 15:18:00,Sheep_6,31.000061285309982,-6.999970434782129
2025-08-27 15:18:00,Sheep_7,30.999958250023937,-6.999952707554623
2025-08-27 15:18:00,Sheep_8,30.988306505812343,-6.987776105123255
2025-08-27 15:18:00,Sheep_9,31.000008265278712,-7.000000469841775
2025-08-27 15:18:00,Sheep_10,31.00005315971715,-7.00002503535919
2025-08-27 15:18:30,Sheep_1,31.000003934888873,-7.0000134608868665
2025-08-27 15:18:30,Sheep_2,30.99996138051371,-6.9999310949052385
2025-08-27 15:18:30,Sheep_3,30.99996815756614,-6.999993079139548
2025-08-27 15:18:30,Sheep_4,30.999953089275788,-7.000012546775573
2025-08-27 15:18:30,Sheep_5,31.000011371779234,-7.000025929631809
2025-08-27 15:18:30,Sheep_6,31.000015813919802,-7.000008458650458
2025-08-27 15:18:30,Sheep_7,31.000031263452545,-6.999957186244327
2025-08-27 15:18:30,Sheep_8,30.988609238517288,-6.988118025136015
2025-08-27 15:18:30,Sheep_9,31.00000494396945,-6.9999805276615366
2025-08-27 15:18:30,Sheep_10,31.00000038758524,-6.999994019768478
2025-08-27 15:19:00,Sheep_1,30.999993440357308,-6.999996376859213
2025-08-27 15:19:00,Sheep_2,31.00003497862541,-6.9999796871464275
2025-08-27 15:19:00,Sheep_3,31.000018898373323,-6.9999772666729605
2025-08-27 15:19:00,Sheep_4,30.99999585495568,-6.999989976079492
2025-08-27 15:19:00,Sheep_5,30.99997075529074,-6.99996010869422
2025-08-27 15:19:00,Sheep_6,30.999925001066323,-7.0000027399449785
2025-08-27 15:19:00,Sheep_7,31.000030746388173,-7.00004288000038
2025-08-27 15:19:00,Sheep_8,30.988961674990005,-6.988483324864106
2025-08-27 15:19:00,Sheep_9,30.999990060997167,-6.999970259621367
2025-08-27 15:19:00,Sheep_10,31.000005337502493,-7.000063960137369
2025-08-27 15:19:30,Sheep_1,30.999973685980784,-6.999969335449825
2025-08-27 15:19:30,Sheep_2,31.00001209870782,-6.999945038627153
2025-08-27 15:19:30,Sheep_3,31.000045346234117,-7.000010760185021
2025-08-27 15:19:30,Sheep_4,31.000067460594817,-6.999999230359314
2025-08-27 15:19:30,Sheep_5,30.99997405672293,-7.000019921633921
2025-08-27 15:19:30,Sheep_6,30.99993918275857,-6.999949475331163
2025-08-27 15:19:30,Sheep_7,31.000042977775486,-7.000031927548327
2025-08-27 15:19:30,Sheep_8,30.989285110584458,-6.988816474613488
2025-08-27 15:19:30,Sheep_9,30.99997411912364,-7.000055180398272
2025-08-27 15:19:30,Sheep_10,30.999994331002412,-7.000010094735508
2025-08-27 15:20:00,Sheep_1,30.999989532575253,-6.999992997808209
2025-08-27 15:20:00,Sheep_2,31.000038524604523,-7.00000952923345
2025-08-27 15:20:00,Sheep_3,31.000004593325514,-6.999977147194706
2025-08-27 15:20:00,Sheep_4,31.000014933783504,-7.000019317472251
2025-08-27 15:20:00,Sheep_5,31.0000025972994,-6.999982785351047
2025-08-27 15:20:00,Sheep_6,30.999969591681527,-6.999960274340406
2025-08-27 15:20:00,Sheep_7,31.000038580369345,-7.000022724207281
2025-08-27 15:20:00,Sheep_8,30.989627396673207,-6.989154438942743
2025-08-27 15:20:00,Sheep_9,30.999985296061183,-6.999984858063324
2025-08-27 15:20:00,Sheep_10,31.000004399630605,-7.0000461513394825
2025-08-27 15:20:30,Sheep_1,31.00001237409224,-7.000034588471555
2025-08-27 15:20:30,Sheep_2,31.000025310892518,-7.000021102872534
2025-08-27 15:20:30,Sheep_3,30.999995653464776,-6.999956855558461
2025-08-27 15:20:30,Sheep_4,31.000013377155405,-7.000033938654132
2025-08-27 15:20:30,Sheep_5,30.999972648673083,-7.0000188420764
2025-08-27 15:20:30,Sheep_6,31.000010635395707,-6.999988735055776
2025-08-27 15:20:30,Sheep_7,30.99997727895334,-7.000036697059849
2025-08-27 15:20:30,Sheep_8,30.989963688494623,-6.9895211354243765
2025-08-27 15:20:30,Sheep_9,31.000058135534157,-6.999998849181238
2025-08-27 15:20:30,Sheep_10,31.00004889290768,-7.000036796853928
2025-08-27 15:21:00,Sheep_1,30.99995760295707,-7.0000352154704455
2025-08-27 15:21:00,Sheep_2,31.000032046257136,-6.999944788175617
2025-08-27 15:21:00,Sheep_3,30.99997892078367,-7.0000144801934585
2025-08-27 15:21:00,Sheep_4,30.999968496741552,-7.000056957946893
2025-08-27 15:21:00,Sheep_5,31.00001936071769,-6.9999929882428935
2025-08-27 15:21:00,Sheep_6,31.000000282644162,-7.000044017769877
2025-08-27 15:21:00,Sheep_7,31.000044195742415,-7.000015825533094
2025-08-27 15:21:00,Sheep_8,30.990302929105702,-6.9898972337852125
2025-08-27 15:21:00,Sheep_9,30.999994865472793,-6.999990839188688
2025-08-27 15:21:00,Sheep_10,31.000008814459704,-6.999995137850646
2025-08-27 15:21:30,Sheep_1,31.000013327052425,-7.00003554355696
2025-08-27 15:21:30,Sheep_2,31.000005319060513,-6.999996423459053
2025-08-27 15:21:30,Sheep_3,31.000006243424835,-6.999997725466763
2025-08-27 15:21:30,Sheep_4,30.99996568776211,-7.000041431617005
2025-08-27 15:21:30,Sheep_5,30.999940326944326,-6.999974296719478
2025-08-27 15:21:30,Sheep_6,31.0000223048197,-6.9999734787834536
2025-08-27 15:21:30,Sheep_7,31.00000826778555,-7.000067065256547
2025-08-27 15:21:30,Sheep_8,30.990609608093784,-6.9902125968223245
2025-08-27 15:21:30,Sheep_9,31.00000365212009,-7.0000070032026045
2025-08-27 15:21:30,Sheep_10,31.00000994207338,-6.999999633670374
2025-08-27 15:22:00,Sheep_1,31.000003254683765,-7.000020092210572
2025-08-27 15:22:00,Sheep_2,31.000026464543282,-7.0000135434570225
2025-08-27 15:22:00,Sheep_3,30.999964139891762,-7.000024240204749
2025-08-27 15:22:00,Sheep_4,30.999990609067787,-6.999968748557766
2025-08-27 15:22:00,Sheep_5,30.99999886090554,-7.000005852498987
2025-08-27 15:22:00,Sheep_6,30.999966349350753,-6.999975304431668
2025-08-27 15:22:00,Sheep_7,30.999982430322834,-7.000003144875339
2025-08-27 15:22:00,Sheep_8,30.99098935985379,-6.990554927596689
2025-08-27 15:22:00,Sheep_9,30.999956119635797,-7.000055633392161
2025-08-27 15:22:00,Sheep_10,30.99999826687612,-7.000038128558304
2025-08-27 15:22:30,Sheep_1,31.00001747790373,-6.999998671249468
2025-08-27 15:22:30,Sheep_2,31.000004457009585,-7.000022220001768
2025-08-27 15:22:30,Sheep_3,31.000046929131926,-6.999910628868726
2025-08-27 15:22:30,Sheep_4,30.999992492326886,-6.999988900447959
2025-08-27 15:22:30,Sheep_5,31.000002625332638,-7.0000081645535674
2025-08-27 15:22:30,Sheep_6,30.999977576254015,-7.000034111387597
2025-08-27 15:22:30,Sheep_7,30.999969396408584,-6.9999872592558114
2025-08-27 15:22:30,Sheep_8,30.991288142315845,-6.990969054828398
2025-08-27 15:22:30,Sheep_9,31.000011988633325,-7.000001202934512
2025-08-27 15:22:30,Sheep_10,31.000036291942187,-6.999988269033874
2025-08-27 15:23:00,Sheep_1,30.999960150729528,-7.000070101021399
2025-08-27 15:23:00,Sheep_2,30.999980610697513,-7.00001965337389
2025-08-27 15:23:00,Sheep_3,31.000025417513502,-7.000000278902062
2025-08-27 15:23:00,Sheep_4,31.000030552151404,-7.000041652744031
2025-08-27 15:23:00,Sheep_5,31.000026013233498,-6.999977332104956
2025-08-27 15:23:00,Sheep_6,30.99994560993232,-6.999958416902299
2025-08-27 15:23:00,Sheep_7,31.000002518644227,-6.9999876741229405
2025-08-27 15:23:00,Sheep_8,30.991616652336667,-6.9912377071923055
2025-08-27 15:23:00,Sheep_9,30.999968042068023,-6.999973839031489
2025-08-27 15:23:00,Sheep_10,31.000022114825978,-7.000030627818618
2025-08-27 15:23:30,Sheep_1,31.000053450600056,-6.999992720745848
2025-08-27 15:23:30,Sheep_2,31.00001762197117,-7.00004801266946
2025-08-27 15:23:30,Sheep_3,31.00005707141582,-7.000038500063509
2025-08-27 15:23:30,Sheep_4,31.00002762000807,-7.000031275617375
2025-08-27 15:23:30,Sheep_5,30.999983318663237,-6.999975201577171
2025-08-27 15:23:30,Sheep_6,31.000027691862567,-7.000039969169845
2025-08-27 15:23:30,Sheep_7,31.000029387500064,-6.999967145818943
2025-08-27 15:23:30,Sheep_8,30.99195005212281,-6.99158035126271
2025-08-27 15:23:30,Sheep_9,30.999960738655364,-7.000019642846588
2025-08-27 15:23:30,Sheep_10,31.0000129088023,-7.000026836119327
2025-08-27 15:24:00,Sheep_1,31.000007109748985,-6.9999924205693995
2025-08-27 15:24:00,Sheep_2,30.999994958472783,-6.999973829331616
2025-08-27 15:24:00,Sheep_3,30.999993845828442,-6.999992720350062
2025-08-27 15:24:00,Sheep_4,31.00003089665498,-6.999975140829878
2025-08-27 15:24:00,Sheep_5,31.000021182643483,-7.000036130200414
2025-08-27 15:24:00,Sheep_6,31.000014142811054,-7.000027619997187
2025-08-27 15:24:00,Sheep_7,30.999965466718116,-7.000002254447136
2025-08-27 15:24:00,Sheep_8,30.99228536918381,-6.99194671011134
2025-08-27 15:24:00,Sheep_9,31.000021951189176,-7.0000598185584755
2025-08-27 15:24:00,Sheep_10,30.999977677797173,-7.000045895684988
2025-08-27 15:24:30,Sheep_1,30.99998753244853,-6.999985689279427
2025-08-27 15:24:30,Sheep_2,30.999993470496815,-7.000018542027304
2025-08-27 15:24:30,Sheep_3,31.000035038893106,-7.000072464696911
2025-08-27 15:24:30,Sheep_4,31.00003333287532,-7.000017112420962
2025-08-27 15:24:30,Sheep_5,30.9999978950141,-7.000016580300456
2025-08-27 15:24:30,Sheep_6,31.00004157980881,-7.000038701957212
2025-08-27 15:24:30,Sheep_7,31.000000316287363,-6.999983417331668
2025-08-27 15:24:30,Sheep_8,30.992607384667316,-6.9923319850635455
2025-08-27 15:24:30,Sheep_9,30.999996006687024,-7.000027876743845
2025-08-27 15:24:30,Sheep_10,30.99997802034393,-7.000010999680216
2025-08-27 15:25:00,Sheep_1,31.000017505785078,-7.000010775045032
2025-08-27 15:25:00,Sheep_2,31.000029062869057,-7.000031369499234
2025-08-27 15:25:00,Sheep_3,30.999966261527295,-6.999939435710972
2025-08-27 15:25:00,Sheep_4,30.999982268465835,-7.0000412150663385
2025-08-27 15:25:00,Sheep_5,30.9999530528043,-6.999966198753287
2025-08-27 15:25:00,Sheep_6,30.99999080207021,-7.000007976632684
2025-08-27 15:25:00,Sheep_7,30.999995709619704,-6.999968153081242
2025-08-27 15:25:00,Sheep_8,30.99296781517984,-6.992612995187978
2025-08-27 15:25:00,Sheep_9,31.000003604758554,-6.9999666174927295
2025-08-27 15:25:00,Sheep_10,31.000021700678886,-7.00000114590355
2025-08-27 15:25:30,Sheep_1,30.999984181522116,-6.9999895630559
2025-08-27 15:25:30,Sheep_2,31.00001374682172,-7.000018002102224
2025-08-27 15:25:30,Sheep_3,31.000004482721863,-6.999961133722239
2025-08-27 15:25:30,Sheep_4,31.00005578371557,-6.999973138633237
2025-08-27 15:25:30,Sheep_5,31.000050200135277,-7.000019787521761
2025-08-27 15:25:30,Sheep_6,31.000018915260117,-6.999957916953965
2025-08-27 15:25:30,Sheep_7,30.999975844412514,-7.000015266950469
2025-08-27 15:25:30,Sheep_8,30.993336976588193,-6.993031987160505
2025-08-27 15:25:30,Sheep_9,30.999963857437137,-6.999951960267675
2025-08-27 15:25:30,Sheep_10,31.000032251973366,-6.99998641414189
2025-08-27 15:26:00,Sheep_1,30.999998768125547,-7.00001378720806
2025-08-27 15:26:00,Sheep_2,31.000007598334722,-6.999950330877893
2025-08-27 15:26:00,Sheep_3,31.000006429198514,-6.99993187081248
2025-08-27 15:26:00,Sheep_4,30.999975801060394,-7.000000618762808
2025-08-27 15:26:00,Sheep_5,30.999989946316898,-7.000034116844187
2025-08-27 15:26:00,Sheep_6,30.99999587449516,-6.999986879169036
2025-08-27 15:26:00,Sheep_7,31.000014127654868,-6.999931760995356
2025-08-27 15:26:00,Sheep_8,30.993648810079048,-6.993336864774223
2025-08-27 15:26:00,Sheep_9,31.000001781196,-6.999947241941093
2025-08-27 15:26:00,Sheep_10,31.000064636613878,-6.999983302686385
2025-08-27 15:26:30,Sheep_1,30.999973248499405,-7.000017254426917
2025-08-27 15:26:30,Sheep_2,31.000007597942055,-6.999985647704267
2025-08-27 15:26:30,Sheep_3,31.000018822093093,-6.999985531387417
2025-08-27 15:26:30,Sheep_4,31.00000018823885,-7.000020002075515
2025-08-27 15:26:30,Sheep_5,31.000010810409485,-6.999941679207618
2025-08-27 15:26:30,Sheep_6,31.00002748639792,-6.999983188910745
2025-08-27 15:26:30,Sheep_7,31.00002774614419,-7.000011666251041
2025-08-27 15:26:30,Sheep_8,30.993966046097327,-6.993726067755899
2025-08-27 15:26:30,Sheep_9,30.9999966236088,-7.000013267863086
2025-08-27 15:26:30,Sheep_10,31.00003256220106,-7.000014944165654
2025-08-27 15:27:00,Sheep_1,30.999978367183356,-6.9999389253841136
2025-08-27 15:27:00,Sheep_2,30.999987835737574,-6.999995173066143
2025-08-27 15:27:00,Sheep_3,31.00001216285011,-7.0000357376254465
2025-08-27 15:27:00,Sheep_4,31.0000332954663,-6.999979968980851
2025-08-27 15:27:00,Sheep_5,31.000041997413184,-7.0000213547339944
2025-08-27 15:27:00,Sheep_6,31.00000267137421,-6.999998762655278
2025-08-27 15:27:00,Sheep_7,31.000007111619503,-7.000045733079746
2025-08-27 15:27:00,Sheep_8,30.99431188136355,-6.994089715406621
2025-08-27 15:27:00,Sheep_9,31.000009656865018,-7.000066924716842
2025-08-27 15:27:00,Sheep_10,30.99995010096566,-6.9999742648328285
2025-08-27 15:27:30,Sheep_1,30.999985263067142,-7.0000310582524365
2025-08-27 15:27:30,Sheep_2,31.000034248444692,-6.999989699433518
2025-08-27 15:27:30,Sheep_3,31.000023502251047,-7.000005226649845
2025-08-27 15:27:30,Sheep_4,31.000072214212018,-7.000019005912472
2025-08-27 15:27:30,Sheep_5,31.000047012995402,-7.000001929347965
2025-08-27 15:27:30,Sheep_6,30.99995541204469,-6.9999848192380725
2025-08-27 15:27:30,Sheep_7,31.000008482641793,-7.0000330535520945
2025-08-27 15:27:30,Sheep_8,30.99462803360461,-6.994409756936141
2025-08-27 15:27:30,Sheep_9,31.000009425471127,-7.000077677640112
2025-08-27 15:27:30,Sheep_10,31.000028380923084,-7.000015547013595
2025-08-27 15:28:00,Sheep_1,30.999964110290573,-6.999970412872766
2025-08-27 15:28:00,Sheep_2,30.999999363511154,-6.999961763754624
2025-08-27 15:28:00,Sheep_3,31.00001180252236,-7.0000000476159645
2025-08-27 15:28:00,Sheep_4,30.99999588402951,-6.999984823513446
2025-08-27 15:28:00,Sheep_5,30.99998885560747,-7.000026804877531
2025-08-27 15:28:00,Sheep_6,31.000016436645417,-7.000004542696946
2025-08-27 15:28:00,Sheep_7,31.0000009046258,-6.999965749903905
2025-08-27 15:28:00,Sheep_8,30.99497726881953,-6.9947583467080054
2025-08-27 15:28:00,Sheep_9,30.999983839844283,-6.99998645753883
2025-08-27 15:28:00,Sheep_10,31.0000094276297,-6.999971679634779
2025-08-27 15:28:30,Sheep_1,30.999984392862817,-7.000014393763022
2025-08-27 15:28:30,Sheep_2,31.000021347576332,-6.999992070424552
2025-08-27 15:28:30,Sheep_3,30.999975578023907,-6.9999589219472504
2025-08-27 15:28:30,Sheep_4,30.999954227886228,-6.999975342091643
2025-08-27 15:28:30,Sheep_5,30.99996590337668,-6.999940710819347
2025-08-27 15:28:30,Sheep_6,30.999958374064132,-6.999963773245802
2025-08-27 15:28:30,Sheep_7,30.999997800008263,-7.000011525982792
2025-08-27 15:28:30,Sheep_8,30.99531735797974,-6.995094839735621
2025-08-27 15:28:30,Sheep_9,30.99997562700766,-7.000025648361621
2025-08-27 15:28:30,Sheep_10,31.00001750641929,-7.000053678853132
2025-08-27 15:29:00,Sheep_1,30.999984255414304,-6.999904400818778
2025-08-27 15:29:00,Sheep_2,30.99997391269409,-6.9999639130865
2025-08-27 15:29:00,Sheep_3,30.999984209016294,-6.999983995623429
2025-08-27 15:29:00,Sheep_4,31.000017634450877,-6.999964505606416
2025-08-27 15:29:00,Sheep_5,30.999994603292485,-6.9999374694778265
2025-08-27 15:29:00,Sheep_6,30.999984117771348,-6.999992636111476
2025-08-27 15:29:00,Sheep_7,31.000006610050274,-7.00003527467156
2025-08-27 15:29:00,Sheep_8,30.995643603407007,-6.99545412158747
2025-08-27 15:29:00,Sheep_9,30.999988354625142,-6.999923257363865
2025-08-27 15:29:00,Sheep_10,30.99997739964947,-6.999962918901167
2025-08-27 15:29:30,Sheep_1,31.000023081022633,-7.000000435825433
2025-08-27 15:29:30,Sheep_2,30.999976683191147,-7.000024153943075
2025-08-27 15:29:30,Sheep_3,30.999986041125606,-7.0000561436961455
2025-08-27 15:29:30,Sheep_4,30.99997295727383,-7.000046609053541
2025-08-27 15:29:30,Sheep_5,31.000036270436667,-6.999980555545763
2025-08-27 15:29:30,Sheep_6,31.00002118147949,-6.999981487126662
2025-08-27 15:29:30,Sheep_7,31.000004499666456,-6.999954076218341
2025-08-27 15:29:30,Sheep_8,30.995972478703315,-6.995804693659636
2025-08-27 15:29:30,Sheep_9,31.0000201327388,-7.000041538811029
2025-08-27 15:29:30,Sheep_10,31.000083451012294,-6.999999101892574
2025-08-27 15:30:00,Sheep_1,31.000003826521304,-6.999960483761553
2025-08-27 15:30:00,Sheep_2,31.000024657438008,-6.999998802827278
2025-08-27 15:30:00,Sheep_3,31.00000350690185,-7.000047290421593
2025-08-27 15:30:00,Sheep_4,30.999985003617198,-6.99998373891363
2025-08-27 15:30:00,Sheep_5,31.000011962616934,-6.999961606555494
2025-08-27 15:30:00,Sheep_6,30.999996752576585,-7.000043616280401
2025-08-27 15:30:00,Sheep_7,31.000028478182646,-6.999954849358804
2025-08-27 15:30:00,Sheep_8,30.996334302214304,-6.996159781761767
2025-08-27 15:30:00,Sheep_9,31.00002814550984,-6.99989219507331
2025-08-27 15:30:00,Sheep_10,31.000003103278328,-7.0000412409944355
2025-08-27 15:30:30,Sheep_1,30.99998420000765,-6.999980335037969
2025-08-27 15:30:30,Sheep_2,30.999956751590616,-6.99999467396825
2025-08-27 15:30:30,Sheep_3,31.000010249819898,-6.99995173578089
2025-08-27 15:30:30,Sheep_4,31.000035308880417,-6.999972817458872
2025-08-27 15:30:30,Sheep_5,30.999941717238308,-6.999971042094687
2025-08-27 15:30:30,Sheep_6,31.000019013116763,-6.999991953110183
2025-08-27 15:30:30,Sheep_7,30.999953371663867,-7.00002442176746
2025-08-27 15:30:30,Sheep_8,30.99663191310275,-6.996548009115571
2025-08-27 15:30:30,Sheep_9,30.999999921438608,-7.000025083523139
2025-08-27 15:30:30,Sheep_10,31.000070750240216,-7.000005306188854
2025-08-27 15:31:00,Sheep_1,31.000034865787526,-7.000049332464761
2025-08-27 15:31:00,Sheep_2,30.999985714438033,-6.999996953531307
2025-08-27 15:31:00,Sheep_3,30.99997552585478,-7.000013273987223
2025-08-27 15:31:00,Sheep_4,30.99999412636796,-7.000007354065784
2025-08-27 15:31:00,Sheep_5,31.000049994212354,-6.999988108567653
2025-08-27 15:31:00,Sheep_6,31.000012922490917,-6.999983033256844
2025-08-27 15:31:00,Sheep_7,31.000016509873625,-7.00000260596632
2025-08-27 15:31:00,Sheep_8,30.996981826250273,-6.996851700627419
2025-08-27 15:31:00,Sheep_9,31.000031175097437,-6.999964591077511
2025-08-27 15:31:00,Sheep_10,30.999993521420887,-6.999975858998436
2025-08-27 15:31:30,Sheep_1,30.99999475607268,-6.999998935110111
2025-08-27 15:31:30,Sheep_2,30.999987238859642,-7.000005710922174
2025-08-27 15:31:30,Sheep_3,31.000036147953725,-6.999997094279633
2025-08-27 15:31:30,Sheep_4,31.000003645773678,-7.000045500519071
2025-08-27 15:31:30,Sheep_5,30.99999166608226,-7.000007586939255
2025-08-27 15:31:30,Sheep_6,30.99997765513424,-6.999999318839574
2025-08-27 15:31:30,Sheep_7,30.999988433822576,-6.9999974849307485
2025-08-27 15:31:30,Sheep_8,30.99732448415136,-6.9972246522446735
2025-08-27 15:31:30,Sheep_9,30.999989255252,-6.999997567352973
2025-08-27 15:31:30,Sheep_10,31.000031916082406,-6.99999192875061
2025-08-27 15:32:00,Sheep_1,30.999982161286923,-6.99998745529255
2025-08-27 15:32:00,Sheep_2,31.000046017307472,-6.999971178753512
2025-08-27 15:32:00,Sheep_3,31.000014755476027,-6.999977187448848
2025-08-27 15:32:00,Sheep_4,31.000038805804206,-6.999966182299474
2025-08-27 15:32:00,Sheep_5,31.000015273815517,-6.999966401894456
2025-08-27 15:32:00,Sheep_6,30.999970850221985,-7.000047231211324
2025-08-27 15:32:00,Sheep_7,31.000004233704203,-6.999997840678864
2025-08-27 15:32:00,Sheep_8,30.9976472415414,-6.997536732313264
2025-08-27 15:32:00,Sheep_9,30.999949797064684,-7.000016813236808
2025-08-27 15:32:00,Sheep_10,30.99998693077044,-7.0000514453191816
2025-08-27 15:32:30,Sheep_1,31.000040282007024,-7.000042733280459
2025-08-27 15:32:30,Sheep_2,30.999984144626556,-6.999971453121376
2025-08-27 15:32:30,Sheep_3,31.000017410492546,-7.000034841006402
2025-08-27 15:32:30,Sheep_4,31.000018392630505,-6.999990889177575
2025-08-27 15:32:30,Sheep_5,31.000062873757514,-6.999987300115526
2025-08-27 15:32:30,Sheep_6,30.999996193626814,-7.000026928416851
2025-08-27 15:32:30,Sheep_7,30.999979943135997,-7.000025962175849
2025-08-27 15:32:30,Sheep_8,30.998016359368577,-6.9979030880782584
2025-08-27 15:32:30,Sheep_9,31.000015233034244,-6.999952392063732
2025-08-27 15:32:30,Sheep_10,30.999936440959157,-6.999959792215827
2025-08-27 15:33:00,Sheep_1,31.00000149290995,-6.999986322081573
2025-08-27 15:33:00,Sheep_2,30.999977675083855,-7.00002374110696
2025-08-27 15:33:00,Sheep_3,31.00001317407177,-6.999925028258189
2025-08-27 15:33:00,Sheep_4,31.00002703862683,-6.9999602119662665
2025-08-27 15:33:00,Sheep_5,30.9999948256934,-7.000018870417541
2025-08-27 15:33:00,Sheep_6,30.999978957825594,-7.000015351323236
2025-08-27 15:33:00,Sheep_7,30.999944678878013,-7.000022791460179
2025-08-27 15:33:00,Sheep_8,30.998316370820664,-6.998256562779707
2025-08-27 15:33:00,Sheep_9,31.000003550577876,-6.9999886045466715
2025-08-27 15:33:00,Sheep_10,30.999999597771133,-7.000018280567457
2025-08-27 15:33:30,Sheep_1,30.999947088789707,-7.000018087699504
2025-08-27 15:33:30,Sheep_2,30.999973793101752,-6.999985346863981
2025-08-27 15:33:30,Sheep_3,31.00002450469089,-6.999970491330781
2025-08-27 15:33:30,Sheep_4,31.000020399373053,-7.000004198048393
2025-08-27 15:33:30,Sheep_5,30.99998593364448,-7.000023488906493
2025-08-27 15:33:30,Sheep_6,30.999959373906307,-6.999968816125077
2025-08-27 15:33:30,Sheep_7,30.99999529165367,-7.00003918493202
2025-08-27 15:33:30,Sheep_8,30.998646301671787,-6.998620481578897
2025-08-27 15:33:30,Sheep_9,31.000001159481272,-6.999966438816596
2025-08-27 15:33:30,Sheep_10,30.999990621912964,-7.000070819641395
2025-08-27 15:34:00,Sheep_1,30.999994901715723,-7.000004910735366
2025-08-27 15:34:00,Sheep_2,30.99999393854929,-7.000019727375645
2025-08-27 15:34:00,Sheep_3,31.000005859838684,-6.999997920523701
2025-08-27 15:34:00,Sheep_4,30.99999933083954,-6.999987026557851
2025-08-27 15:34:00,Sheep_5,30.99998841629115,-7.000015298250796
2025-08-27 15:34:00,Sheep_6,31.000037193405216,-6.999982413868976
2025-08-27 15:34:00,Sheep_7,31.00002228564663,-6.999961451278538
2025-08-27 15:34:00,Sheep_8,30.999005312181122,-6.998932273340474
2025-08-27 15:34:00,Sheep_9,30.999957437697752,-6.9999935814033805
2025-08-27 15:34:00,Sheep_10,30.999995075858916,-6.99994725362135
2025-08-27 15:34:30,Sheep_1,31.00002499943043,-7.000019821193353
2025-08-27 15:34:30,Sheep_2,31.000010046554756,-6.999994728099793
2025-08-27 15:34:30,Sheep_3,31.000012243930108,-7.000032032401669
2025-08-27 15:34:30,Sheep_4,31.000009702204416,-7.000007173077175
2025-08-27 15:34:30,Sheep_5,31.000007611833382,-7.0000227746656325
2025-08-27 15:34:30,Sheep_6,30.999984232936452,-6.999963094413294
2025-08-27 15:34:30,Sheep_7,30.99997166149232,-7.000030740593026
2025-08-27 15:34:30,Sheep_8,30.999329648579888,-6.999317333728656
2025-08-27 15:34:30,Sheep_9,30.999976149066683,-6.9999966964120395
2025-08-27 15:34:30,Sheep_10,30.99995943947565,-7.000031690327157
2025-08-27 15:35:00,Sheep_1,31.0000553565105,-6.999985554106657
2025-08-27 15:35:00,Sheep_2,30.999979880613935,-6.999986851320225
2025-08-27 15:35:00,Sheep_3,31.00001528917922,-6.999968735616067
2025-08-27 15:35:00,Sheep_4,30.999996573229534,-6.999969298917561
2025-08-27 15:35:00,Sheep_5,30.999945065221212,-7.00003321032185
2025-08-27 15:35:00,Sheep_6,31.000004416225345,-6.99998963632353
2025-08-27 15:35:00,Sheep_7,30.999975428073455,-6.999991843836892
2025-08-27 15:35:00,Sheep_8,30.999654079596805,-6.999656382516208
2025-08-27 15:35:00,Sheep_9,31.00002761697271,-6.999971423010065
2025-08-27 15:35:00,Sheep_10,30.999973129886975,-7.000033239980188
2025-08-27 15:35:30,Sheep_1,30.99998891915032,-7.000000840903563
2025-08-27 15:35:30,Sheep_2,30.999982270073072,-6.999967282207286
2025-08-27 15:35:30,Sheep_3,31.000009361925308,-6.999987232686364
2025-08-27 15:35:30,Sheep_4,30.999965867620492,-6.9999633003862245
2025-08-27 15:35:30,Sheep_5,30.99992399832495,-6.999973777301152
2025-08-27 15:35:30,Sheep_6,31.000025179080247,-7.000013594690965
2025-08-27 15:35:30,Sheep_7,31.00003430408419,-7.00000198378672
2025-08-27 15:35:30,Sheep_8,31.000001121661935,-6.999992883477853
2025-08-27 15:35:30,Sheep_9,31.000085876075598,-6.999957731005277
2025-08-27 15:35:30,Sheep_10,31.00001889501978,-7.00002869856807
2025-08-27 15:36:00,Sheep_1,31.000003869650346,-7.000025564617067
2025-08-27 15:36:00,Sheep_2,31.000022155340837,-6.99999558371905
2025-08-27 15:36:00,Sheep_3,30.99996969488826,-6.999997449443541
2025-08-27 15:36:00,Sheep_4,30.99997710876384,-6.999995245762827
2025-08-27 15:36:00,Sheep_5,30.999976848437395,-6.999999135788958
2025-08-27 15:36:00,Sheep_6,31.000020224663903,-7.000001667954336
2025-08-27 15:36:00,Sheep_7,30.99998946582104,-6.9999936089967205
2025-08-27 15:36:00,Sheep_8,31.000018788608177,-7.000034809835954
2025-08-27 15:36:00,Sheep_9,30.999738136737832,-7.00039414100469
2025-08-27 15:36:00,Sheep_10,31.000015459673822,-6.999998184209945
2025-08-27 15:36:30,Sheep_1,31.00001724050054,-6.999985773513893
2025-08-27 15:36:30,Sheep_2,31.000020309048935,-7.000063632398788
2025-08-27 15:36:30,Sheep_3,30.999958135389857,-6.999968408177032
2025-08-27 15:36:30,Sheep_4,30.999959433726836,-6.999987375627487
2025-08-27 15:36:30,Sheep_5,30.999990512495796,-7.000031320184437
2025-08-27 15:36:30,Sheep_6,31.000009422828526,-6.9999936795077415
2025-08-27 15:36:30,Sheep_7,31.000056872331623,-7.000019644060856
2025-08-27 15:36:30,Sheep_8,31.000038810010423,-6.999988919825498
2025-08-27 15:36:30,Sheep_9,30.999455031395335,-7.000826761108074
2025-08-27 15:36:30,Sheep_10,31.00001524627662,-6.999998873087006
2025-08-27 15:37:00,Sheep_1,31.000007176482836,-7.000018769268993
2025-08-27 15:37:00,Sheep_2,30.999977745585916,-6.999976123142205
2025-08-27 15:37:00,Sheep_3,30.99999396498138,-7.000002517809027
2025-08-27 15:37:00,Sheep_4,31.000007541006,-6.9999916593358895
2025-08-27 15:37:00,Sheep_5,30.99996148060175,-6.9999595602414315
2025-08-27 15:37:00,Sheep_6,31.00000326577844,-7.000006371417475
2025-08-27 15:37:00,Sheep_7,31.000011611013434,-6.999992563114725
2025-08-27 15:37:00,Sheep_8,31.000020671829578,-6.999983085796288
2025-08-27 15:37:00,Sheep_9,30.999213258179086,-7.001236953139026
2025-08-27 15:37:00,Sheep_10,31.000023813094206,-7.00000504568589
2025-08-27 15:37:30,Sheep_1,30.999969738560292,-6.999947564442101
2025-08-27 15:37:30,Sheep_2,30.999993593513114,-7.00001487449449
2025-08-27 15:37:30,Sheep_3,30.99995319636675,-6.999989358407419
2025-08-27 15:37:30,Sheep_4,31.000004012395003,-7.000047635205315
2025-08-27 15:37:30,Sheep_5,31.000012215434122,-7.000015663151264
2025-08-27 15:37:30,Sheep_6,31.000072502201057,-7.000017900712768
2025-08-27 15:37:30,Sheep_7,30.999988271828993,-7.00002750295971
2025-08-27 15:37:30,Sheep_8,31.000034437922775,-7.000011720068941
2025-08-27 15:37:30,Sheep_9,30.998920790954692,-7.001672208847392
2025-08-27 15:37:30,Sheep_10,30.99996280040598,-6.999980346527842
2025-08-27 15:38:00,Sheep_1,31.000048007538176,-6.999982185852832
2025-08-27 15:38:00,Sheep_2,31.00001719093558,-6.999972645311535
2025-08-27 15:38:00,Sheep_3,31.000046075494843,-6.999961960940509
2025-08-27 15:38:00,Sheep_4,31.000011848806746,-6.999971581659303
2025-08-27 15:38:00,Sheep_5,30.999976124642686,-6.999975593333749
2025-08-27 15:38:00,Sheep_6,30.99997290093502,-7.000011539182836
2025-08-27 15:38:00,Sheep_7,30.999916926998512,-6.999987379053703
2025-08-27 15:38:00,Sheep_8,30.999982648077314,-6.999965065600506
2025-08-27 15:38:00,Sheep_9,30.99867427894315,-7.002085222231423
2025-08-27 15:38:00,Sheep_10,30.99997079779344,-6.999967353148667
2025-08-27 15:38:30,Sheep_1,31.000056751428613,-6.999975974867226
2025-08-27 15:38:30,Sheep_2,31.0000212993804,-6.999994667849981
2025-08-27 15:38:30,Sheep_3,30.999985860525136,-6.999976068115962
2025-08-27 15:38:30,Sheep_4,30.999959412066733,-7.000013134218844
2025-08-27 15:38:30,Sheep_5,30.999952271196488,-7.000022122952657
2025-08-27 15:38:30,Sheep_6,31.000017302688427,-6.999984110435014
2025-08-27 15:38:30,Sheep_7,31.00000137209025,-6.999994642593678
2025-08-27 15:38:30,Sheep_8,30.99994917720218,-7.0000117133560655
2025-08-27 15:38:30,Sheep_9,30.998388481071355,-7.002544353821448
2025-08-27 15:38:30,Sheep_10,31.00001615824545,-7.000027054345643
2025-08-27 15:39:00,Sheep_1,30.99998370425305,-7.00006561744568
2025-08-27 15:39:00,Sheep_2,30.999992073575807,-7.000034201606555
2025-08-27 15:39:00,Sheep_3,31.00000213446628,-7.000029902831792
2025-08-27 15:39:00,Sheep_4,31.000002817344022,-7.000004548919527
2025-08-27 15:39:00,Sheep_5,31.000045060414294,-6.999984367469412
2025-08-27 15:39:00,Sheep_6,30.999950422982234,-7.000039768098346
2025-08-27 15:39:00,Sheep_7,31.000001487819144,-7.0000292344144155
2025-08-27 15:39:00,Sheep_8,30.99992000444403,-6.999957570271269
2025-08-27 15:39:00,Sheep_9,30.998147115823354,-7.002941376914822
2025-08-27 15:39:00,Sheep_10,30.99998363304764,-6.999986553844657
2025-08-27 15:39:30,Sheep_1,30.999981017957484,-6.999993559287601
2025-08-27 15:39:30,Sheep_2,30.999975190894023,-6.9999523278994005
2025-08-27 15:39:30,Sheep_3,30.999957683165988,-6.999961257003134
2025-08-27 15:39:30,Sheep_4,31.000001048755696,-7.000015388839659
2025-08-27 15:39:30,Sheep_5,31.000004500617724,-6.999976943542662
2025-08-27 15:39:30,Sheep_6,31.00003683291601,-6.999990154785064
2025-08-27 15:39:30,Sheep_7,30.999975996332594,-6.999998250989213
2025-08-27 15:39:30,Sheep_8,31.000048961370013,-6.999957629008357
2025-08-27 15:39:30,Sheep_9,30.99788395689655,-7.003357375646606
2025-08-27 15:39:30,Sheep_10,31.000018849714984,-6.999963568754335
2025-08-27 15:40:00,Sheep_1,30.99998769415777,-7.000042603898502
2025-08-27 15:40:00,Sheep_2,31.000001859598473,-7.0000257047606205
2025-08-27 15:40:00,Sheep_3,30.99997156789197,-7.000022645554512
2025-08-27 15:40:00,Sheep_4,31.000066977558152,-6.999995720242248
2025-08-27 15:40:00,Sheep_5,31.00000975317561,-7.000038431079972
2025-08-27 15:40:00,Sheep_6,30.999950312083396,-7.000025751010623
2025-08-27 15:40:00,Sheep_7,31.00003875841498,-6.999989490381173
2025-08-27 15:40:00,Sheep_8,31.000016131739798,-6.999976779487763
2025-08-27 15:40:00,Sheep_9,30.99759045926477,-7.003766718145521
2025-08-27 15:40:00,Sheep_10,30.99998294625586,-6.99995578806231
2025-08-27 15:40:30,Sheep_1,31.000011919749088,-7.000056247569873
2025-08-27 15:40:30,Sheep_2,30.999979841641576,-7.000056118457719
2025-08-27 15:40:30,Sheep_3,31.000031349680185,-7.000000777681495
2025-08-27 15:40:30,Sheep_4,30.999939947652535,-6.999988186520092
2025-08-27 15:40:30,Sheep_5,30.999985523780207,-7.000046650847973
2025-08-27 15:40:30,Sheep_6,31.00004522006388,-6.9999966269329565
2025-08-27 15:40:30,Sheep_7,30.999992092218765,-7.000012557912932
2025-08-27 15:40:30,Sheep_8,30.99995921812426,-7.000041015010273
2025-08-27 15:40:30,Sheep_9,30.99735762241313,-7.004227499137785
2025-08-27 15:40:30,Sheep_10,31.00000059470987,-7.0000642737389995
2025-08-27 15:41:00,Sheep_1,30.999964478295837,-6.999980827497708
2025-08-27 15:41:00,Sheep_2,31.00001017908085,-6.999944873893334
2025-08-27 15:41:00,Sheep_3,31.000036191780406,-7.000007253551714
2025-08-27 15:41:00,Sheep_4,31.000012745784172,-7.0000099540105145
2025-08-27 15:41:00,Sheep_5,31.000055375758677,-6.9999638749842354
2025-08-27 15:41:00,Sheep_6,31.0000045729004,-6.999993699589059
2025-08-27 15:41:00,Sheep_7,31.000038937754777,-6.999981778075654
2025-08-27 15:41:00,Sheep_8,31.000042003988963,-7.000068968278813
2025-08-27 15:41:00,Sheep_9,30.997076277572127,-7.004650126722902
2025-08-27 15:41:00,Sheep_10,31.000047333219214,-6.999951381233726
2025-08-27 15:41:30,Sheep_1,31.000000884903226,-6.999951719770419
2025-08-27 15:41:30,Sheep_2,31.000048053750987,-6.999997660654642
2025-08-27 15:41:30,Sheep_3,31.00006661697195,-7.000000985365669
2025-08-27 15:41:30,Sheep_4,30.999994218802993,-6.999972776970547
2025-08-27 15:41:30,Sheep_5,30.999990465574978,-6.9999973169179155
2025-08-27 15:41:30,Sheep_6,31.000037983320805,-6.999999395759391
2025-08-27 15:41:30,Sheep_7,30.999954320397244,-6.999988451480453
2025-08-27 15:41:30,Sheep_8,30.999981235350905,-6.999972795879543
2025-08-27 15:41:30,Sheep_9,30.99681395267323,-7.005030239319535
2025-08-27 15:41:30,Sheep_10,31.000024457392225,-6.99996572272568
2025-08-27 15:42:00,Sheep_1,30.999981968287095,-6.999974722668963
2025-08-27 15:42:00,Sheep_2,31.00005304845372,-7.000021651149364
2025-08-27 15:42:00,Sheep_3,31.000048501750584,-7.000017271563865
2025-08-27 15:42:00,Sheep_4,30.999977039941292,-6.99999068745968
2025-08-27 15:42:00,Sheep_5,31.000019293309812,-6.999971334581085
2025-08-27 15:42:00,Sheep_6,30.999974081142092,-6.999986338061717
2025-08-27 15:42:00,Sheep_7,30.99998152476002,-7.000046811707594
2025-08-27 15:42:00,Sheep_8,30.999974971173675,-7.000023608303402
2025-08-27 15:42:00,Sheep_9,30.99654426959952,-7.005458686126748
2025-08-27 15:42:00,Sheep_10,30.99996029806064,-6.99998893434575
2025-08-27 15:42:30,Sheep_1,30.999968288766105,-6.999980221558179
2025-08-27 15:42:30,Sheep_2,30.999983217824802,-7.000033053778581
2025-08-27 15:42:30,Sheep_3,31.00002155042711,-7.000018452843507
2025-08-27 15:42:30,Sheep_4,30.99999148498155,-7.000069796444781
2025-08-27 15:42:30,Sheep_5,31.00002550892997,-6.999974190640581
2025-08-27 15:42:30,Sheep_6,31.000000147085274,-7.000048027136448
2025-08-27 15:42:30,Sheep_7,31.000032591695426,-7.000020947317226
2025-08-27 15:42:30,Sheep_8,30.999987782425887,-6.999927309347503
2025-08-27 15:42:30,Sheep_9,30.996255710545775,-7.005889036458276
2025-08-27 15:42:30,Sheep_10,31.000015148012814,-6.999987732988388
2025-08-27 15:43:00,Sheep_1,31.000007599727162,-6.999988166345672
2025-08-27 15:43:00,Sheep_2,31.000007328618153,-7.000001632312916
2025-08-27 15:43:00,Sheep_3,31.000040728075568,-7.000041270040858
2025-08-27 15:43:00,Sheep_4,31.00002752761689,-6.999974145562623
2025-08-27 15:43:00,Sheep_5,31.000018821392057,-6.9999648821728995
2025-08-27 15:43:00,Sheep_6,30.999997504507853,-7.00005876053473
2025-08-27 15:43:00,Sheep_7,30.999998051760876,-7.000031163140785
2025-08-27 15:43:00,Sheep_8,30.999980276880798,-7.0000390616677555
2025-08-27 15:43:00,Sheep_9,30.995993229882078,-7.0063388550622925
2025-08-27 15:43:00,Sheep_10,30.999935926073572,-6.999977985026936
2025-08-27 15:43:30,Sheep_1,31.000059836198115,-6.999980939905949
2025-08-27 15:43:30,Sheep_2,30.999994531334266,-7.000001721226381
2025-08-27 15:43:30,Sheep_3,30.99998865471071,-6.9999971690930956
2025-08-27 15:43:30,Sheep_4,30.999999002656466,-7.000026442558055
2025-08-27 15:43:30,Sheep_5,31.000045352723383,-7.000046756121043
2025-08-27 15:43:30,Sheep_6,31.000019358557577,-7.00000318165285
2025-08-27 15:43:30,Sheep_7,31.000051226153836,-6.999989283218863
2025-08-27 15:43:30,Sheep_8,30.99999030078502,-7.000007787912965
2025-08-27 15:43:30,Sheep_9,30.995735976670186,-7.0067720593761
2025-08-27 15:43:30,Sheep_10,30.999979333376075,-7.0000561186286365
2025-08-27 15:44:00,Sheep_1,30.999975126386136,-6.99999704758073
2025-08-27 15:44:00,Sheep_2,31.000008089518037,-7.000062230114794
2025-08-27 15:44:00,Sheep_3,30.999996302235814,-6.999982286394225
2025-08-27 15:44:00,Sheep_4,30.999995609624683,-7.00001992631156
2025-08-27 15:44:00,Sheep_5,30.999988892531125,-7.000017001596925
2025-08-27 15:44:00,Sheep_6,30.9999828405347,-6.999994534989316
2025-08-27 15:44:00,Sheep_7,31.0000621906637,-7.000023381921324
2025-08-27 15:44:00,Sheep_8,30.999991426267535,-7.000001625382931
2025-08-27 15:44:00,Sheep_9,30.9954563642653,-7.007146844124312
2025-08-27 15:44:00,Sheep_10,30.999936106215237,-7.000016696497415
2025-08-27 15:44:30,Sheep_1,31.000022053011218,-7.000009246323448
2025-08-27 15:44:30,Sheep_2,30.999977878935713,-6.999986142610049
2025-08-27 15:44:30,Sheep_3,31.000024425347704,-6.999993377622753
2025-08-27 15:44:30,Sheep_4,30.999978407643916,-6.999985656970139
2025-08-27 15:44:30,Sheep_5,30.99998916503862,-6.999976571328506
2025-08-27 15:44:30,Sheep_6,31.00003997284095,-7.000081919318959
2025-08-27 15:44:30,Sheep_7,31.00000299319457,-7.000054571465492
2025-08-27 15:44:30,Sheep_8,31.000065804579194,-7.0000147178327845
2025-08-27 15:44:30,Sheep_9,30.99521557666827,-7.007592360039458
2025-08-27 15:44:30,Sheep_10,30.9999783574044,-7.0000289893427645
2025-08-27 15:45:00,Sheep_1,31.000042732999635,-6.999969945312612
2025-08-27 15:45:00,Sheep_2,31.000052378299156,-6.999998256547446
2025-08-27 15:45:00,Sheep_3,31.000007759242397,-7.000008400501364
2025-08-27 15:45:00,Sheep_4,30.999992263325463,-7.000032756919463
2025-08-27 15:45:00,Sheep_5,31.0000022640188,-7.00002481390863
2025-08-27 15:45:00,Sheep_6,31.000011909151695,-6.999994654879645
2025-08-27 15:45:00,Sheep_7,31.000007752839842,-6.999947333923851
2025-08-27 15:45:00,Sheep_8,30.99999898352633,-6.9999762085071655
2025-08-27 15:45:00,Sheep_9,30.994972478768435,-7.007985989764653
2025-08-27 15:45:00,Sheep_10,31.0000310771568,-7.00000964227582
2025-08-27 15:45:30,Sheep_1,31.000006188727692,-7.000041446599417
2025-08-27 15:45:30,Sheep_2,31.00001344541145,-6.9999913709735155
2025-08-27 15:45:30,Sheep_3,31.000000630213577,-6.999967705001471
2025-08-27 15:45:30,Sheep_4,30.999967451271406,-6.999948599920894
2025-08-27 15:45:30,Sheep_5,31.00002430195889,-7.000002220731934
2025-08-27 15:45:30,Sheep_6,30.999995991836478,-6.9999848895860195
2025-08-27 15:45:30,Sheep_7,31.00004098592972,-6.99999680545388
2025-08-27 15:45:30,Sheep_8,31.000003881537065,-6.999999430355162
2025-08-27 15:45:30,Sheep_9,30.99470109086548,-7.0084428648976145
2025-08-27 15:45:30,Sheep_10,30.999999204789834,-6.999953989591027
2025-08-27 15:46:00,Sheep_1,31.00000396184424,-6.999964250875654
2025-08-27 15:46:00,Sheep_2,30.99997544160824,-7.000006454395758
2025-08-27 15:46:00,Sheep_3,31.00004000451056,-7.000021264116968
2025-08-27 15:46:00,Sheep_4,30.999995922591456,-6.999991929817743
2025-08-27 15:46:00,Sheep_5,30.99997334294328,-7.000013010187868
2025-08-27 15:46:00,Sheep_6,31.0000030354837,-6.999998532326533
2025-08-27 15:46:00,Sheep_7,31.00003450463585,-6.999951536594218
2025-08-27 15:46:00,Sheep_8,30.999976929081782,-6.999996501718366
2025-08-27 15:46:00,Sheep_9,30.994414642048895,-7.008825107127218
2025-08-27 15:46:00,Sheep_10,31.000019362835896,-6.999990853684244
2025-08-27 15:46:30,Sheep_1,31.000017962878154,-6.999978816711531
2025-08-27 15:46:30,Sheep_2,30.99997499871652,-6.999993938407017
2025-08-27 15:46:30,Sheep_3,31.000039323418815,-7.000006519295675
2025-08-27 15:46:30,Sheep_4,31.000003488500965,-7.000007624715848
2025-08-27 15:46:30,Sheep_5,30.999937643024733,-6.999999352644941
2025-08-27 15:46:30,Sheep_6,31.000008133091914,-7.0000161127894085
2025-08-27 15:46:30,Sheep_7,30.999968883301772,-7.000027686262283
2025-08-27 15:46:30,Sheep_8,31.00002059434826,-6.999937983831915
2025-08-27 15:46:30,Sheep_9,30.994160819190565,-7.009306823907396
2025-08-27 15:46:30,Sheep_10,31.000023031637905,-7.000020849821471
2025-08-27 15:47:00,Sheep_1,30.99998430828973,-7.000014524510275
2025-08-27 15:47:00,Sheep_2,31.00001902803494,-6.9999698410790865
2025-08-27 15:47:00,Sheep_3,30.999997358127796,-7.000002548863654
2025-08-27 15:47:00,Sheep_4,31.000012511599262,-6.999982142254781
2025-08-27 15:47:00,Sheep_5,31.0000316985009,-7.000040380647891
2025-08-27 15:47:00,Sheep_6,31.000000539723494,-7.000033578680541
2025-08-27 15:47:00,Sheep_7,30.999998627139444,-7.0000071109498085
2025-08-27 15:47:00,Sheep_8,30.999998740133293,-7.000025143912032
2025-08-27 15:47:00,Sheep_9,30.993842714834454,-7.009744302478419
2025-08-27 15:47:00,Sheep_10,30.999996464782043,-7.000013550672412
2025-08-27 15:47:30,Sheep_1,30.999981783929265,-6.999958419083556
2025-08-27 15:47:30,Sheep_2,30.99997683871218,-6.9999554547442004
2025-08-27 15:47:30,Sheep_3,31.000043761509456,-7.000061336300014
2025-08-27 15:47:30,Sheep_4,31.00000248961891,-7.000012566455488
2025-08-27 15:47:30,Sheep_5,30.99992152881931,-7.000045419513102
2025-08-27 15:47:30,Sheep_6,31.000020884012947,-6.99993651638653
2025-08-27 15:47:30,Sheep_7,31.00002432657589,-6.999989824996833
2025-08-27 15:47:30,Sheep_8,30.999999425106495,-6.999947097087159
2025-08-27 15:47:30,Sheep_9,30.993641485292024,-7.01013445995137
2025-08-27 15:47:30,Sheep_10,30.99994610169169,-7.000065967002379
2025-08-27 15:48:00,Sheep_1,31.000035623814018,-7.0000014795202645
2025-08-27 15:48:00,Sheep_2,31.000004938247677,-7.000056298057433
2025-08-27 15:48:00,Sheep_3,30.999979702059484,-7.000009289915174
2025-08-27 15:48:00,Sheep_4,31.00000560110627,-7.000012531731525
2025-08-27 15:48:00,Sheep_5,30.999972044748517,-7.00002466678196
2025-08-27 15:48:00,Sheep_6,31.000032563509322,-6.999992303972897
2025-08-27 15:48:00,Sheep_7,31.000016497219015,-7.000028260587702
2025-08-27 15:48:00,Sheep_8,30.999920396420624,-7.0000164463965495
2025-08-27 15:48:00,Sheep_9,30.99332077427723,-7.010536601090522
2025-08-27 15:48:00,Sheep_10,31.000088548069897,-6.9999781439842055
2025-08-27 15:48:30,Sheep_1,31.000073732307566,-6.999982117883887
2025-08-27 15:48:30,Sheep_2,30.999983024984616,-6.999989061520405
2025-08-27 15:48:30,Sheep_3,31.000047987026576,-6.99994247856197
2025-08-27 15:48:30,Sheep_4,30.999984495040387,-6.999992039905991
2025-08-27 15:48:30,Sheep_5,30.9999614822077,-6.999974072422947
2025-08-27 15:48:30,Sheep_6,31.000041861876547,-6.99999874870538
2025-08-27 15:48:30,Sheep_7,30.99998201444338,-6.99998867748486
2025-08-27 15:48:30,Sheep_8,31.00001125024339,-6.9999974488383705
2025-08-27 15:48:30,Sheep_9,30.993073007844455,-7.01096931620049
2025-08-27 15:48:30,Sheep_10,31.000026840323255,-6.999976853013147
2025-08-27 15:49:00,Sheep_1,30.999973506023704,-7.00003177296304
2025-08-27 15:49:00,Sheep_2,30.999993144778557,-6.999976833844845
2025-08-27 15:49:00,Sheep_3,31.00000399004888,-7.000020220645379
2025-08-27 15:49:00,Sheep_4,31.000007047752337,-7.000010400680926
2025-08-27 15:49:00,Sheep_5,31.0000237285248,-6.999989528644622
2025-08-27 15:49:00,Sheep_6,30.99999150346243,-6.999992721051072
2025-08-27 15:49:00,Sheep_7,31.000035439671027,-7.000017909166494
2025-08-27 15:49:00,Sheep_8,31.00001085133799,-7.000002215272719
2025-08-27 15:49:00,Sheep_9,30.99281092202398,-7.011401149376105
2025-08-27 15:49:00,Sheep_10,31.00000297346658,-6.999965170042055
2025-08-27 15:49:30,Sheep_1,30.999974748284732,-7.0000417964891835
2025-08-27 15:49:30,Sheep_2,30.999965196131033,-7.000036805623552
2025-08-27 15:49:30,Sheep_3,31.000016043566866,-7.000044200220841
2025-08-27 15:49:30,Sheep_4,30.999991971918487,-6.999980560987683
2025-08-27 15:49:30,Sheep_5,31.00001122868471,-7.000012121972223
2025-08-27 15:49:30,Sheep_6,31.000005145267654,-6.999996631351419
2025-08-27 15:49:30,Sheep_7,30.999993956855313,-7.000006628642402
2025-08-27 15:49:30,Sheep_8,31.000060243283365,-6.9999745552696035
2025-08-27 15:49:30,Sheep_9,30.992581272399597,-7.011819602698225
2025-08-27 15:49:30,Sheep_10,30.999997710206696,-7.00004188202678
2025-08-27 15:50:00,Sheep_1,30.999978182712844,-6.999940203861
2025-08-27 15:50:00,Sheep_2,30.99998593152291,-6.999939657806412
2025-08-27 15:50:00,Sheep_3,30.9999664922136,-7.0000331210606745
2025-08-27 15:50:00,Sheep_4,30.999990804045428,-7.0000020042971896
2025-08-27 15:50:00,Sheep_5,31.00002487658891,-6.999985827780547
2025-08-27 15:50:00,Sheep_6,30.99998878058056,-7.0000041914482285
2025-08-27 15:50:00,Sheep_7,30.99999140146641,-7.00002875670844
2025-08-27 15:50:00,Sheep_8,30.99997606998913,-6.99996768333607
2025-08-27 15:50:00,Sheep_9,30.992237312982198,-7.012197043175819
2025-08-27 15:50:00,Sheep_10,30.999990756533627,-7.000024287666363
2025-08-27 15:50:30,Sheep_1,31.00001993602113,-6.999953304798711
2025-08-27 15:50:30,Sheep_2,31.000030119451356,-6.9999842217743105
2025-08-27 15:50:30,Sheep_3,31.000029290248555,-7.000053966674445
2025-08-27 15:50:30,Sheep_4,30.999985937013793,-7.000028647181708
2025-08-27 15:50:30,Sheep_5,31.00003300319973,-7.00001205654682
2025-08-27 15:50:30,Sheep_6,31.000022783144722,-6.999983152660657
2025-08-27 15:50:30,Sheep_7,30.99997676140129,-7.000018453962914
2025-08-27 15:50:30,Sheep_8,31.0000348675267,-7.0000243811702365
2025-08-27 15:50:30,Sheep_9,30.99200585533238,-7.012669101726192
2025-08-27 15:50:30,Sheep_10,30.99999153919726,-7.000001451331266
2025-08-27 15:51:00,Sheep_1,30.99997890226796,-7.000030196446985
2025-08-27 15:51:00,Sheep_2,31.000007714876126,-7.000026558539516
2025-08-27 15:51:00,Sheep_3,30.99997815331776,-7.000029523825706
2025-08-27 15:51:00,Sheep_4,30.99999790042994,-6.999970330025771
2025-08-27 15:51:00,Sheep_5,31.000040599945283,-7.0000228228606565
2025-08-27 15:51:00,Sheep_6,31.00005794944646,-7.00003158791533
2025-08-27 15:51:00,Sheep_7,31.000029200912415,-7.00002269013257
2025-08-27 15:51:00,Sheep_8,30.999976529196825,-7.000023415129499
2025-08-27 15:51:00,Sheep_9,30.99173612337699,-7.013062300104545
2025-08-27 15:51:00,Sheep_10,31.000018052498326,-7.000029678883724
2025-08-27 15:51:30,Sheep_1,30.99997332934008,-7.00002881911551
2025-08-27 15:51:30,Sheep_2,30.999996999072877,-7.000006607291048
2025-08-27 15:51:30,Sheep_3,30.999974393402926,-6.999991523661332
2025-08-27 15:51:30,Sheep_4,31.00006097472534,-7.000015868251362
2025-08-27 15:51:30,Sheep_5,30.999988317144595,-6.999982404243288
2025-08-27 15:51:30,Sheep_6,30.999984940272412,-6.999978967760351
2025-08-27 15:51:30,Sheep_7,30.999980635751704,-6.9999423981695506
2025-08-27 15:51:30,Sheep_8,31.000009291456323,-7.00001949351813
2025-08-27 15:51:30,Sheep_9,30.99145994282854,-7.013506982215538
2025-08-27 15:51:30,Sheep_10,31.00003699469097,-7.0000398895247455
2025-08-27 15:52:00,Sheep_1,30.999981999415997,-7.000017658604841
2025-08-27 15:52:00,Sheep_2,30.999999577219725,-7.000008523687256
2025-08-27 15:52:00,Sheep_3,30.999959812401237,-7.000012570422987
2025-08-27 15:52:00,Sheep_4,30.999997317175264,-7.0000197473925025
2025-08-27 15:52:00,Sheep_5,31.000018508142897,-6.9999710938040245
2025-08-27 15:52:00,Sheep_6,30.99999788753055,-6.999992751773769
2025-08-27 15:52:00,Sheep_7,30.999941760977435,-7.0000132394688555
2025-08-27 15:52:00,Sheep_8,31.000027079276638,-7.000013312843861
2025-08-27 15:52:00,Sheep_9,30.99119072731823,-7.013870229278458
2025-08-27 15:52:00,Sheep_10,31.000049022921043,-6.999985299447307
2025-08-27 15:52:30,Sheep_1,31.00003069288389,-7.000069983397376
2025-08-27 15:52:30,Sheep_2,30.9999787760122,-7.000014775472964
2025-08-27 15:52:30,Sheep_3,30.999993640493205,-7.000015403837342
2025-08-27 15:52:30,Sheep_4,30.999931278486574,-6.999987863388097
2025-08-27 15:52:30,Sheep_5,31.000014651117365,-6.999949636310746
2025-08-27 15:52:30,Sheep_6,30.999978755589343,-7.0000273579249255
2025-08-27 15:52:30,Sheep_7,30.999927776199623,-7.000009229739738
2025-08-27 15:52:30,Sheep_8,31.000024284363484,-7.000019233978244
2025-08-27 15:52:30,Sheep_9,30.990975936466054,-7.014345104512329
2025-08-27 15:52:30,Sheep_10,31.000003961344348,-7.000042855953404
2025-08-27 15:53:00,Sheep_1,31.000007740397372,-7.000062229803533
2025-08-27 15:53:00,Sheep_2,31.000018694698753,-6.999977223982098
2025-08-27 15:53:00,Sheep_3,31.000036632000295,-7.0000320678109444
2025-08-27 15:53:00,Sheep_4,31.000004327042355,-6.999982273610454
2025-08-27 15:53:00,Sheep_5,31.000011919196147,-7.000027205004481
2025-08-27 15:53:00,Sheep_6,30.999935537678148,-6.999989091570162
2025-08-27 15:53:00,Sheep_7,30.999995890235045,-7.000017816120346
2025-08-27 15:53:00,Sheep_8,31.00002058781972,-7.000001412270034
2025-08-27 15:53:00,Sheep_9,30.990647179635324,-7.014801966173904
2025-08-27 15:53:00,Sheep_10,30.999969575190484,-6.99992476370653
2025-08-27 15:53:30,Sheep_1,31.000019478353593,-6.999994070028999
2025-08-27 15:53:30,Sheep_2,30.99999510435877,-7.00000777803268
2025-08-27 15:53:30,Sheep_3,31.000031455155856,-7.000015424327445
2025-08-27 15:53:30,Sheep_4,31.000015547621558,-7.000010954572853
2025-08-27 15:53:30,Sheep_5,31.00005228593151,-6.999976662453379
2025-08-27 15:53:30,Sheep_6,31.00003356692817,-7.000018373840122
2025-08-27 15:53:30,Sheep_7,31.000028516064837,-7.000009827432546
2025-08-27 15:53:30,Sheep_8,31.000002965365358,-6.999948594110171
2025-08-27 15:53:30,Sheep_9,30.990385599589853,-7.01517897952471
2025-08-27 15:53:30,Sheep_10,31.000011803950553,-6.99998365106511
2025-08-27 15:54:00,Sheep_1,30.999987851657572,-6.999934407868071
2025-08-27 15:54:00,Sheep_2,30.999965102446495,-6.999954132651354
2025-08-27 15:54:00,Sheep_3,31.000032745210355,-6.999940236066843
2025-08-27 15:54:00,Sheep_4,30.999957198335466,-7.000027316057231
2025-08-27 15:54:00,Sheep_5,31.000040206873674,-7.0000590141007635
2025-08-27 15:54:00,Sheep_6,30.99995670700051,-7.000015352394145
2025-08-27 15:54:00,Sheep_7,31.000005174104974,-6.999949940452386
2025-08-27 15:54:00,Sheep_8,30.99999500720675,-7.000019123035491
2025-08-27 15:54:00,Sheep_9,30.9901433825519,-7.015595153511295
2025-08-27 15:54:00,Sheep_10,31.000011891119893,-7.000005595885406
2025-08-27 15:54:30,Sheep_1,30.999947311728874,-7.000028849841683
2025-08-27 15:54:30,Sheep_2,31.00003827536162,-6.999994118553612
2025-08-27 15:54:30,Sheep_3,30.99999130824329,-6.99996484478695
2025-08-27 15:54:30,Sheep_4,30.999969544108,-7.000007084944093
2025-08-27 15:54:30,Sheep_5,31.000003712497445,-7.000013876906292
2025-08-27 15:54:30,Sheep_6,31.000002715491096,-7.000005901096178
2025-08-27 15:54:30,Sheep_7,30.999962288635075,-6.9999942943363855
2025-08-27 15:54:30,Sheep_8,30.99996420180224,-6.999994793061372
2025-08-27 15:54:30,Sheep_9,30.989895929813116,-7.016032643152521
2025-08-27 15:54:30,Sheep_10,30.999968429308392,-7.000003992496153
2025-08-27 15:55:00,Sheep_1,30.99997757893169,-6.999981308640206
2025-08-27 15:55:00,Sheep_2,30.99999601180163,-6.999946245052711
2025-08-27 15:55:00,Sheep_3,31.000031341796507,-7.000004812850224
2025-08-27 15:55:00,Sheep_4,31.00001928518868,-7.000012363350555
2025-08-27 15:55:00,Sheep_5,31.000000915115482,-7.000011363489158
2025-08-27 15:55:00,Sheep_6,31.000020655478615,-6.999954946856412
2025-08-27 15:55:00,Sheep_7,31.00002152303828,-6.999971014318294
2025-08-27 15:55:00,Sheep_8,31.000024875137548,-6.9999826685168145
2025-08-27 15:55:00,Sheep_9,30.989584226843114,-7.016412857205935
2025-08-27 15:55:00,Sheep_10,31.000048627672296,-7.00000735317345
2025-08-27 15:55:30,Sheep_1,30.999990009937605,-6.999980745780979
2025-08-27 15:55:30,Sheep_2,31.000014844039754,-7.000006349183298
2025-08-27 15:55:30,Sheep_3,30.999966312639536,-6.999990388756234
2025-08-27 15:55:30,Sheep_4,31.000014860848136,-6.999977180187072
2025-08-27 15:55:30,Sheep_5,31.000009413208023,-7.000008523858783
2025-08-27 15:55:30,Sheep_6,31.000026787694203,-6.999997929723596
2025-08-27 15:55:30,Sheep_7,30.99998747063382,-7.000005679741344
2025-08-27 15:55:30,Sheep_8,30.99995294729521,-7.0000057296819564
2025-08-27 15:55:30,Sheep_9,30.98935051784836,-7.016863144367336
2025-08-27 15:55:30,Sheep_10,31.0000409808886,-7.00000826792986
2025-08-27 15:56:00,Sheep_1,31.0000131327658,-6.99997507625319
2025-08-27 15:56:00,Sheep_2,31.000063138438957,-6.999995448573751
2025-08-27 15:56:00,Sheep_3,30.999971859849655,-6.999973341124629
2025-08-27 15:56:00,Sheep_4,31.000050280112,-7.000010140929687
2025-08-27 15:56:00,Sheep_5,31.000022666588357,-6.999961368796659
2025-08-27 15:56:00,Sheep_6,31.000027409240314,-6.999996052440739
2025-08-27 15:56:00,Sheep_7,30.999981176596528,-7.000002555428545
2025-08-27 15:56:00,Sheep_8,31.000012358977376,-6.999971445488806
2025-08-27 15:56:00,Sheep_9,30.98934414897535,-7.016878229087836
2025-08-27 15:56:00,Sheep_10,31.000014967112545,-6.9999729589301705
2025-08-27 15:56:30,Sheep_1,31.000010230238676,-7.000026289718312
2025-08-27 15:56:30,Sheep_2,30.999995111227953,-6.99997020051997
2025-08-27 15:56:30,Sheep_3,30.999962728589416,-7.0000658095055845
2025-08-27 15:56:30,Sheep_4,31.000040641830314,-6.999983921107177
2025-08-27 15:56:30,Sheep_5,31.000016350970245,-7.000033855119766
2025-08-27 15:56:30,Sheep_6,31.000019875891038,-6.999991346182767
2025-08-27 15:56:30,Sheep_7,30.99995730342496,-6.999955220537239
2025-08-27 15:56:30,Sheep_8,31.00000427641009,-7.000012452877729
2025-08-27 15:56:30,Sheep_9,30.989331358195724,-7.016912505262038
2025-08-27 15:56:30,Sheep_10,31.000015990026938,-6.999991767210835
2025-08-27 15:57:00,Sheep_1,30.99999476966945,-6.999959804432065
2025-08-27 15:57:00,Sheep_2,30.99996270591936,-7.000018762523395
2025-08-27 15:57:00,Sheep_3,30.999977092842578,-7.00000876531264
2025-08-27 15:57:00,Sheep_4,31.00000181827233,-6.999986480377161
2025-08-27 15:57:00,Sheep_5,30.99999064929609,-7.000027584059518
2025-08-27 15:57:00,Sheep_6,31.000045436766523,-6.99992417804555
2025-08-27 15:57:00,Sheep_7,31.000003861480558,-7.0000237931706035
2025-08-27 15:57:00,Sheep_8,31.000039762508024,-7.000045486035517
2025-08-27 15:57:00,Sheep_9,30.989332134631606,-7.016884856829102
2025-08-27 15:57:00,Sheep_10,30.999968751287717,-7.000008803960353
2025-08-27 15:57:30,Sheep_1,30.999976711136924,-6.999999602143716
2025-08-27 15:57:30,Sheep_2,31.0000007324066,-7.000019534665992
2025-08-27 15:57:30,Sheep_3,30.99999001491134,-7.00000725789029
2025-08-27 15:57:30,Sheep_4,31.000021824813,-7.000004666619558
2025-08-27 15:57:30,Sheep_5,31.000022225163693,-6.999981582042999
2025-08-27 15:57:30,Sheep_6,31.000015402372355,-6.999956366130276
2025-08-27 15:57:30,Sheep_7,30.999969833159906,-7.0000148768742765
2025-08-27 15:57:30,Sheep_8,31.000047519730515,-7.000008090029373
2025-08-27 15:57:30,Sheep_9,30.98928757210259,-7.016874520433975
2025-08-27 15:57:30,Sheep_10,31.000003636530636,-7.00008228202211
2025-08-27 15:58:00,Sheep_1,31.00003594867876,-7.000022439115964
2025-08-27 15:58:00,Sheep_2,31.000008854557542,-7.00000710485855
2025-08-27 15:58:00,Sheep_3,30.999965279785684,-7.000033656769903
2025-08-27 15:58:00,Sheep_4,30.999974800139153,-6.999965866481109
2025-08-27 15:58:00,Sheep_5,30.999996023943908,-7.000016407448989
2025-08-27 15:58:00,Sheep_6,30.999974812911088,-6.999962393043572
2025-08-27 15:58:00,Sheep_7,31.000039459250967,-6.999962751658299
2025-08-27 15:58:00,Sheep_8,31.000013270858943,-6.999990887745067
2025-08-27 15:58:00,Sheep_9,30.98958284970228,-7.016453661930786
2025-08-27 15:58:00,Sheep_10,30.999981570422115,-7.00005739409073
2025-08-27 15:58:30,Sheep_1,31.000028486617477,-7.000021876889712
2025-08-27 15:58:30,Sheep_2,31.0000322298394,-6.999972277897979
2025-08-27 15:58:30,Sheep_3,31.000015003179392,-6.999980730928133
2025-08-27 15:58:30,Sheep_4,30.99998341769991,-6.999941589201397
2025-08-27 15:58:30,Sheep_5,31.000001162201695,-6.9999905072694695
2025-08-27 15:58:30,Sheep_6,30.999982507824285,-7.00002927583071
2025-08-27 15:58:30,Sheep_7,31.000012862810156,-6.999993161376876
2025-08-27 15:58:30,Sheep_8,30.99997872747846,-7.000045224128177
2025-08-27 15:58:30,Sheep_9,30.98984842605977,-7.016001681948977
2025-08-27 15:58:30,Sheep_10,30.999983473217355,-7.000010655282824
2025-08-27 15:59:00,Sheep_1,31.00003908570586,-7.000035280407521
2025-08-27 15:59:00,Sheep_2,30.999980407972718,-7.000024170024889
2025-08-27 15:59:00,Sheep_3,31.000043605869955,-6.999937328033635
2025-08-27 15:59:00,Sheep_4,31.00002025412932,-6.999975370388554
2025-08-27 15:59:00,Sheep_5,30.999984359818463,-6.999938776003014
2025-08-27 15:59:00,Sheep_6,31.000007214236103,-6.999973178217948
2025-08-27 15:59:00,Sheep_7,30.99999715617305,-7.000008426943081
2025-08-27 15:59:00,Sheep_8,31.00004481788339,-6.9999830310904585
2025-08-27 15:59:00,Sheep_9,30.9901638637866,-7.0155996445743245
2025-08-27 15:59:00,Sheep_10,30.999977137085796,-7.000018340298622
2025-08-27 15:59:30,Sheep_1,31.000002774844837,-7.000019697163369
2025-08-27 15:59:30,Sheep_2,30.999970154651223,-6.999962227455086
2025-08-27 15:59:30,Sheep_3,30.999985316113793,-6.999995655220765
2025-08-27 15:59:30,Sheep_4,31.000007980603392,-7.000018491531046
2025-08-27 15:59:30,Sheep_5,31.0000390980812,-7.000035122930867
2025-08-27 15:59:30,Sheep_6,31.000007050626937,-6.9999922620606565
2025-08-27 15:59:30,Sheep_7,30.999998537874518,-7.000040774925473
2025-08-27 15:59:30,Sheep_8,31.000023467954147,-6.999976624028588
2025-08-27 15:59:30,Sheep_9,30.99039219690441,-7.015168410667132
2025-08-27 15:59:30,Sheep_10,31.000010103512924,-7.000040262438851
2025-08-27 16:00:00,Sheep_1,30.999976987183402,-6.999964212437593
2025-08-27 16:00:00,Sheep_2,31.000008338560505,-7.000017741681533
2025-08-27 16:00:00,Sheep_3,30.999976864645404,-7.000016203978197
2025-08-27 16:00:00,Sheep_4,30.999988021572136,-7.000026597073123
2025-08-27 16:00:00,Sheep_5,30.99995306061501,-6.999964157988505
2025-08-27 16:00:00,Sheep_6,31.000026157932247,-7.000040031144446
2025-08-27 16:00:00,Sheep_7,31.000003673498803,-7.0000283663641625
2025-08-27 16:00:00,Sheep_8,30.999992950937212,-7.000010839459387
2025-08-27 16:00:00,Sheep_9,30.990663194023345,-7.014719501177376
2025-08-27 16:00:00,Sheep_10,30.999988133515505,-7.000025411810243
2025-08-27 16:00:30,Sheep_1,30.999979448937403,-6.999967183658195
2025-08-27 16:00:30,Sheep_2,30.999955476940396,-7.000023976860325
2025-08-27 16:00:30,Sheep_3,31.000038990913765,-6.9999923290755826
2025-08-27 16:00:30,Sheep_4,31.000005172170457,-6.999932965326945
2025-08-27 16:00:30,Sheep_5,31.000006638913572,-7.000022265369043
2025-08-27 16:00:30,Sheep_6,30.99999239821083,-7.000035697985591
2025-08-27 16:00:30,Sheep_7,31.000033846668344,-6.99998193578274
2025-08-27 16:00:30,Sheep_8,31.000030302213887,-6.999961863791915
2025-08-27 16:00:30,Sheep_9,30.990929985053917,-7.014359528301841
2025-08-27 16:00:30,Sheep_10,30.999998606366027,-7.000027439603296
2025-08-27 16:01:00,Sheep_1,31.000004445478137,-6.999964406880253
2025-08-27 16:01:00,Sheep_2,30.99999546874831,-6.999995284155193
2025-08-27 16:01:00,Sheep_3,30.999997470923027,-6.99997476224951
2025-08-27 16:01:00,Sheep_4,30.999982003708382,-7.000069056258463
2025-08-27 16:01:00,Sheep_5,31.00001268960275,-6.999968942491193
2025-08-27 16:01:00,Sheep_6,31.00001202948917,-7.000020128843278
2025-08-27 16:01:00,Sheep_7,30.999969412178455,-6.9999844530003035
2025-08-27 16:01:00,Sheep_8,31.000003812763733,-7.000003954919526
2025-08-27 16:01:00,Sheep_9,30.991236715910023,-7.013937814556574
2025-08-27 16:01:00,Sheep_10,31.000047836067765,-6.9999990007142046
2025-08-27 16:01:30,Sheep_1,30.999950532595843,-7.000005634130472
2025-08-27 16:01:30,Sheep_2,31.000025857781438,-7.000011477328236
2025-08-27 16:01:30,Sheep_3,30.999960255698674,-7.000005172335981
2025-08-27 16:01:30,Sheep_4,30.999976899774328,-6.999984537357918
2025-08-27 16:01:30,Sheep_5,31.000020842610926,-7.0000332091358475
2025-08-27 16:01:30,Sheep_6,30.999980979049898,-6.999976211165032
2025-08-27 16:01:30,Sheep_7,30.999976854717616,-7.000034023045877
2025-08-27 16:01:30,Sheep_8,30.999968235057533,-6.999988931907932
2025-08-27 16:01:30,Sheep_9,30.99147607379187,-7.013510550576898
2025-08-27 16:01:30,Sheep_10,31.000000137048044,-6.999951986966188
2025-08-27 16:02:00,Sheep_1,30.999973749726276,-7.000061362776961
2025-08-27 16:02:00,Sheep_2,31.000012263984253,-7.00000347101199
2025-08-27 16:02:00,Sheep_3,30.9999808652959,-6.999979498600901
2025-08-27 16:02:00,Sheep_4,31.000022616559775,-7.000069428248877
2025-08-27 16:02:00,Sheep_5,30.999982412920158,-6.999927137302357
2025-08-27 16:02:00,Sheep_6,31.000015722374663,-6.999978743305307
2025-08-27 16:02:00,Sheep_7,31.000031608721127,-6.999999463356229
2025-08-27 16:02:00,Sheep_8,31.000021470108518,-6.999977424133266
2025-08-27 16:02:00,Sheep_9,30.99174675020409,-7.013081205688868
2025-08-27 16:02:00,Sheep_10,31.00000463687358,-7.0000184980843665
2025-08-27 16:02:30,Sheep_1,31.00000034533699,-7.000036737347262
2025-08-27 16:02:30,Sheep_2,30.999978693209002,-7.000008875889056
2025-08-27 16:02:30,Sheep_3,30.99997456776595,-7.000015877740232
2025-08-27 16:02:30,Sheep_4,30.999995582303896,-6.999987352874082
2025-08-27 16:02:30,Sheep_5,31.000025581853265,-7.000014581378101
2025-08-27 16:02:30,Sheep_6,31.000035980181924,-6.999970490072817
2025-08-27 16:02:30,Sheep_7,31.000013584993674,-6.999995169272214
2025-08-27 16:02:30,Sheep_8,31.000008600094553,-6.99996267911831
2025-08-27 16:02:30,Sheep_9,30.992025595038623,-7.012624719185118
2025-08-27 16:02:30,Sheep_10,31.000001113730647,-6.999982551835365
2025-08-27 16:03:00,Sheep_1,31.00003620768523,-7.000019609628729
2025-08-27 16:03:00,Sheep_2,30.99999141887746,-6.999999495807402
2025-08-27 16:03:00,Sheep_3,31.00002424358798,-6.9999712269925825
2025-08-27 16:03:00,Sheep_4,30.99999377836567,-7.000047430673002
2025-08-27 16:03:00,Sheep_5,31.000006634493648,-7.000028871854339
2025-08-27 16:03:00,Sheep_6,30.99995984720972,-7.000039736114963
2025-08-27 16:03:00,Sheep_7,31.0000087957512,-6.99995720899281
2025-08-27 16:03:00,Sheep_8,31.000001048181357,-6.999993354193373
2025-08-27 16:03:00,Sheep_9,30.992291410356735,-7.012263314777493
2025-08-27 16:03:00,Sheep_10,31.000014018408773,-7.000000364382756
2025-08-27 16:03:30,Sheep_1,31.000015254872228,-7.000015200731438
2025-08-27 16:03:30,Sheep_2,30.999977957133748,-6.9999955824008175
2025-08-27 16:03:30,Sheep_3,31.000044444609863,-6.999972932991018
2025-08-27 16:03:30,Sheep_4,30.99998631801733,-7.000042160153483
2025-08-27 16:03:30,Sheep_5,30.999954669404858,-6.999958621840427
2025-08-27 16:03:30,Sheep_6,30.999974261167225,-7.000010234139926
2025-08-27 16:03:30,Sheep_7,31.00003560576157,-7.000050741052941
2025-08-27 16:03:30,Sheep_8,31.000040215536547,-7.000007974454484
2025-08-27 16:03:30,Sheep_9,30.992516068766236,-7.0118143708273015
2025-08-27 16:03:30,Sheep_10,30.999980526497087,-6.999986140627931
2025-08-27 16:04:00,Sheep_1,30.999982533261754,-7.000060102020664
2025-08-27 16:04:00,Sheep_2,30.999994055986317,-7.00004264976903
2025-08-27 16:04:00,Sheep_3,31.000005506285053,-7.000037323371159
2025-08-27 16:04:00,Sheep_4,30.99998684837936,-6.999994259440434
2025-08-27 16:04:00,Sheep_5,30.999994274378594,-6.999992126473271
2025-08-27 16:04:00,Sheep_6,31.000018333286896,-7.000036405429191
2025-08-27 16:04:00,Sheep_7,30.99999826452909,-7.000104679581198
2025-08-27 16:04:00,Sheep_8,31.000006665468064,-7.000009457594615
2025-08-27 16:04:00,Sheep_9,30.992785581861437,-7.011380812219372
2025-08-27 16:04:00,Sheep_10,31.000031603420155,-7.000014965995383
2025-08-27 16:04:30,Sheep_1,30.999974537877552,-6.99999481160665
2025-08-27 16:04:30,Sheep_2,30.999964006288177,-7.000020762386681
2025-08-27 16:04:30,Sheep_3,31.000032942925664,-6.999998045085355
2025-08-27 16:04:30,Sheep_4,30.9999493496147,-7.00005649740757
2025-08-27 16:04:30,Sheep_5,31.00000436810167,-6.999972886445006
2025-08-27 16:04:30,Sheep_6,30.999956406177006,-6.999985861038078
2025-08-27 16:04:30,Sheep_7,31.000035851873182,-6.999940645723735
2025-08-27 16:04:30,Sheep_8,31.000008926233196,-6.999984066129197
2025-08-27 16:04:30,Sheep_9,30.993031471740395,-7.010921662236101
2025-08-27 16:04:30,Sheep_10,30.999984490921314,-7.00002934832812
2025-08-27 16:05:00,Sheep_1,30.999993122364327,-6.999952472996119
2025-08-27 16:05:00,Sheep_2,31.000059505373184,-6.999996057151803
2025-08-27 16:05:00,Sheep_3,31.000026897704974,-6.999998641664946
2025-08-27 16:05:00,Sheep_4,30.999972032101876,-6.999953571187061
2025-08-27 16:05:00,Sheep_5,30.999983234077963,-6.999951722920876
2025-08-27 16:05:00,Sheep_6,31.000034994825633,-6.999980694703217
2025-08-27 16:05:00,Sheep_7,31.00004928965387,-6.999929815052917
2025-08-27 16:05:00,Sheep_8,30.99999527730786,-7.000025428482663
2025-08-27 16:05:00,Sheep_9,30.99330284938893,-7.010496867854505
2025-08-27 16:05:00,Sheep_10,30.999988150862137,-6.999964314447416
2025-08-27 16:05:30,Sheep_1,30.999980023660594,-6.999951636936657
2025-08-27 16:05:30,Sheep_2,30.999981132296305,-7.000037467643049
2025-08-27 16:05:30,Sheep_3,30.99999438089029,-7.000016719025132
2025-08-27 16:05:30,Sheep_4,31.00001606988283,-7.00000161585623
2025-08-27 16:05:30,Sheep_5,31.000016916162267,-7.000009149713524
2025-08-27 16:05:30,Sheep_6,30.99998207579848,-7.000018347140437
2025-08-27 16:05:30,Sheep_7,31.000055109741233,-6.999992920627121
2025-08-27 16:05:30,Sheep_8,30.999946538927162,-7.00001635536854
2025-08-27 16:05:30,Sheep_9,30.993604629863178,-7.0100834801603495
2025-08-27 16:05:30,Sheep_10,31.000027722746566,-7.0000289788037415
2025-08-27 16:06:00,Sheep_1,31.000065173079957,-7.000000979681699
2025-08-27 16:06:00,Sheep_2,31.000033587759912,-7.000036313460846
2025-08-27 16:06:00,Sheep_3,30.99993537109876,-7.0000442810783605
2025-08-27 16:06:00,Sheep_4,30.999912405673477,-6.9999335959230935
2025-08-27 16:06:00,Sheep_5,31.000005781519555,-7.000029070802887
2025-08-27 16:06:00,Sheep_6,31.000012197916725,-6.999994047338937
2025-08-27 16:06:00,Sheep_7,31.000016733742246,-6.999961972339358
2025-08-27 16:06:00,Sheep_8,30.99999218681765,-7.000027662142975
2025-08-27 16:06:00,Sheep_9,30.993884307809797,-7.009683586183388
2025-08-27 16:06:00,Sheep_10,31.000002714763063,-6.999931537708208
2025-08-27 16:06:30,Sheep_1,30.99998820098483,-7.000028291529711
2025-08-27 16:06:30,Sheep_2,31.000011267286045,-7.000021220042533
2025-08-27 16:06:30,Sheep_3,31.00001335384093,-7.000026189775011
2025-08-27 16:06:30,Sheep_4,30.999989213736537,-6.999940551987527
2025-08-27 16:06:30,Sheep_5,30.99998906969035,-7.000025115888178
2025-08-27 16:06:30,Sheep_6,31.000031549015148,-7.000033044753173
2025-08-27 16:06:30,Sheep_7,30.999981325640583,-6.999981872921522
2025-08-27 16:06:30,Sheep_8,31.000025289564064,-6.9999616282289345
2025-08-27 16:06:30,Sheep_9,30.99412255732975,-7.009266154080419
2025-08-27 16:06:30,Sheep_10,30.999987438693868,-7.000019041809808
2025-08-27 16:07:00,Sheep_1,31.000032425784646,-7.000017277987203
2025-08-27 16:07:00,Sheep_2,31.000007497428925,-6.999995108582338
2025-08-27 16:07:00,Sheep_3,30.999971143881343,-6.999969626045907
2025-08-27 16:07:00,Sheep_4,31.000015099197636,-7.000062448965982
2025-08-27 16:07:00,Sheep_5,31.000007476314533,-7.000024302280546
2025-08-27 16:07:00,Sheep_6,31.000029565450227,-7.0000454433629695
2025-08-27 16:07:00,Sheep_7,30.999990393182664,-6.999988617950096
2025-08-27 16:07:00,Sheep_8,31.000001464434803,-6.999976012596578
2025-08-27 16:07:00,Sheep_9,30.99437524804432,-7.008822265646095
2025-08-27 16:07:00,Sheep_10,31.000014152299464,-6.999957250466814
2025-08-27 16:07:30,Sheep_1,31.00002356019141,-7.000000365021935
2025-08-27 16:07:30,Sheep_2,30.999965391711886,-7.000017718108938
2025-08-27 16:07:30,Sheep_3,31.000042837675156,-6.999956441843716
2025-08-27 16:07:30,Sheep_4,30.999983302192415,-7.000088607471357
2025-08-27 16:07:30,Sheep_5,30.999994268153046,-7.00000904537723
2025-08-27 16:07:30,Sheep_6,30.999993268794142,-6.999983382730383
2025-08-27 16:07:30,Sheep_7,31.00002361334655,-6.999968864987651
2025-08-27 16:07:30,Sheep_8,31.00001201156504,-7.000056616221028
2025-08-27 16:07:30,Sheep_9,30.994662944551333,-7.008386839395652
2025-08-27 16:07:30,Sheep_10,31.000010084892242,-6.999988435754778
2025-08-27 16:08:00,Sheep_1,31.00000968790711,-6.999986940466939
2025-08-27 16:08:00,Sheep_2,30.999935776710895,-7.000007530643215
2025-08-27 16:08:00,Sheep_3,30.999998978813373,-6.999959709791651
2025-08-27 16:08:00,Sheep_4,31.00000128475282,-7.000051766308997
2025-08-27 16:08:00,Sheep_5,31.000011590616857,-7.000025272242548
2025-08-27 16:08:00,Sheep_6,30.99996720843583,-7.00002622595587
2025-08-27 16:08:00,Sheep_7,31.00001462012836,-6.9999604245535005
2025-08-27 16:08:00,Sheep_8,31.000013014640995,-6.999980129193303
2025-08-27 16:08:00,Sheep_9,30.99494411972799,-7.008011252636407
2025-08-27 16:08:00,Sheep_10,31.000018781817328,-7.000076046287466
2025-08-27 16:08:30,Sheep_1,31.00000299375722,-7.0000328524373785
2025-08-27 16:08:30,Sheep_2,31.00003133945129,-7.000004626561992
2025-08-27 16:08:30,Sheep_3,31.000000834030406,-7.000047319451501
2025-08-27 16:08:30,Sheep_4,31.00002740291652,-6.999980276807327
2025-08-27 16:08:30,Sheep_5,31.000015009375197,-7.000025561434029
2025-08-27 16:08:30,Sheep_6,30.999979150920456,-6.999992970034374
2025-08-27 16:08:30,Sheep_7,30.99998128372951,-6.99998632696763
2025-08-27 16:08:30,Sheep_8,30.99994176484182,-7.000015328398189
2025-08-27 16:08:30,Sheep_9,30.995234448034125,-7.007582408176855
2025-08-27 16:08:30,Sheep_10,31.000004494978384,-6.999937584488568
2025-08-27 16:09:00,Sheep_1,30.9999370476028,-7.0000256333769935
2025-08-27 16:09:00,Sheep_2,30.9999891886497,-6.999973013441925
2025-08-27 16:09:00,Sheep_3,31.000023598356897,-7.000027227246198
2025-08-27 16:09:00,Sheep_4,31.00002689420559,-7.0000126802140805
2025-08-27 16:09:00,Sheep_5,31.000032652882474,-7.000032466280786
2025-08-27 16:09:00,Sheep_6,30.999996676834378,-7.000015410857717
2025-08-27 16:09:00,Sheep_7,31.000028459316518,-7.0000164362385915
2025-08-27 16:09:00,Sheep_8,30.99999885604036,-6.999984065852427
2025-08-27 16:09:00,Sheep_9,30.995478509664462,-7.007151272619332
2025-08-27 16:09:00,Sheep_10,31.000005689672392,-7.00001314974361
2025-08-27 16:09:30,Sheep_1,30.999990575851275,-6.99999919286255
2025-08-27 16:09:30,Sheep_2,31.000006726351312,-7.000004627075804
2025-08-27 16:09:30,Sheep_3,31.000000517519428,-7.0000477024530845
2025-08-27 16:09:30,Sheep_4,31.00001798478129,-6.999994305830627
2025-08-27 16:09:30,Sheep_5,31.00002699974165,-6.999999994953648
2025-08-27 16:09:30,Sheep_6,30.999953151340858,-7.000011269546233
2025-08-27 16:09:30,Sheep_7,30.999994612021474,-6.999976643124137
2025-08-27 16:09:30,Sheep_8,30.99994420750419,-6.999998705316212
2025-08-27 16:09:30,Sheep_9,30.995744488501327,-7.006761971270962
2025-08-27 16:09:30,Sheep_10,31.000002011175255,-7.000019714024421
2025-08-27 16:10:00,Sheep_1,30.999980338494435,-7.000012840717856
2025-08-27 16:10:00,Sheep_2,30.999980847323236,-6.999978507044009
2025-08-27 16:10:00,Sheep_3,30.999980193535478,-7.0000283874856875
2025-08-27 16:10:00,Sheep_4,31.00004764450234,-6.999969794339279
2025-08-27 16:10:00,Sheep_5,30.999949833452373,-7.0000240443108535
2025-08-27 16:10:00,Sheep_6,31.00000653421591,-6.999989821142456
2025-08-27 16:10:00,Sheep_7,30.999959832208074,-6.9999635747072375
2025-08-27 16:10:00,Sheep_8,31.000022239249528,-6.9999848490153225
2025-08-27 16:10:00,Sheep_9,30.996026181253786,-7.006316869835244
2025-08-27 16:10:00,Sheep_10,31.000012088956503,-6.999951026572207
2025-08-27 16:10:30,Sheep_1,31.000029677135664,-7.000026456989909
2025-08-27 16:10:30,Sheep_2,31.000017064189148,-7.000020884578044
2025-08-27 16:10:30,Sheep_3,31.00001358663001,-6.999985015273944
2025-08-27 16:10:30,Sheep_4,30.99996271647559,-7.000003830825354
2025-08-27 16:10:30,Sheep_5,31.000007148500455,-7.00001371696122
2025-08-27 16:10:30,Sheep_6,31.000008481223745,-6.999974662578295
2025-08-27 16:10:30,Sheep_7,30.999999175537255,-6.99999293859368
2025-08-27 16:10:30,Sheep_8,31.000037282359287,-6.999985122702009
2025-08-27 16:10:30,Sheep_9,30.996271960289466,-7.005924674516692
2025-08-27 16:10:30,Sheep_10,31.00001808370494,-6.999989620087395
2025-08-27 16:11:00,Sheep_1,31.000034595924372,-6.999998526138855
2025-08-27 16:11:00,Sheep_2,30.999951052825185,-7.000053451790825
2025-08-27 16:11:00,Sheep_3,31.00001982610754,-7.000017926883595
2025-08-27 16:11:00,Sheep_4,31.00001177060055,-6.999996408526281
2025-08-27 16:11:00,Sheep_5,30.99999550378186,-7.000003029598292
2025-08-27 16:11:00,Sheep_6,30.999976678328107,-7.000000496050453
2025-08-27 16:11:00,Sheep_7,30.999984248290527,-7.000011703742959
2025-08-27 16:11:00,Sheep_8,30.99999127787339,-7.0000071272351665
2025-08-27 16:11:00,Sheep_9,30.99655146647872,-7.005485556936236
2025-08-27 16:11:00,Sheep_10,31.000027588097463,-6.999951649848734
2025-08-27 16:11:30,Sheep_1,31.000023040190023,-6.999983196312178
2025-08-27 16:11:30,Sheep_2,31.000008807910785,-6.999972793126917
2025-08-27 16:11:30,Sheep_3,31.000002408212502,-6.999969045129424
2025-08-27 16:11:30,Sheep_4,31.000016549743226,-7.00001131338212
2025-08-27 16:11:30,Sheep_5,31.0000241425857,-6.999997123869112
2025-08-27 16:11:30,Sheep_6,30.999997139812947,-7.0000149716990006
2025-08-27 16:11:30,Sheep_7,31.00000447409759,-6.999968671220817
2025-08-27 16:11:30,Sheep_8,31.00002395634223,-6.999988889300939
2025-08-27 16:11:30,Sheep_9,30.996812218104864,-7.005034425105356
2025-08-27 16:11:30,Sheep_10,30.999995958508144,-7.000035068798815
2025-08-27 16:12:00,Sheep_1,31.00003506458459,-7.000016656225348
2025-08-27 16:12:00,Sheep_2,30.99998139584648,-7.0000564724476115
2025-08-27 16:12:00,Sheep_3,31.000015395698522,-7.000050978461655
2025-08-27 16:12:00,Sheep_4,30.999979781023868,-6.999981505838395
2025-08-27 16:12:00,Sheep_5,31.000019455297856,-7.000020489574858
2025-08-27 16:12:00,Sheep_6,30.999996384657017,-7.000027434367142
2025-08-27 16:12:00,Sheep_7,30.999985221071114,-6.9999916301936755
2025-08-27 16:12:00,Sheep_8,30.999986480955478,-7.000007678119529
2025-08-27 16:12:00,Sheep_9,30.99704167579449,-7.00461557645293
2025-08-27 16:12:00,Sheep_10,31.00001374595562,-6.999975071059443
2025-08-27 16:12:30,Sheep_1,31.000034776104687,-7.000025944688297
2025-08-27 16:12:30,Sheep_2,30.999990341506926,-7.000059573582162
2025-08-27 16:12:30,Sheep_3,31.00008463230983,-7.000004702961496
2025-08-27 16:12:30,Sheep_4,31.000027993026407,-7.000038927779611
2025-08-27 16:12:30,Sheep_5,31.00002685200572,-6.99994159735299
2025-08-27 16:12:30,Sheep_6,30.999998375473886,-7.000031782108729
2025-08-27 16:12:30,Sheep_7,30.999996259529258,-7.000070009370176
2025-08-27 16:12:30,Sheep_8,30.999998978978592,-6.999974188797626
2025-08-27 16:12:30,Sheep_9,30.997333894881166,-7.004223522118592
2025-08-27 16:12:30,Sheep_10,31.00001421761003,-6.999981009462113
2025-08-27 16:13:00,Sheep_1,30.999955266648513,-6.999997207406551
2025-08-27 16:13:00,Sheep_2,31.000065648179778,-7.0000419729034675
2025-08-27 16:13:00,Sheep_3,30.999997698019236,-6.999938951512534
2025-08-27 16:13:00,Sheep_4,31.000029756786468,-7.000016141188838
2025-08-27 16:13:00,Sheep_5,31.00000555521145,-7.000000066391207
2025-08-27 16:13:00,Sheep_6,30.999979839962155,-7.0000023344858535
2025-08-27 16:13:00,Sheep_7,30.999992455098827,-6.999996455174003
2025-08-27 16:13:00,Sheep_8,30.99997983157077,-7.000040136869239
2025-08-27 16:13:00,Sheep_9,30.997600341920293,-7.0037598610275
2025-08-27 16:13:00,Sheep_10,31.00000221531422,-7.000010425306598
2025-08-27 16:13:30,Sheep_1,31.000020322111165,-7.000004977567754
2025-08-27 16:13:30,Sheep_2,31.00005034224555,-7.000000123009271
2025-08-27 16:13:30,Sheep_3,31.000018877930195,-7.000023724757659
2025-08-27 16:13:30,Sheep_4,31.000013557920948,-6.999991351062588
2025-08-27 16:13:30,Sheep_5,30.999998477197504,-7.000015775261269
2025-08-27 16:13:30,Sheep_6,30.999982805511166,-6.999991122833787
2025-08-27 16:13:30,Sheep_7,31.00001694949092,-7.000003997997621
2025-08-27 16:13:30,Sheep_8,31.000007741679728,-7.000001192037273
2025-08-27 16:13:30,Sheep_9,30.99786939998938,-7.003378254569755
2025-08-27 16:13:30,Sheep_10,31.000000484349066,-6.9999151736227825
2025-08-27 16:14:00,Sheep_1,31.000008398337194,-6.999979711867153
2025-08-27 16:14:00,Sheep_2,31.000011804444988,-7.000008262959488
2025-08-27 16:14:00,Sheep_3,31.00003487214912,-7.000009154187351
2025-08-27 16:14:00,Sheep_4,31.000028433018745,-7.000010507466193
2025-08-27 16:14:00,Sheep_5,30.99997412937875,-6.99998851194521
2025-08-27 16:14:00,Sheep_6,30.99997022992213,-6.999983159474253
2025-08-27 16:14:00,Sheep_7,30.999967818218035,-7.000010029610735
2025-08-27 16:14:00,Sheep_8,30.99996141583642,-6.999911208204658
2025-08-27 16:14:00,Sheep_9,30.99810446071059,-7.002952090892229
2025-08-27 16:14:00,Sheep_10,31.00003081129018,-6.999967416032698
2025-08-27 16:14:30,Sheep_1,31.000022943104263,-7.000009973658792
2025-08-27 16:14:30,Sheep_2,31.00003641094897,-6.9999712829890965
2025-08-27 16:14:30,Sheep_3,31.00000572133357,-6.999992436142292
2025-08-27 16:14:30,Sheep_4,30.99999180948668,-7.000028599454721
2025-08-27 16:14:30,Sheep_5,31.000033340396392,-6.999958744187852
2025-08-27 16:14:30,Sheep_6,30.99997617384636,-7.000004835004752
2025-08-27 16:14:30,Sheep_7,30.999996134839655,-7.000001026701435
2025-08-27 16:14:30,Sheep_8,31.000001732704238,-6.9999702306808205
2025-08-27 16:14:30,Sheep_9,30.99838729771343,-7.002548279362595
2025-08-27 16:14:30,Sheep_10,31.000033326080008,-7.000014545548156
2025-08-27 16:15:00,Sheep_1,30.999965962036825,-7.000015252482728
2025-08-27 16:15:00,Sheep_2,30.99999110529819,-6.999951111980338
2025-08-27 16:15:00,Sheep_3,31.000024923451644,-6.999963921958084
2025-08-27 16:15:00,Sheep_4,31.000022097744584,-6.999970250104136
2025-08-27 16:15:00,Sheep_5,30.999981456644093,-7.000006244050679
2025-08-27 16:15:00,Sheep_6,30.99997332244036,-7.00000661774253
2025-08-27 16:15:00,Sheep_7,31.000018436174745,-6.999995768702261
2025-08-27 16:15:00,Sheep_8,31.000035343536265,-7.00003588610627
2025-08-27 16:15:00,Sheep_9,30.99867625604951,-7.002134947699459
2025-08-27 16:15:00,Sheep_10,31.00000253799324,-6.9999767239212405
2025-08-27 16:15:30,Sheep_1,30.999994219298415,-6.999982672582579
2025-08-27 16:15:30,Sheep_2,30.99997413585156,-7.0000523064038225
2025-08-27 16:15:30,Sheep_3,31.00001501157804,-6.999945168327772
2025-08-27 16:15:30,Sheep_4,30.999973157250984,-6.999961574221657
2025-08-27 16:15:30,Sheep_5,31.000001170232,-7.0000419941341425
2025-08-27 16:15:30,Sheep_6,30.999969506684298,-6.999999503726812
2025-08-27 16:15:30,Sheep_7,30.999989100010207,-7.000041277976814
2025-08-27 16:15:30,Sheep_8,30.999954346767485,-7.000026620851043
2025-08-27 16:15:30,Sheep_9,30.99893729694036,-7.001687160781575
2025-08-27 16:15:30,Sheep_10,30.999986491970244,-6.9999936526677144
2025-08-27 16:16:00,Sheep_1,31.00002802802874,-6.999987608664666
2025-08-27 16:16:00,Sheep_2,30.999996730811947,-6.999970821421182
2025-08-27 16:16:00,Sheep_3,30.999974132672417,-7.000007071469095
2025-08-27 16:16:00,Sheep_4,30.99999458081381,-7.000038889803686
2025-08-27 16:16:00,Sheep_5,30.999988684670438,-7.000065236721028
2025-08-27 16:16:00,Sheep_6,31.000051531927262,-7.000029472284385
2025-08-27 16:16:00,Sheep_7,31.000042744721473,-6.999998802623348
2025-08-27 16:16:00,Sheep_8,31.000015222712868,-7.000015367862989
2025-08-27 16:16:00,Sheep_9,30.999204096904617,-7.001251635705884
2025-08-27 16:16:00,Sheep_10,31.000017909245805,-6.9999756411288505
2025-08-27 16:16:30,Sheep_1,30.999990073678315,-7.000015102505478
2025-08-27 16:16:30,Sheep_2,30.999957038007764,-6.999983549997148
2025-08-27 16:16:30,Sheep_3,31.00002916938676,-6.999949193544815
2025-08-27 16:16:30,Sheep_4,31.00000822419964,-7.000024098119871
2025-08-27 16:16:30,Sheep_5,30.999954264387082,-6.999967250003604
2025-08-27 16:16:30,Sheep_6,30.9999515915406,-7.0000107085903425
2025-08-27 16:16:30,Sheep_7,30.999993955080097,-7.000002183669155
2025-08-27 16:16:30,Sheep_8,31.00000096485627,-6.999995656641583
2025-08-27 16:16:30,Sheep_9,30.999423512506,-7.000843206123094
2025-08-27 16:16:30,Sheep_10,30.999939914420388,-6.9999769790677835
2025-08-27 16:17:00,Sheep_1,30.999985039746072,-7.000067817222853
2025-08-27 16:17:00,Sheep_2,30.999978057725187,-7.000017923165548
2025-08-27 16:17:00,Sheep_3,31.000032088563174,-6.999993817710474
2025-08-27 16:17:00,Sheep_4,31.00000928256228,-6.9999628623982755
2025-08-27 16:17:00,Sheep_5,30.999997408975354,-6.999976288334627
2025-08-27 16:17:00,Sheep_6,31.000018429602424,-7.0000404465938475
2025-08-27 16:17:00,Sheep_7,31.00003969592825,-7.000044654280203
2025-08-27 16:17:00,Sheep_8,31.000024722421383,-7.000047696767989
2025-08-27 16:17:00,Sheep_9,30.999744255685613,-7.000382730926393
2025-08-27 16:17:00,Sheep_10,30.999994260366783,-7.0000080598200105
2025-08-27 16:17:30,Sheep_1,31.00001645095219,-7.000010356222775
2025-08-27 16:17:30,Sheep_2,31.000049001402363,-6.999993957476727
2025-08-27 16:17:30,Sheep_3,30.999991371644587,-7.000016986574044
2025-08-27 16:17:30,Sheep_4,30.999974857658906,-7.000019736613353
2025-08-27 16:17:30,Sheep_5,30.999990549585153,-7.000015331369806
2025-08-27 16:17:30,Sheep_6,30.999982262613884,-6.9999340124431875
2025-08-27 16:17:30,Sheep_7,30.999972239622444,-6.999995389872246
2025-08-27 16:17:30,Sheep_8,31.000015968047336,-6.999980189408062
2025-08-27 16:17:30,Sheep_9,30.999998947052177,-7.000005045125029
2025-08-27 16:17:30,Sheep_10,31.00001216890472,-6.999991620560781
2025-08-27 16:18:00,Sheep_1,30.999993021231546,-7.000049105453759
2025-08-27 16:18:00,Sheep_2,30.999987389766737,-7.000036047530881
2025-08-27 16:18:00,Sheep_3,30.99998202049362,-6.999998955461563
2025-08-27 16:18:00,Sheep_4,31.00000966770061,-6.999944022575229
2025-08-27 16:18:00,Sheep_5,30.99998551725533,-6.99997564577426
2025-08-27 16:18:00,Sheep_6,31.00000824541927,-6.999959253840317
2025-08-27 16:18:00,Sheep_7,31.000015528980946,-7.000031706650563
2025-08-27 16:18:00,Sheep_8,30.999953565054906,-6.999990213933864
2025-08-27 16:18:00,Sheep_9,30.999985758596896,-7.000030821058815
2025-08-27 16:18:00,Sheep_10,30.999543566477044,-7.000133076183395
2025-08-27 16:18:30,Sheep_1,31.000040631720246,-7.000012848656316
2025-08-27 16:18:30,Sheep_2,31.000015907392502,-7.000003215253492
2025-08-27 16:18:30,Sheep_3,30.999965252009815,-6.999976897535376
2025-08-27 16:18:30,Sheep_4,30.99997049877711,-6.999999320058852
2025-08-27 16:18:30,Sheep_5,30.99999079625184,-6.999971921650338
2025-08-27 16:18:30,Sheep_6,30.99997148353416,-6.999987711052235
2025-08-27 16:18:30,Sheep_7,30.99997736801813,-7.000016069145082
2025-08-27 16:18:30,Sheep_8,30.99990203377037,-6.999934224432342
2025-08-27 16:18:30,Sheep_9,31.000014837143357,-7.000024125400764
2025-08-27 16:18:30,Sheep_10,30.999112474307317,-7.000283289254529
2025-08-27 16:19:00,Sheep_1,31.00001931942692,-7.00005948713972
2025-08-27 16:19:00,Sheep_2,30.999996184394018,-6.999944331029206
2025-08-27 16:19:00,Sheep_3,30.99996944090004,-6.999997472694821
2025-08-27 16:19:00,Sheep_4,31.00005937773487,-6.999980125156217
2025-08-27 16:19:00,Sheep_5,31.000003393563254,-6.9999840713526265
2025-08-27 16:19:00,Sheep_6,30.999989196945698,-6.9999591395994925
2025-08-27 16:19:00,Sheep_7,30.999989238321337,-7.000061596659072
2025-08-27 16:19:00,Sheep_8,30.99998945464147,-7.000030394128336
2025-08-27 16:19:00,Sheep_9,30.999992422008294,-7.000008145601401
2025-08-27 16:19:00,Sheep_10,30.99872053335699,-7.000394777354695
2025-08-27 16:19:30,Sheep_1,31.000007094829883,-7.000000092603716
2025-08-27 16:19:30,Sheep_2,30.999971464480538,-7.0000685761375525
2025-08-27 16:19:30,Sheep_3,31.000003049587082,-6.999975016484902
2025-08-27 16:19:30,Sheep_4,30.99999708047386,-7.000016815816985
2025-08-27 16:19:30,Sheep_5,31.000012518024576,-7.000002619963932
2025-08-27 16:19:30,Sheep_6,31.000045429685375,-6.999961243027662
2025-08-27 16:19:30,Sheep_7,31.000025858104305,-6.99997617684359
2025-08-27 16:19:30,Sheep_8,30.99996523084582,-6.999979155481631
2025-08-27 16:19:30,Sheep_9,31.000010141734396,-6.999980934009853
2025-08-27 16:19:30,Sheep_10,30.998274210577687,-7.000536311014758
2025-08-27 16:20:00,Sheep_1,31.000072786555954,-7.000002395277047
2025-08-27 16:20:00,Sheep_2,31.000025233669984,-7.0000148079170605
2025-08-27 16:20:00,Sheep_3,31.000021307265108,-6.999970467787785
2025-08-27 16:20:00,Sheep_4,31.000009821040525,-6.999947518885254
2025-08-27 16:20:00,Sheep_5,30.999976169348642,-7.000015318223744
2025-08-27 16:20:00,Sheep_6,31.000005723502138,-6.99997230743734
2025-08-27 16:20:00,Sheep_7,31.000004835506324,-6.999959575742919
2025-08-27 16:20:00,Sheep_8,30.999982167897837,-7.000035859781477
2025-08-27 16:20:00,Sheep_9,31.000008303853843,-7.000002426547459
2025-08-27 16:20:00,Sheep_10,30.997841453517864,-7.000682825498104
2025-08-27 16:20:30,Sheep_1,30.99999083669267,-7.000002356036846
2025-08-27 16:20:30,Sheep_2,31.00000077745854,-7.000009588610401
2025-08-27 16:20:30,Sheep_3,30.999994525726382,-7.000012688972309
2025-08-27 16:20:30,Sheep_4,31.00002308655551,-6.999993899980678
2025-08-27 16:20:30,Sheep_5,31.000060817978948,-6.999994947449786
2025-08-27 16:20:30,Sheep_6,30.999985154757358,-6.999916033980809
2025-08-27 16:20:30,Sheep_7,31.00001114695592,-6.999968870482111
2025-08-27 16:20:30,Sheep_8,31.000015956781798,-6.999980412536644
2025-08-27 16:20:30,Sheep_9,31.000014435520608,-7.000034649532694
2025-08-27 16:20:30,Sheep_10,30.99740464347733,-7.000846470463527
2025-08-27 16:21:00,Sheep_1,30.999995301037465,-7.000022813408869
2025-08-27 16:21:00,Sheep_2,31.00000963358388,-6.99998949507261
2025-08-27 16:21:00,Sheep_3,31.000012966561915,-6.999990967397323
2025-08-27 16:21:00,Sheep_4,30.999983646460425,-7.000008205948279
2025-08-27 16:21:00,Sheep_5,31.00002480406471,-6.999966426591902
2025-08-27 16:21:00,Sheep_6,30.999969094957816,-7.0000481323564
2025-08-27 16:21:00,Sheep_7,30.999980410814324,-6.999967138679333
2025-08-27 16:21:00,Sheep_8,31.000032740317017,-7.000029072936466
2025-08-27 16:21:00,Sheep_9,31.0000082817828,-6.999942325488911
2025-08-27 16:21:00,Sheep_10,30.99697184200853,-7.000925356900983
2025-08-27 16:21:30,Sheep_1,31.00002691501716,-7.00002861664235
2025-08-27 16:21:30,Sheep_2,30.999994880126927,-6.999998907319393
2025-08-27 16:21:30,Sheep_3,31.000002806325586,-6.999971190622712
2025-08-27 16:21:30,Sheep_4,31.00001101378267,-7.000092314141626
2025-08-27 16:21:30,Sheep_5,30.999964619827352,-7.000068771244013
2025-08-27 16:21:30,Sheep_6,31.000004725976662,-6.999992439069615
2025-08-27 16:21:30,Sheep_7,31.000007632724362,-7.000030148699497
2025-08-27 16:21:30,Sheep_8,31.0000181677328,-6.999977480711025
2025-08-27 16:21:30,Sheep_9,30.999966174567,-7.000046092233042
2025-08-27 16:21:30,Sheep_10,30.996530718125193,-7.001054046083973
2025-08-27 16:22:00,Sheep_1,31.000045806937,-6.999982286569987
2025-08-27 16:22:00,Sheep_2,30.999980327074965,-6.999972117671632
2025-08-27 16:22:00,Sheep_3,30.999987807466812,-7.000024130417039
2025-08-27 16:22:00,Sheep_4,30.999942221519092,-6.999996781104244
2025-08-27 16:22:00,Sheep_5,30.999983025493645,-6.999996968229395
2025-08-27 16:22:00,Sheep_6,30.999938033838585,-6.9999946606503425
2025-08-27 16:22:00,Sheep_7,30.99993448290072,-6.999965795164383
2025-08-27 16:22:00,Sheep_8,31.000014064621833,-7.000008761218891
2025-08-27 16:22:00,Sheep_9,31.00001516492616,-7.000030750649473
2025-08-27 16:22:00,Sheep_10,30.996098360867173,-7.001211393602187
2025-08-27 16:22:30,Sheep_1,30.999916610961666,-7.0000140607314245
2025-08-27 16:22:30,Sheep_2,30.999999389755747,-7.000006171470269
2025-08-27 16:22:30,Sheep_3,31.000039267925608,-7.000035335445226
2025-08-27 16:22:30,Sheep_4,30.999983260171305,-7.000060234911717
2025-08-27 16:22:30,Sheep_5,31.000040701221288,-7.0000077433607375
2025-08-27 16:22:30,Sheep_6,30.9999881851719,-7.000001650055245
2025-08-27 16:22:30,Sheep_7,31.000017146132638,-6.999989078896491
2025-08-27 16:22:30,Sheep_8,31.000071358719374,-6.9999857282581495
2025-08-27 16:22:30,Sheep_9,30.999987461944954,-7.00001764905276
2025-08-27 16:22:30,Sheep_10,30.995656344218748,-7.0013959807888435
2025-08-27 16:23:00,Sheep_1,31.000001074313893,-6.999975367767022
2025-08-27 16:23:00,Sheep_2,30.999983470258698,-7.000025384024557
2025-08-27 16:23:00,Sheep_3,31.00004085371397,-7.0000448486226485
2025-08-27 16:23:00,Sheep_4,30.999944273669335,-7.000036247230808
2025-08-27 16:23:00,Sheep_5,30.999958486362278,-6.999987857054656
2025-08-27 16:23:00,Sheep_6,30.999990279253492,-7.000006906959495
2025-08-27 16:23:00,Sheep_7,31.000031070809655,-7.000021735564257
2025-08-27 16:23:00,Sheep_8,31.000020888144405,-6.9999524840194525
2025-08-27 16:23:00,Sheep_9,30.99998772019858,-6.999976828005449
2025-08-27 16:23:00,Sheep_10,30.995225396120595,-7.001481583428199
2025-08-27 16:23:30,Sheep_1,30.999957649411044,-7.000051734895994
2025-08-27 16:23:30,Sheep_2,30.999989455595177,-7.000027947791139
2025-08-27 16:23:30,Sheep_3,30.999986075032982,-7.000006901914553
2025-08-27 16:23:30,Sheep_4,31.000019403886053,-7.000012816846362
2025-08-27 16:23:30,Sheep_5,30.99997779748534,-7.000011051578644
2025-08-27 16:23:30,Sheep_6,30.999979272045998,-7.00002936512788
2025-08-27 16:23:30,Sheep_7,30.999956530269127,-6.999997815608405
2025-08-27 16:23:30,Sheep_8,30.999984673759254,-6.999969620201719
2025-08-27 16:23:30,Sheep_9,30.999960993637476,-7.000017043104008
2025-08-27 16:23:30,Sheep_10,30.994828651832954,-7.001657096962905
2025-08-27 16:24:00,Sheep_1,30.999993625586093,-7.000038226128176
2025-08-27 16:24:00,Sheep_2,30.9999636607749,-6.999951352551148
2025-08-27 16:24:00,Sheep_3,31.000004609400627,-6.999995797138056
2025-08-27 16:24:00,Sheep_4,30.99995428540509,-6.999988721172718
2025-08-27 16:24:00,Sheep_5,31.000031191752047,-6.999963860447489
2025-08-27 16:24:00,Sheep_6,31.000018011136262,-7.000035511020387
2025-08-27 16:24:00,Sheep_7,31.000008438467944,-6.999979011132491
2025-08-27 16:24:00,Sheep_8,30.99995164093824,-7.000035253024229
2025-08-27 16:24:00,Sheep_9,31.00002393524942,-6.999972457125569
2025-08-27 16:24:00,Sheep_10,30.99433459860914,-7.0017571893331985
2025-08-27 16:24:30,Sheep_1,31.000002568363254,-6.999975445082735
2025-08-27 16:24:30,Sheep_2,30.999982900072133,-6.999979715434397
2025-08-27 16:24:30,Sheep_3,31.000022740624537,-7.000011045968451
2025-08-27 16:24:30,Sheep_4,31.000000478419317,-7.000020389516488
2025-08-27 16:24:30,Sheep_5,31.00004451057174,-7.000003781349115
2025-08-27 16:24:30,Sheep_6,30.999975152057353,-7.0000225055628205
2025-08-27 16:24:30,Sheep_7,31.00000341638343,-6.999976315272076
2025-08-27 16:24:30,Sheep_8,30.999964000354513,-6.999941909579605
2025-08-27 16:24:30,Sheep_9,31.000008318593984,-6.999985334626759
2025-08-27 16:24:30,Sheep_10,30.993927014730353,-7.00190989954144
2025-08-27 16:25:00,Sheep_1,30.999996003868006,-6.999968000500296
2025-08-27 16:25:00,Sheep_2,30.999999786329838,-6.999975883945322
2025-08-27 16:25:00,Sheep_3,30.999988308097645,-6.999993849062859
2025-08-27 16:25:00,Sheep_4,30.999978334881128,-6.999961752359017
2025-08-27 16:25:00,Sheep_5,30.999977531066097,-7.000010217351951
2025-08-27 16:25:00,Sheep_6,30.999991512026256,-7.000011128229694
2025-08-27 16:25:00,Sheep_7,31.000019470780707,-7.000009955718393
2025-08-27 16:25:00,Sheep_8,31.000037565339486,-7.000025732852235
2025-08-27 16:25:00,Sheep_9,31.000004564610222,-7.000024390707265
2025-08-27 16:25:00,Sheep_10,30.993502664211903,-7.002047087744782
2025-08-27 16:25:30,Sheep_1,30.999995821180974,-6.999962634353548
2025-08-27 16:25:30,Sheep_2,30.99998236592155,-6.99998155996665
2025-08-27 16:25:30,Sheep_3,30.99997927704152,-6.9999964571779225
2025-08-27 16:25:30,Sheep_4,30.999967780039665,-7.000020829535459
2025-08-27 16:25:30,Sheep_5,30.999997786299527,-6.999942947440096
2025-08-27 16:25:30,Sheep_6,31.0000027165973,-6.999947977237192
2025-08-27 16:25:30,Sheep_7,31.00000593756625,-7.0000121699265305
2025-08-27 16:25:30,Sheep_8,31.000041484634995,-6.999986260168351
2025-08-27 16:25:30,Sheep_9,30.999982679080293,-6.999985205235888
2025-08-27 16:25:30,Sheep_10,30.99305618415952,-7.0022248938173055
2025-08-27 16:26:00,Sheep_1,31.000025223854454,-6.999965575279274
2025-08-27 16:26:00,Sheep_2,31.000049531315934,-6.999986727804624
2025-08-27 16:26:00,Sheep_3,30.99999329706906,-6.999973747936966
2025-08-27 16:26:00,Sheep_4,31.000022902093928,-6.9999484924485555
2025-08-27 16:26:00,Sheep_5,30.999998797315225,-7.000005205801993
2025-08-27 16:26:00,Sheep_6,30.999980716553544,-6.99998310219493
2025-08-27 16:26:00,Sheep_7,30.99995827537725,-6.999975599817239
2025-08-27 16:26:00,Sheep_8,31.00001584176577,-6.999981605396032
2025-08-27 16:26:00,Sheep_9,31.000003725078237,-6.999951803172276
2025-08-27 16:26:00,Sheep_10,30.992643447473068,-7.002332378232757
2025-08-27 16:26:30,Sheep_1,30.99998412201627,-7.000027656939887
2025-08-27 16:26:30,Sheep_2,31.000014856719353,-7.000031444362218
2025-08-27 16:26:30,Sheep_3,31.000029196698083,-6.9999584057264155
2025-08-27 16:26:30,Sheep_4,30.999976311095878,-7.000005833644914
2025-08-27 16:26:30,Sheep_5,31.0000004479244,-6.999972207574266
2025-08-27 16:26:30,Sheep_6,31.00004337073416,-7.0000529918716206
2025-08-27 16:26:30,Sheep_7,30.999991425241173,-7.000008363563454
2025-08-27 16:26:30,Sheep_8,30.999962252878507,-7.000015251856356
2025-08-27 16:26:30,Sheep_9,31.00001152808869,-7.0000087616631825
2025-08-27 16:26:30,Sheep_10,30.992166370095827,-7.002395863363397
2025-08-27 16:27:00,Sheep_1,31.000007173316526,-6.9999964883371595
2025-08-27 16:27:00,Sheep_2,30.999970411614363,-6.999991803399692
2025-08-27 16:27:00,Sheep_3,30.999995574547683,-7.000059375165775
2025-08-27 16:27:00,Sheep_4,30.999971157327344,-6.999975007530349
2025-08-27 16:27:00,Sheep_5,31.00005238998338,-6.999988456321672
2025-08-27 16:27:00,Sheep_6,31.000029727361074,-7.00000489694605
2025-08-27 16:27:00,Sheep_7,30.9999976676385,-6.999965699625334
2025-08-27 16:27:00,Sheep_8,31.00004481074261,-6.9999590935270675
2025-08-27 16:27:00,Sheep_9,30.999971262223983,-7.0000021051871455
2025-08-27 16:27:00,Sheep_10,30.99176544723686,-7.002597997204682
2025-08-27 16:27:30,Sheep_1,31.000010452502966,-6.999974201069525
2025-08-27 16:27:30,Sheep_2,31.0000270250562,-6.999946996251627
2025-08-27 16:27:30,Sheep_3,30.999991121781225,-7.000042885195248
2025-08-27 16:27:30,Sheep_4,31.000009654184172,-6.999940772991474
2025-08-27 16:27:30,Sheep_5,30.999987145817645,-6.999978405534795
2025-08-27 16:27:30,Sheep_6,31.00001874988661,-6.999993981063078
2025-08-27 16:27:30,Sheep_7,31.000000186616628,-7.000029032609182
2025-08-27 16:27:30,Sheep_8,30.999938510723883,-7.000034956580142
2025-08-27 16:27:30,Sheep_9,30.999989481562636,-6.999965497036705
2025-08-27 16:27:30,Sheep_10,30.99132494840592,-7.0027398833619285
2025-08-27 16:28:00,Sheep_1,30.999975988534622,-6.999979350028341
2025-08-27 16:28:00,Sheep_2,31.00003660682267,-6.999966565586716
2025-08-27 16:28:00,Sheep_3,31.00001633533147,-7.0000463932566825
2025-08-27 16:28:00,Sheep_4,30.99999052261293,-6.999938776765686
2025-08-27 16:28:00,Sheep_5,31.000030235819942,-7.000048339092779
2025-08-27 16:28:00,Sheep_6,30.999998501872355,-6.999988584187261
2025-08-27 16:28:00,Sheep_7,30.999979460336068,-7.000072601361813
2025-08-27 16:28:00,Sheep_8,31.00000266324232,-7.000024767115314
2025-08-27 16:28:00,Sheep_9,30.99997887598619,-7.000011151148578
2025-08-27 16:28:00,Sheep_10,30.990890739637766,-7.00286564518932
2025-08-27 16:28:30,Sheep_1,30.999976177059857,-7.000006923386408
2025-08-27 16:28:30,Sheep_2,30.999952638608416,-6.999990220933484
2025-08-27 16:28:30,Sheep_3,30.99992302527632,-7.000009101566547
2025-08-27 16:28:30,Sheep_4,31.000024771455813,-7.0000333056654185
2025-08-27 16:28:30,Sheep_5,31.000019307317743,-6.999963663769847
2025-08-27 16:28:30,Sheep_6,30.99991085429521,-7.000004758848862
2025-08-27 16:28:30,Sheep_7,30.999922499817796,-7.000003716472882
2025-08-27 16:28:30,Sheep_8,30.999999806740632,-7.00007805116935
2025-08-27 16:28:30,Sheep_9,31.00005187311432,-6.999991007664571
2025-08-27 16:28:30,Sheep_10,30.990444227605778,-7.002971190695764
2025-08-27 16:29:00,Sheep_1,30.999951609417337,-7.0000386451305765
2025-08-27 16:29:00,Sheep_2,30.999938031202202,-6.999943375148863
2025-08-27 16:29:00,Sheep_3,31.000008956513785,-6.999979268411331
2025-08-27 16:29:00,Sheep_4,31.000008111783163,-6.999981960744726
2025-08-27 16:29:00,Sheep_5,31.00000210414249,-6.999991482234466
2025-08-27 16:29:00,Sheep_6,31.00000289984108,-7.0000191341230416
2025-08-27 16:29:00,Sheep_7,30.99999874349357,-6.9999913981881114
2025-08-27 16:29:00,Sheep_8,31.000002979225286,-7.000046461146992
2025-08-27 16:29:00,Sheep_9,30.999963753503362,-6.999965955471235
2025-08-27 16:29:00,Sheep_10,30.990020305888258,-7.00312609943132
2025-08-27 16:29:30,Sheep_1,30.99997056809442,-7.000046315698311
2025-08-27 16:29:30,Sheep_2,30.999977265632072,-7.000006997444609
2025-08-27 16:29:30,Sheep_3,30.999982074911088,-6.999959318737105
2025-08-27 16:29:30,Sheep_4,31.00000483803364,-6.999941869379937
2025-08-27 16:29:30,Sheep_5,31.00001089853092,-7.000075850584531
2025-08-27 16:29:30,Sheep_6,31.00002845961929,-7.000047460294761
2025-08-27 16:29:30,Sheep_7,31.000006212729083,-7.000024356062539
2025-08-27 16:29:30,Sheep_8,31.00005774463801,-6.999954739049029
2025-08-27 16:29:30,Sheep_9,30.99998000842683,-7.000004004124389
2025-08-27 16:29:30,Sheep_10,30.989596555976874,-7.003256708345907
2025-08-27 16:30:00,Sheep_1,31.000000785624657,-7.000032222690035
2025-08-27 16:30:00,Sheep_2,30.99998066227167,-7.0000001409076535
2025-08-27 16:30:00,Sheep_3,31.000033267794972,-6.999986548780003
2025-08-27 16:30:00,Sheep_4,30.999979156981855,-6.999979615163412
2025-08-27 16:30:00,Sheep_5,30.999989571015842,-6.999972005577183
2025-08-27 16:30:00,Sheep_6,31.000068101250942,-7.000011281499141
2025-08-27 16:30:00,Sheep_7,31.000021602726186,-7.000023435162285
2025-08-27 16:30:00,Sheep_8,30.999996974566102,-6.999999070561862
2025-08-27 16:30:00,Sheep_9,30.999994780354115,-6.999922562863085
2025-08-27 16:30:00,Sheep_10,30.989152993214972,-7.0033989553248235
2025-08-27 16:30:30,Sheep_1,30.999947985441896,-6.999986418030408
2025-08-27 16:30:30,Sheep_2,31.000030777612082,-7.0000165876575675
2025-08-27 16:30:30,Sheep_3,30.999932351181968,-7.000001215211401
2025-08-27 16:30:30,Sheep_4,31.000000463093343,-6.999977235084361
2025-08-27 16:30:30,Sheep_5,31.000054192500055,-7.000011948884698
2025-08-27 16:30:30,Sheep_6,30.999976923604287,-7.000036687889298
2025-08-27 16:30:30,Sheep_7,31.000005338087057,-6.9999849291047225
2025-08-27 16:30:30,Sheep_8,30.99998529494985,-6.99997551821873
2025-08-27 16:30:30,Sheep_9,31.000012541791506,-6.999998640795914
2025-08-27 16:30:30,Sheep_10,30.988708628611498,-7.003557805834473
2025-08-27 16:31:00,Sheep_1,30.999934519709907,-6.99999258685599
2025-08-27 16:31:00,Sheep_2,31.000000709880222,-6.99999407422155
2025-08-27 16:31:00,Sheep_3,31.000013591062224,-6.999987869774575
2025-08-27 16:31:00,Sheep_4,30.99999702524666,-6.999998469876989
2025-08-27 16:31:00,Sheep_5,30.99996215460609,-7.00001835217391
2025-08-27 16:31:00,Sheep_6,31.000001360161345,-7.000023135232405
2025-08-27 16:31:00,Sheep_7,31.000023180492164,-7.000020707389026
2025-08-27 16:31:00,Sheep_8,31.000005829287044,-6.9999963351763865
2025-08-27 16:31:00,Sheep_9,31.00002011168506,-6.999971679130411
2025-08-27 16:31:00,Sheep_10,30.988303650802454,-7.003728298071722
2025-08-27 16:31:30,Sheep_1,31.000032181498778,-6.9999519814377775
2025-08-27 16:31:30,Sheep_2,30.99998700707103,-6.999992559822359
2025-08-27 16:31:30,Sheep_3,30.9999759926784,-7.000061257009604
2025-08-27 16:31:30,Sheep_4,30.999980092114654,-7.000016981968449
2025-08-27 16:31:30,Sheep_5,30.999990437008677,-7.0000301482537495
2025-08-27 16:31:30,Sheep_6,30.9999802346793,-7.000000346038692
2025-08-27 16:31:30,Sheep_7,30.999979242894813,-6.999982911597955
2025-08-27 16:31:30,Sheep_8,31.000018370301422,-6.999925160622269
2025-08-27 16:31:30,Sheep_9,31.000030336325874,-6.999992356841175
2025-08-27 16:31:30,Sheep_10,30.987846377911854,-7.00381444947523
2025-08-27 16:32:00,Sheep_1,31.000008801544016,-7.000016138560713
2025-08-27 16:32:00,Sheep_2,31.000021121040156,-7.000043956193941
2025-08-27 16:32:00,Sheep_3,30.999993413586896,-6.999982523813077
2025-08-27 16:32:00,Sheep_4,30.999992249798392,-7.000006500357314
2025-08-27 16:32:00,Sheep_5,30.999996286762634,-7.000026271298441
2025-08-27 16:32:00,Sheep_6,31.000031635849755,-7.0000320070988415
2025-08-27 16:32:00,Sheep_7,31.000008574182377,-6.999986994912338
2025-08-27 16:32:00,Sheep_8,30.99997443527036,-6.999997701602641
2025-08-27 16:32:00,Sheep_9,30.99997548601762,-6.9999562656321865
2025-08-27 16:32:00,Sheep_10,30.98740340215146,-7.003970762328601
2025-08-27 16:32:30,Sheep_1,30.999967007949827,-7.000042686040553
2025-08-27 16:32:30,Sheep_2,31.00004288219433,-6.9999829351672185
2025-08-27 16:32:30,Sheep_3,31.000003780814563,-7.000020642776139
2025-08-27 16:32:30,Sheep_4,31.000024459534973,-7.000025913548989
2025-08-27 16:32:30,Sheep_5,31.00002138805141,-7.000027431749769
2025-08-27 16:32:30,Sheep_6,30.999982630945873,-6.999976159605924
2025-08-27 16:32:30,Sheep_7,31.000023279572694,-6.999981215454223
2025-08-27 16:32:30,Sheep_8,30.99997171198035,-7.000014045090217
2025-08-27 16:32:30,Sheep_9,31.000004228316776,-7.000026701388801
2025-08-27 16:32:30,Sheep_10,30.98701483286497,-7.00414385167632
2025-08-27 16:33:00,Sheep_1,30.999979013487728,-7.000016020768065
2025-08-27 16:33:00,Sheep_2,30.999923357608747,-7.000043897436225
2025-08-27 16:33:00,Sheep_3,31.000016851136703,-6.999999047882632
2025-08-27 16:33:00,Sheep_4,31.000042394970052,-6.999951418088986
2025-08-27 16:33:00,Sheep_5,31.000011670312034,-6.999990151791163
2025-08-27 16:33:00,Sheep_6,31.00000177679955,-7.000083475764132
2025-08-27 16:33:00,Sheep_7,30.99996241754815,-6.999996834762733
2025-08-27 16:33:00,Sheep_8,31.00001660148335,-6.999990892782689
2025-08-27 16:33:00,Sheep_9,30.999975948662385,-6.999970527951602
2025-08-27 16:33:00,Sheep_10,30.986583175823743,-7.004210296847758
2025-08-27 16:33:30,Sheep_1,31.000026669044097,-7.0000175820560315
2025-08-27 16:33:30,Sheep_2,31.00002899570938,-6.999995417349176
2025-08-27 16:33:30,Sheep_3,31.000013786081436,-6.999988510824859
2025-08-27 16:33:30,Sheep_4,30.999996726003268,-7.000027038473118
2025-08-27 16:33:30,Sheep_5,30.999997786471518,-6.9999689762201385
2025-08-27 16:33:30,Sheep_6,30.99998810252052,-6.999971913166946
2025-08-27 16:33:30,Sheep_7,31.000019863564606,-7.000009398590128
2025-08-27 16:33:30,Sheep_8,31.000037427239587,-7.0000111783853995
2025-08-27 16:33:30,Sheep_9,31.000040681284474,-6.999986351050072
2025-08-27 16:33:30,Sheep_10,30.98612259691375,-7.004385015649298
2025-08-27 16:34:00,Sheep_1,30.99999762144547,-7.000006406197991
2025-08-27 16:34:00,Sheep_2,30.99996608974887,-7.000006841827701
2025-08-27 16:34:00,Sheep_3,30.999978338038623,-6.999981576421986
2025-08-27 16:34:00,Sheep_4,31.00003520339047,-7.000038574222158
2025-08-27 16:34:00,Sheep_5,31.00004614555502,-7.000004041643819
2025-08-27 16:34:00,Sheep_6,30.99997372382182,-6.999976176193852
2025-08-27 16:34:00,Sheep_7,30.99998796834859,-7.000002569800648
2025-08-27 16:34:00,Sheep_8,30.999989104970062,-7.000025678236114
2025-08-27 16:34:00,Sheep_9,31.000019511238747,-7.000009001314543
2025-08-27 16:34:00,Sheep_10,30.98566341081858,-7.004491307346642
2025-08-27 16:34:30,Sheep_1,30.999967510357052,-7.000036258493527
2025-08-27 16:34:30,Sheep_2,31.000032139944437,-7.000037612919893
2025-08-27 16:34:30,Sheep_3,30.999937573350962,-6.999980417238317
2025-08-27 16:34:30,Sheep_4,30.99999181108257,-7.000006843075819
2025-08-27 16:34:30,Sheep_5,30.999991524423464,-6.999992716298383
2025-08-27 16:34:30,Sheep_6,30.9999797147168,-6.999953590956411
2025-08-27 16:34:30,Sheep_7,30.99996021656988,-6.999986013135051
2025-08-27 16:34:30,Sheep_8,31.000017304734204,-7.000023883447209
2025-08-27 16:34:30,Sheep_9,30.999972411037227,-6.999968020048265
2025-08-27 16:34:30,Sheep_10,30.985237760061395,-7.004652023468064
2025-08-27 16:35:00,Sheep_1,31.0000239123867,-6.999998907735807
2025-08-27 16:35:00,Sheep_2,30.999951568172808,-6.999945072470043
2025-08-27 16:35:00,Sheep_3,30.999985716562374,-7.000012662686993
2025-08-27 16:35:00,Sheep_4,31.000006893215566,-6.999980347588918
2025-08-27 16:35:00,Sheep_5,31.000052850457006,-7.000052192533545
2025-08-27 16:35:00,Sheep_6,31.00002225886298,-6.9999766397792795
2025-08-27 16:35:00,Sheep_7,30.999996303496832,-6.999975248119338
2025-08-27 16:35:00,Sheep_8,31.000025178063716,-7.0000434489024075
2025-08-27 16:35:00,Sheep_9,31.000047155044175,-7.00004900747672
2025-08-27 16:35:00,Sheep_10,30.984801504802494,-7.004781245091999
2025-08-27 16:35:30,Sheep_1,31.000051875867225,-7.0000096915867545
2025-08-27 16:35:30,Sheep_2,30.99999913940289,-6.99995497545652
2025-08-27 16:35:30,Sheep_3,30.999991906625695,-7.000037050043814
2025-08-27 16:35:30,Sheep_4,30.999988755798547,-6.9999569023122366
2025-08-27 16:35:30,Sheep_5,31.000001909764563,-6.999939300114886
2025-08-27 16:35:30,Sheep_6,31.00001988685572,-7.0000202727894365
2025-08-27 16:35:30,Sheep_7,31.00000137647245,-7.000026825172972
2025-08-27 16:35:30,Sheep_8,30.999981986174166,-6.999859177615625
2025-08-27 16:35:30,Sheep_9,31.000027451253416,-6.999972927083931
2025-08-27 16:35:30,Sheep_10,30.984377046013105,-7.00487930977624
2025-08-27 16:36:00,Sheep_1,31.00002962851963,-6.9999408418369455
2025-08-27 16:36:00,Sheep_2,31.000049401207736,-7.000046502559135
2025-08-27 16:36:00,Sheep_3,30.99997009056353,-7.000031559083433
2025-08-27 16:36:00,Sheep_4,30.99997456142715,-6.999989830659436
2025-08-27 16:36:00,Sheep_5,30.999984725023747,-6.999934837513205
2025-08-27 16:36:00,Sheep_6,31.000051329856685,-7.000000203152482
2025-08-27 16:36:00,Sheep_7,31.000052694741722,-6.999953213055452
2025-08-27 16:36:00,Sheep_8,30.999987853757837,-7.000063169719436
2025-08-27 16:36:00,Sheep_9,30.99999412589692,-7.0000202669162785
2025-08-27 16:36:00,Sheep_10,30.983958292397535,-7.0050467882572205
2025-08-27 16:36:30,Sheep_1,31.000001698284017,-6.999983535354593
2025-08-27 16:36:30,Sheep_2,30.99996732333955,-6.999987066835121
2025-08-27 16:36:30,Sheep_3,30.99998815263691,-6.999993712560729
2025-08-27 16:36:30,Sheep_4,31.00002580155889,-7.000038495122179
2025-08-27 16:36:30,Sheep_5,30.99999241932305,-7.00000372671567
2025-08-27 16:36:30,Sheep_6,30.999986140793077,-6.999971709365559
2025-08-27 16:36:30,Sheep_7,30.999980586012608,-7.000017461785523
2025-08-27 16:36:30,Sheep_8,30.999980868151287,-6.999965665783832
2025-08-27 16:36:30,Sheep_9,30.999986728958522,-6.999985536175425
2025-08-27 16:36:30,Sheep_10,30.983556418292125,-7.005186676904844
2025-08-27 16:37:00,Sheep_1,31.000029969296083,-6.99994745263673
2025-08-27 16:37:00,Sheep_2,31.000027682129716,-7.000000528233283
2025-08-27 16:37:00,Sheep_3,31.000017304377263,-7.000040475175933
2025-08-27 16:37:00,Sheep_4,30.999978978355422,-7.000019010984406
2025-08-27 16:37:00,Sheep_5,31.00006038300719,-7.000025547652688
2025-08-27 16:37:00,Sheep_6,30.99997770005162,-7.000032820869914
2025-08-27 16:37:00,Sheep_7,31.00001508655485,-6.999995515984194
2025-08-27 16:37:00,Sheep_8,31.000029287432007,-6.999978895599767
2025-08-27 16:37:00,Sheep_9,30.999962799411247,-7.000025380808678
2025-08-27 16:37:00,Sheep_10,30.983111792195533,-7.00532582007073
2025-08-27 16:37:30,Sheep_1,31.000032004810045,-7.000004705968184
2025-08-27 16:37:30,Sheep_2,30.99997392230251,-7.000009534517193
2025-08-27 16:37:30,Sheep_3,30.99997391170152,-7.000017780975759
2025-08-27 16:37:30,Sheep_4,31.000005414814225,-6.999983915138754
2025-08-27 16:37:30,Sheep_5,30.99995714540092,-7.000000546050061
2025-08-27 16:37:30,Sheep_6,30.99998419109588,-7.000020386158051
2025-08-27 16:37:30,Sheep_7,31.000003575762282,-7.000017306203869
2025-08-27 16:37:30,Sheep_8,31.000037247700185,-6.999962647341103
2025-08-27 16:37:30,Sheep_9,31.000031849486902,-7.000015559973842
2025-08-27 16:37:30,Sheep_10,30.982636309986294,-7.00545628982248
2025-08-27 16:38:00,Sheep_1,30.999995948211474,-7.0000191413968995
2025-08-27 16:38:00,Sheep_2,30.999968314738233,-7.0000013053247265
2025-08-27 16:38:00,Sheep_3,30.99998911059692,-6.999978358372918
2025-08-27 16:38:00,Sheep_4,31.00001792416596,-6.999965390860133
2025-08-27 16:38:00,Sheep_5,30.999966062821994,-6.999987390728998
2025-08-27 16:38:00,Sheep_6,30.9999803952828,-7.000038369816118
2025-08-27 16:38:00,Sheep_7,30.999988449454627,-6.999966399921265
2025-08-27 16:38:00,Sheep_8,30.99998996626787,-6.999950782114046
2025-08-27 16:38:00,Sheep_9,31.000014791911127,-7.000012390202506
2025-08-27 16:38:00,Sheep_10,30.982674444144823,-7.00544867365478
2025-08-27 16:38:30,Sheep_1,30.9999748681444,-6.999941559255295
2025-08-27 16:38:30,Sheep_2,31.000006992781792,-6.999999409047827
2025-08-27 16:38:30,Sheep_3,30.99997694396326,-6.999962915323312
2025-08-27 16:38:30,Sheep_4,31.000013940228907,-6.99998021675505
2025-08-27 16:38:30,Sheep_5,30.999986322367672,-6.9999737758825775
2025-08-27 16:38:30,Sheep_6,31.00002457277022,-7.0000210263841725
2025-08-27 16:38:30,Sheep_7,30.99996181305768,-6.9999817216341915
2025-08-27 16:38:30,Sheep_8,30.999957599345592,-6.9999952206247755
2025-08-27 16:38:30,Sheep_9,30.99998794704173,-6.9999616851724324
2025-08-27 16:38:30,Sheep_10,30.982646544534337,-7.005434800732042
2025-08-27 16:39:00,Sheep_1,30.999986142397294,-6.9999685602882655
2025-08-27 16:39:00,Sheep_2,31.000055524834995,-7.000033579396193
2025-08-27 16:39:00,Sheep_3,31.00000787016857,-6.999913578295866
2025-08-27 16:39:00,Sheep_4,31.00000179452462,-6.999998057377121
2025-08-27 16:39:00,Sheep_5,31.000021249522476,-6.999998708417857
2025-08-27 16:39:00,Sheep_6,30.999953991394325,-6.999964400891123
2025-08-27 16:39:00,Sheep_7,30.999946021871708,-7.000013103927234
2025-08-27 16:39:00,Sheep_8,31.000032539321303,-7.000011209692008
2025-08-27 16:39:00,Sheep_9,30.999981305340665,-6.999972355947627
2025-08-27 16:39:00,Sheep_10,30.982638311136995,-7.0054836270161305
2025-08-27 16:39:30,Sheep_1,31.00000739796948,-7.000005751107502
2025-08-27 16:39:30,Sheep_2,30.999966483836303,-6.9999799742156235
2025-08-27 16:39:30,Sheep_3,31.000012517632204,-7.000011310695756
2025-08-27 16:39:30,Sheep_4,30.9999921487961,-6.999985210854762
2025-08-27 16:39:30,Sheep_5,31.00003207944897,-7.00000889101698
2025-08-27 16:39:30,Sheep_6,31.00001764341968,-6.999982230108263
2025-08-27 16:39:30,Sheep_7,31.000023696747018,-6.999998764119006
2025-08-27 16:39:30,Sheep_8,30.999975413433866,-7.000014540970849
2025-08-27 16:39:30,Sheep_9,31.00000923967299,-6.999942827489882
2025-08-27 16:39:30,Sheep_10,30.98264490645075,-7.0054411408276165
2025-08-27 16:40:00,Sheep_1,30.99999115909673,-6.999996526862919
2025-08-27 16:40:00,Sheep_2,31.000040838935032,-6.9999759706454165
2025-08-27 16:40:00,Sheep_3,30.999966547809752,-7.00001799861162
2025-08-27 16:40:00,Sheep_4,31.00003385433016,-6.999995539355115
2025-08-27 16:40:00,Sheep_5,30.99996903952247,-7.000025747860395
2025-08-27 16:40:00,Sheep_6,31.00001895868279,-6.999968735746193
2025-08-27 16:40:00,Sheep_7,31.000000481188504,-6.999922176147626
2025-08-27 16:40:00,Sheep_8,31.00002221035834,-7.000007655043499
2025-08-27 16:40:00,Sheep_9,30.999978017264244,-7.0000306503572105
2025-08-27 16:40:00,Sheep_10,30.983093288648504,-7.005331803705344
2025-08-27 16:40:30,Sheep_1,31.000045106281547,-6.99995389916493
2025-08-27 16:40:30,Sheep_2,31.000017060722623,-7.000037067633235
2025-08-27 16:40:30,Sheep_3,30.99998188414824,-6.999960521505453
2025-08-27 16:40:30,Sheep_4,30.999984825740214,-6.999964719870018
2025-08-27 16:40:30,Sheep_5,31.000012790260232,-6.9999983739899845
2025-08-27 16:40:30,Sheep_6,30.9999810591229,-7.000002963025925
2025-08-27 16:40:30,Sheep_7,31.000005110886317,-6.99996753698268
2025-08-27 16:40:30,Sheep_8,30.999976130014357,-7.000008262960093
2025-08-27 16:40:30,Sheep_9,31.00000120795361,-6.999979165396056
2025-08-27 16:40:30,Sheep_10,30.983504600659376,-7.005212704009089
2025-08-27 16:41:00,Sheep_1,31.00001816291282,-7.000047724311878
2025-08-27 16:41:00,Sheep_2,31.000034629349123,-7.000004902315653
2025-08-27 16:41:00,Sheep_3,30.999958295066055,-7.000015104409073
2025-08-27 16:41:00,Sheep_4,31.000010217129887,-7.000016748119282
2025-08-27 16:41:00,Sheep_5,31.000000539788417,-6.999976731940227
2025-08-27 16:41:00,Sheep_6,30.999994551104866,-7.000029461088227
2025-08-27 16:41:00,Sheep_7,30.99999194258002,-6.9999555174338415
2025-08-27 16:41:00,Sheep_8,31.00004541136396,-7.00006350646787
2025-08-27 16:41:00,Sheep_9,31.00002940247689,-6.999992135357175
2025-08-27 16:41:00,Sheep_10,30.983971182750643,-7.0050601967137185
2025-08-27 16:41:30,Sheep_1,30.999952346473872,-6.999981623675679
2025-08-27 16:41:30,Sheep_2,30.999974641288322,-7.000043647906459
2025-08-27 16:41:30,Sheep_3,30.99996446995915,-6.999981107273965
2025-08-27 16:41:30,Sheep_4,31.00000375815126,-6.999975399272548
2025-08-27 16:41:30,Sheep_5,31.00001803113334,-7.0000132341489705
2025-08-27 16:41:30,Sheep_6,30.99999810078403,-7.00001607959311
2025-08-27 16:41:30,Sheep_7,30.999994331806338,-7.000030410483676
2025-08-27 16:41:30,Sheep_8,31.000010523292147,-6.999966198209528
2025-08-27 16:41:30,Sheep_9,30.99997799282169,-6.999959716889351
2025-08-27 16:41:30,Sheep_10,30.984390281762508,-7.004907155238084
2025-08-27 16:42:00,Sheep_1,30.999954201504142,-7.000056820317136
2025-08-27 16:42:00,Sheep_2,31.000003883840176,-6.999975170826318
2025-08-27 16:42:00,Sheep_3,30.999981906743344,-6.999947492256893
2025-08-27 16:42:00,Sheep_4,31.000019806035958,-7.00002855824399
2025-08-27 16:42:00,Sheep_5,31.00000083135107,-6.9999221253615715
2025-08-27 16:42:00,Sheep_6,30.999966513726118,-6.999983391196007
2025-08-27 16:42:00,Sheep_7,30.999991302248848,-6.999977775184477
2025-08-27 16:42:00,Sheep_8,31.000034152182348,-7.000012143291959
2025-08-27 16:42:00,Sheep_9,31.000030153941925,-6.999930165377423
2025-08-27 16:42:00,Sheep_10,30.984823092855287,-7.004759306759283
2025-08-27 16:42:30,Sheep_1,30.99998408801374,-6.999999394487429
2025-08-27 16:42:30,Sheep_2,30.999995238723695,-6.999974944338852
2025-08-27 16:42:30,Sheep_3,31.00003246521566,-7.000003447547857
2025-08-27 16:42:30,Sheep_4,31.000041330116215,-6.999951895316799
2025-08-27 16:42:30,Sheep_5,31.000022822145432,-7.000016223871337
2025-08-27 16:42:30,Sheep_6,30.9999835116201,-7.000025541265352
2025-08-27 16:42:30,Sheep_7,31.000025579394634,-7.000038097985821
2025-08-27 16:42:30,Sheep_8,31.00001824032485,-7.000033990071987
2025-08-27 16:42:30,Sheep_9,31.000022194020477,-6.999999458616413
2025-08-27 16:42:30,Sheep_10,30.985279522535627,-7.004615382910273
2025-08-27 16:43:00,Sheep_1,31.000038674058892,-6.999954071867481
2025-08-27 16:43:00,Sheep_2,31.000003870755496,-7.000036432447676
2025-08-27 16:43:00,Sheep_3,30.999971635203334,-7.000065610506358
2025-08-27 16:43:00,Sheep_4,30.999970795926156,-6.999997836184578
2025-08-27 16:43:00,Sheep_5,30.999984917691858,-7.000005663462418
2025-08-27 16:43:00,Sheep_6,31.000013278353023,-7.000009559810052
2025-08-27 16:43:00,Sheep_7,30.999969767459564,-7.000001673666217
2025-08-27 16:43:00,Sheep_8,30.999975786278654,-7.0000085135259855
2025-08-27 16:43:00,Sheep_9,31.00003618694658,-7.000008504685282
2025-08-27 16:43:00,Sheep_10,30.985721039444982,-7.004472850479768
2025-08-27 16:43:30,Sheep_1,30.999984388107027,-7.000034933725144
2025-08-27 16:43:30,Sheep_2,30.999998583700272,-6.999963739381422
2025-08-27 16:43:30,Sheep_3,30.999986789680932,-6.999971449645985
2025-08-27 16:43:30,Sheep_4,31.000032566654397,-7.000024335362218
2025-08-27 16:43:30,Sheep_5,30.999981780872577,-6.9999775939096045
2025-08-27 16:43:30,Sheep_6,31.000004092190522,-7.000021569770645
2025-08-27 16:43:30,Sheep_7,30.999990508971035,-7.0000022171343526
2025-08-27 16:43:30,Sheep_8,30.999957828213486,-6.9999759281849165
2025-08-27 16:43:30,Sheep_9,30.999987099563718,-7.000087520022864
2025-08-27 16:43:30,Sheep_10,30.98612245309323,-7.0043819506664855
2025-08-27 16:44:00,Sheep_1,31.000045512635438,-7.000018406388258
2025-08-27 16:44:00,Sheep_2,30.99997041924101,-6.999984030599633
2025-08-27 16:44:00,Sheep_3,30.999982201382466,-7.000024506098708
2025-08-27 16:44:00,Sheep_4,31.000013730723577,-7.000032712286474
2025-08-27 16:44:00,Sheep_5,30.999960727443636,-6.999945734632247
2025-08-27 16:44:00,Sheep_6,31.000015617105756,-7.000008306738477
2025-08-27 16:44:00,Sheep_7,30.99999990629151,-6.999984095627346
2025-08-27 16:44:00,Sheep_8,31.00002623079724,-7.000023767859028
2025-08-27 16:44:00,Sheep_9,31.000009867405478,-7.000015930776531
2025-08-27 16:44:00,Sheep_10,30.98655314662372,-7.004226588984447
2025-08-27 16:44:30,Sheep_1,30.999999820016896,-6.999976873780737
2025-08-27 16:44:30,Sheep_2,31.000013126658978,-7.000047416831701
2025-08-27 16:44:30,Sheep_3,30.999963407567183,-7.000011623890549
2025-08-27 16:44:30,Sheep_4,31.000049280235245,-7.00002677404256
2025-08-27 16:44:30,Sheep_5,30.999994388536393,-7.000016862716157
2025-08-27 16:44:30,Sheep_6,30.99998506887215,-6.999994396143426
2025-08-27 16:44:30,Sheep_7,31.000037750016425,-6.999985664355999
2025-08-27 16:44:30,Sheep_8,30.999978345374736,-6.9999134384792265
2025-08-27 16:44:30,Sheep_9,31.000002117496074,-7.000018147823714
2025-08-27 16:44:30,Sheep_10,30.98701557188068,-7.004103338595569
2025-08-27 16:45:00,Sheep_1,31.00004481441758,-7.00002737300459
2025-08-27 16:45:00,Sheep_2,31.00003853836837,-6.999993679062534
2025-08-27 16:45:00,Sheep_3,31.000034792999443,-6.999940208496511
2025-08-27 16:45:00,Sheep_4,30.999969476986422,-6.999959889740928
2025-08-27 16:45:00,Sheep_5,30.999962030976345,-7.000032923470406
2025-08-27 16:45:00,Sheep_6,30.999978348649126,-6.999984165666911
2025-08-27 16:45:00,Sheep_7,31.000000889755935,-7.000005254757573
2025-08-27 16:45:00,Sheep_8,31.00000394094356,-6.999981409858544
2025-08-27 16:45:00,Sheep_9,31.000018008842723,-6.999965599400668
2025-08-27 16:45:00,Sheep_10,30.987456560932447,-7.003957504403137
2025-08-27 16:45:30,Sheep_1,30.999985956998863,-6.999980710427451
2025-08-27 16:45:30,Sheep_2,30.999969163093347,-7.0000213384542045
2025-08-27 16:45:30,Sheep_3,31.000026932652165,-7.0000039025954255
2025-08-27 16:45:30,Sheep_4,30.999967440016395,-7.000046839400233
2025-08-27 16:45:30,Sheep_5,31.000001312882127,-6.9999640987791185
2025-08-27 16:45:30,Sheep_6,31.000030413558502,-6.999996513917595
2025-08-27 16:45:30,Sheep_7,31.00005413877342,-7.000003295551732
2025-08-27 16:45:30,Sheep_8,30.999996265694662,-7.000080720170971
2025-08-27 16:45:30,Sheep_9,30.999987943865904,-6.999973212651959
2025-08-27 16:45:30,Sheep_10,30.98788562019776,-7.003838008133548
2025-08-27 16:46:00,Sheep_1,31.00001245739299,-6.999967086128945
2025-08-27 16:46:00,Sheep_2,31.00000030205228,-7.0000717863251065
2025-08-27 16:46:00,Sheep_3,31.000006664301104,-6.9999760606253405
2025-08-27 16:46:00,Sheep_4,30.999974467582778,-7.000007990617061
2025-08-27 16:46:00,Sheep_5,30.99996886014978,-7.000080805424882
2025-08-27 16:46:00,Sheep_6,31.000027677086194,-7.000000117853882
2025-08-27 16:46:00,Sheep_7,31.000043056279107,-6.999973045794972
2025-08-27 16:46:00,Sheep_8,30.999990454282383,-7.000002615199499
2025-08-27 16:46:00,Sheep_9,31.000015258104316,-6.999969601190661
2025-08-27 16:46:00,Sheep_10,30.988296978830117,-7.003660982961116
2025-08-27 16:46:30,Sheep_1,30.999992004974757,-7.000031350187662
2025-08-27 16:46:30,Sheep_2,30.9999982534337,-6.999993548988156
2025-08-27 16:46:30,Sheep_3,30.999967619419834,-7.000042026535021
2025-08-27 16:46:30,Sheep_4,31.00001205676329,-7.000012775857186
2025-08-27 16:46:30,Sheep_5,30.999995530697834,-7.000011308735444
2025-08-27 16:46:30,Sheep_6,31.00004097918348,-6.9999603302360125
2025-08-27 16:46:30,Sheep_7,30.999966654140586,-7.000016751015708
2025-08-27 16:46:30,Sheep_8,31.00002290704998,-6.999981075127995
2025-08-27 16:46:30,Sheep_9,30.999998882735476,-7.000035766144228
2025-08-27 16:46:30,Sheep_10,30.988712578929047,-7.003558537406509
2025-08-27 16:47:00,Sheep_1,31.00000746481309,-6.999946434827567
2025-08-27 16:47:00,Sheep_2,30.999981489034276,-7.000032258542576
2025-08-27 16:47:00,Sheep_3,30.999997073666634,-6.999967562132091
2025-08-27 16:47:00,Sheep_4,30.999961007465863,-6.99995429775024
2025-08-27 16:47:00,Sheep_5,30.99999536386915,-7.00002308701686
2025-08-27 16:47:00,Sheep_6,30.999956875962447,-6.999977786990745
2025-08-27 16:47:00,Sheep_7,30.999995387050074,-6.999994633020555
2025-08-27 16:47:00,Sheep_8,30.999975723722393,-7.000010032377573
2025-08-27 16:47:00,Sheep_9,30.999986886958865,-7.000003162646683
2025-08-27 16:47:00,Sheep_10,30.989146472207935,-7.003443412158285
2025-08-27 16:47:30,Sheep_1,31.000073531254365,-7.000042865422086
2025-08-27 16:47:30,Sheep_2,31.000004890199612,-7.000055712545242
2025-08-27 16:47:30,Sheep_3,30.99994618089912,-6.999996924335631
2025-08-27 16:47:30,Sheep_4,31.000004699090578,-6.9999603384786235
2025-08-27 16:47:30,Sheep_5,31.000010767521765,-7.000004710048179
2025-08-27 16:47:30,Sheep_6,30.99997440890467,-6.999952871068767
2025-08-27 16:47:30,Sheep_7,31.000025031923627,-7.000039184591969
2025-08-27 16:47:30,Sheep_8,31.000001023097237,-6.999995470998628
2025-08-27 16:47:30,Sheep_9,30.99999068486373,-6.999975733024944
2025-08-27 16:47:30,Sheep_10,30.989607104576745,-7.003278798081233
2025-08-27 16:48:00,Sheep_1,30.999992430760532,-6.999952872754125
2025-08-27 16:48:00,Sheep_2,31.000025139388043,-6.999997724989737
2025-08-27 16:48:00,Sheep_3,30.999956093899414,-6.999989184638538
2025-08-27 16:48:00,Sheep_4,31.00001881288533,-7.000086602144943
2025-08-27 16:48:00,Sheep_5,31.000006787714202,-7.000013100793788
2025-08-27 16:48:00,Sheep_6,30.999994048123963,-7.000028528052196
2025-08-27 16:48:00,Sheep_7,30.999996006397133,-6.999956235792452
2025-08-27 16:48:00,Sheep_8,30.9999879698572,-6.999969642372588
2025-08-27 16:48:00,Sheep_9,30.99997826990966,-6.999976144709449
2025-08-27 16:48:00,Sheep_10,30.990025851161374,-7.003130976833334
2025-08-27 16:48:30,Sheep_1,31.000000192775495,-6.999979827306198
2025-08-27 16:48:30,Sheep_2,30.999930805287875,-7.0000446393000955
2025-08-27 16:48:30,Sheep_3,31.000011240042166,-7.000064248834679
2025-08-27 16:48:30,Sheep_4,30.99998570121212,-7.000001708475745
2025-08-27 16:48:30,Sheep_5,30.999977682173796,-7.000021742686721
2025-08-27 16:48:30,Sheep_6,31.00000731895976,-6.999968267772106
2025-08-27 16:48:30,Sheep_7,30.999974170426306,-7.000018079826545
2025-08-27 16:48:30,Sheep_8,30.999980293002874,-7.0000761281661665
2025-08-27 16:48:30,Sheep_9,31.000003819038547,-6.99997061247918
2025-08-27 16:48:30,Sheep_10,30.990477746589598,-7.003020156303303
2025-08-27 16:49:00,Sheep_1,30.999966267569658,-6.9999993207217015
2025-08-27 16:49:00,Sheep_2,31.000022348374593,-6.999995131502751
2025-08-27 16:49:00,Sheep_3,31.000007796567623,-6.999964100841872
2025-08-27 16:49:00,Sheep_4,30.99998008076107,-7.0000069158583225
2025-08-27 16:49:00,Sheep_5,31.000044051531937,-7.0000061877406345
2025-08-27 16:49:00,Sheep_6,30.99996584611123,-7.000021044552009
2025-08-27 16:49:00,Sheep_7,30.999974716676665,-6.9999887708102575
2025-08-27 16:49:00,Sheep_8,30.999975854823834,-6.999991478684572
2025-08-27 16:49:00,Sheep_9,30.99998016353166,-7.000066759009643
2025-08-27 16:49:00,Sheep_10,30.99089865008875,-7.002862343015764
2025-08-27 16:49:30,Sheep_1,31.000013953228954,-7.0000211587144925
2025-08-27 16:49:30,Sheep_2,30.999978991794592,-6.999987377884163
2025-08-27 16:49:30,Sheep_3,31.00004093656771,-6.999999648877842
2025-08-27 16:49:30,Sheep_4,31.000011442286095,-7.000010110715041
2025-08-27 16:49:30,Sheep_5,30.999958400183566,-6.999969584024349
2025-08-27 16:49:30,Sheep_6,31.000024481159876,-6.999977653268533
2025-08-27 16:49:30,Sheep_7,30.999995096691386,-6.999981228559487
2025-08-27 16:49:30,Sheep_8,31.00002408628631,-6.999949062219799
2025-08-27 16:49:30,Sheep_9,31.000026640121398,-6.999997993461034
2025-08-27 16:49:30,Sheep_10,30.99130329685736,-7.0027257419873985
2025-08-27 16:50:00,Sheep_1,31.00000691459026,-6.999977708107739
2025-08-27 16:50:00,Sheep_2,31.00003648648561,-7.000002991531579
2025-08-27 16:50:00,Sheep_3,31.000056620208134,-7.000055311974296
2025-08-27 16:50:00,Sheep_4,31.000011300984706,-7.000025105476767
2025-08-27 16:50:00,Sheep_5,30.999948601634934,-7.000006343785288
2025-08-27 16:50:00,Sheep_6,30.99996073016443,-7.000005075292232
2025-08-27 16:50:00,Sheep_7,31.000000937008124,-6.999964833064203
2025-08-27 16:50:00,Sheep_8,30.999959371582786,-6.999971438488957
2025-08-27 16:50:00,Sheep_9,31.000002643202937,-6.999967652988233
2025-08-27 16:50:00,Sheep_10,30.991752704228247,-7.002620478197198
2025-08-27 16:50:30,Sheep_1,30.99996718920249,-7.000040614419284
2025-08-27 16:50:30,Sheep_2,31.000012876773795,-6.999953565579693
2025-08-27 16:50:30,Sheep_3,30.999984774931907,-6.999980219989661
2025-08-27 16:50:30,Sheep_4,30.99995894424924,-6.999994330700911
2025-08-27 16:50:30,Sheep_5,31.000018017318084,-7.000045529035021
2025-08-27 16:50:30,Sheep_6,30.999994505476042,-6.999977491569015
2025-08-27 16:50:30,Sheep_7,30.99992093683128,-6.999958013363038
2025-08-27 16:50:30,Sheep_8,31.000009531424073,-6.999977466086673
2025-08-27 16:50:30,Sheep_9,30.99998887748978,-7.000054162385406
2025-08-27 16:50:30,Sheep_10,30.992203716199402,-7.002457835219196
2025-08-27 16:51:00,Sheep_1,31.000000865490176,-6.999965805642329
2025-08-27 16:51:00,Sheep_2,31.000020537114818,-6.999939596306106
2025-08-27 16:51:00,Sheep_3,31.000004146269195,-7.000021731715266
2025-08-27 16:51:00,Sheep_4,30.999994922291226,-6.9999869315458385
2025-08-27 16:51:00,Sheep_5,31.000027376657897,-7.000046123539416
2025-08-27 16:51:00,Sheep_6,31.000000230083053,-6.999949396019098
2025-08-27 16:51:00,Sheep_7,30.999993526530606,-6.999970728992371
2025-08-27 16:51:00,Sheep_8,31.000013289189557,-6.999969947747754
2025-08-27 16:51:00,Sheep_9,30.99997817749169,-7.000025321824105
2025-08-27 16:51:00,Sheep_10,30.992628145252922,-7.002351769260116
2025-08-27 16:51:30,Sheep_1,30.999992730669963,-6.999992049559269
2025-08-27 16:51:30,Sheep_2,31.00004809474327,-6.99998733854233
2025-08-27 16:51:30,Sheep_3,31.00001684949167,-6.999963388885733
2025-08-27 16:51:30,Sheep_4,30.999974003119235,-7.000005190198003
2025-08-27 16:51:30,Sheep_5,31.000065363257054,-7.00000248760224
2025-08-27 16:51:30,Sheep_6,31.00003008706653,-6.9999697000864085
2025-08-27 16:51:30,Sheep_7,30.999960165817974,-6.999990238533227
2025-08-27 16:51:30,Sheep_8,31.000003954746827,-6.999989626097514
2025-08-27 16:51:30,Sheep_9,30.999979677169968,-7.0000351159433505
2025-08-27 16:51:30,Sheep_10,30.993052888880143,-7.002185253450583
2025-08-27 16:52:00,Sheep_1,31.000031934543145,-6.999942863757759
2025-08-27 16:52:00,Sheep_2,31.000037637383567,-6.999972955781674
2025-08-27 16:52:00,Sheep_3,30.999972933697567,-7.000012855693507
2025-08-27 16:52:00,Sheep_4,31.000005657367563,-7.000019883879901
2025-08-27 16:52:00,Sheep_5,31.00001555530864,-6.9999773479206935
2025-08-27 16:52:00,Sheep_6,31.000014452660686,-6.999967769773635
2025-08-27 16:52:00,Sheep_7,30.999975621868117,-6.999970671870641
2025-08-27 16:52:00,Sheep_8,30.99998125281755,-7.000029583021209
2025-08-27 16:52:00,Sheep_9,31.000014340176094,-6.999961772941849
2025-08-27 16:52:00,Sheep_10,30.993503868680172,-7.0020463173863
2025-08-27 16:52:30,Sheep_1,31.000008358439437,-6.999995710738442
2025-08-27 16:52:30,Sheep_2,30.999969656371825,-7.000039067970566
2025-08-27 16:52:30,Sheep_3,30.999997875694948,-6.99999748930152
2025-08-27 16:52:30,Sheep_4,31.000000305400064,-6.9999787433689615
2025-08-27 16:52:30,Sheep_5,30.999994193045737,-6.999982299937598
2025-08-27 16:52:30,Sheep_6,30.999996103482733,-6.999942673604198
2025-08-27 16:52:30,Sheep_7,31.00000217518128,-6.999926407693885
2025-08-27 16:52:30,Sheep_8,31.00000948647838,-7.000006718009075
2025-08-27 16:52:30,Sheep_9,30.99997576047495,-7.000045364408883
2025-08-27 16:52:30,Sheep_10,30.99391094838575,-7.001928739754361
2025-08-27 16:53:00,Sheep_1,31.000010640137095,-7.0000165426363905
2025-08-27 16:53:00,Sheep_2,31.000005037559806,-6.999959694607293
2025-08-27 16:53:00,Sheep_3,30.999997633623295,-6.999934631324763
2025-08-27 16:53:00,Sheep_4,30.9999683126757,-7.000004734345938
2025-08-27 16:53:00,Sheep_5,30.999985465875216,-6.9999705562374235
2025-08-27 16:53:00,Sheep_6,30.999939639104465,-7.000045371536805
2025-08-27 16:53:00,Sheep_7,30.999997107074496,-6.999951224692929
2025-08-27 16:53:00,Sheep_8,31.0000060862873,-7.000042492644576
2025-08-27 16:53:00,Sheep_9,30.999967737156144,-6.999947401212886
2025-08-27 16:53:00,Sheep_10,30.99435126135141,-7.001793617488939
2025-08-27 16:53:30,Sheep_1,31.000039814208424,-6.99996821111567
2025-08-27 16:53:30,Sheep_2,31.000034335060455,-7.000029869311524
2025-08-27 16:53:30,Sheep_3,30.99995889941679,-6.9999958132463025
2025-08-27 16:53:30,Sheep_4,31.00000903142651,-6.999988536921284
2025-08-27 16:53:30,Sheep_5,31.000039836074443,-7.000054509627835
2025-08-27 16:53:30,Sheep_6,31.00002316821015,-7.000034477885395
2025-08-27 16:53:30,Sheep_7,31.000023061498048,-7.000014932636194
2025-08-27 16:53:30,Sheep_8,30.999978064001187,-7.000019175337774
2025-08-27 16:53:30,Sheep_9,30.99996104176606,-6.999998728914353
2025-08-27 16:53:30,Sheep_10,30.994782198713814,-7.001620921942795
2025-08-27 16:54:00,Sheep_1,31.000017249085907,-6.999946924351482
2025-08-27 16:54:00,Sheep_2,31.000009872282167,-6.9999836298938485
2025-08-27 16:54:00,Sheep_3,31.00003773175921,-7.000019733711733
2025-08-27 16:54:00,Sheep_4,30.999959892430486,-6.999993709043874
2025-08-27 16:54:00,Sheep_5,30.9999616609737,-6.999922848181534
2025-08-27 16:54:00,Sheep_6,31.00003922471143,-6.999931964595907
2025-08-27 16:54:00,Sheep_7,31.00000168290451,-6.999982689969223
2025-08-27 16:54:00,Sheep_8,30.999987617442546,-6.999972240848938
2025-08-27 16:54:00,Sheep_9,30.99996724191847,-7.00007995483598
2025-08-27 16:54:00,Sheep_10,30.995215534591544,-7.0015314592403595
2025-08-27 16:54:30,Sheep_1,31.000039829143088,-6.999942915110735
2025-08-27 16:54:30,Sheep_2,30.999962191994097,-6.999959388468358
2025-08-27 16:54:30,Sheep_3,31.000025639192874,-7.000049353770389
2025-08-27 16:54:30,Sheep_4,30.999989482549474,-7.000018240344253
2025-08-27 16:54:30,Sheep_5,31.000020157978764,-7.000038632816077
2025-08-27 16:54:30,Sheep_6,30.999997335448462,-7.000021565777056
2025-08-27 16:54:30,Sheep_7,31.000012756230237,-7.000006815940291
2025-08-27 16:54:30,Sheep_8,30.999985575484082,-7.000006706043172
2025-08-27 16:54:30,Sheep_9,31.000054870000884,-7.000013107322281
2025-08-27 16:54:30,Sheep_10,30.995644697681453,-7.001352273526892
2025-08-27 16:55:00,Sheep_1,30.99999613210557,-7.000044494947052
2025-08-27 16:55:00,Sheep_2,31.000060137342846,-7.0000110819361225
2025-08-27 16:55:00,Sheep_3,30.999989816669405,-6.999994974777409
2025-08-27 16:55:00,Sheep_4,31.000046625496836,-7.0000528111838864
2025-08-27 16:55:00,Sheep_5,31.00000743763518,-6.9999343761746395
2025-08-27 16:55:00,Sheep_6,31.000003469152375,-7.000038838893558
2025-08-27 16:55:00,Sheep_7,30.99998333461589,-6.999993495614395
2025-08-27 16:55:00,Sheep_8,31.000035864280875,-7.000010668717094
2025-08-27 16:55:00,Sheep_9,31.000022277716425,-7.000045127988078
2025-08-27 16:55:00,Sheep_10,30.996071122385583,-7.001238171563814
2025-08-27 16:55:30,Sheep_1,31.000038753918126,-6.99999783458171
2025-08-27 16:55:30,Sheep_2,31.000007810219067,-6.999991257179035
2025-08-27 16:55:30,Sheep_3,31.000029892417786,-7.000019185335239
2025-08-27 16:55:30,Sheep_4,31.000018548826137,-7.0000261229464105
2025-08-27 16:55:30,Sheep_5,31.000053447879697,-7.000025164291945
2025-08-27 16:55:30,Sheep_6,30.99997622019485,-6.999982718384068
2025-08-27 16:55:30,Sheep_7,31.000002150245187,-6.999989723762133
2025-08-27 16:55:30,Sheep_8,31.000006125955682,-7.000034281924772
2025-08-27 16:55:30,Sheep_9,31.00004347895066,-6.99997190703793
2025-08-27 16:55:30,Sheep_10,30.996555135689647,-7.001102675647411
2025-08-27 16:56:00,Sheep_1,31.000011225032647,-6.999993794736626
2025-08-27 16:56:00,Sheep_2,31.000030398920938,-6.999963521805076
2025-08-27 16:56:00,Sheep_3,31.00000520259081,-7.00004772437529
2025-08-27 16:56:00,Sheep_4,31.000047960704826,-6.999982519758123
2025-08-27 16:56:00,Sheep_5,30.999983603026195,-6.999987218317394
2025-08-27 16:56:00,Sheep_6,30.99995927703337,-6.999966819705326
2025-08-27 16:56:00,Sheep_7,30.99996035182148,-7.000006943035223
2025-08-27 16:56:00,Sheep_8,31.000006587884915,-6.999967338885132
2025-08-27 16:56:00,Sheep_9,31.000002871308205,-6.999980036770723
2025-08-27 16:56:00,Sheep_10,30.996963874376736,-7.000955826222077
2025-08-27 16:56:30,Sheep_1,31.000002303555075,-7.000005943979998
2025-08-27 16:56:30,Sheep_2,30.999954548053097,-7.000024156086443
2025-08-27 16:56:30,Sheep_3,31.000006596519253,-7.000007832362988
2025-08-27 16:56:30,Sheep_4,30.999995801048808,-7.0000101662376
2025-08-27 16:56:30,Sheep_5,30.999976726597392,-7.0000155030443585
2025-08-27 16:56:30,Sheep_6,30.999991731088457,-6.999999838299689
2025-08-27 16:56:30,Sheep_7,31.000010601284885,-7.000005676500159
2025-08-27 16:56:30,Sheep_8,30.999972251475324,-7.0000439556916945
2025-08-27 16:56:30,Sheep_9,31.00006999920609,-7.000035521378377
2025-08-27 16:56:30,Sheep_10,30.997388722635637,-7.000807865050968
2025-08-27 16:57:00,Sheep_1,31.000009724953546,-6.9999836239854725
2025-08-27 16:57:00,Sheep_2,30.99998806906927,-6.999992499735563
2025-08-27 16:57:00,Sheep_3,31.000001653170973,-7.000009813408489
2025-08-27 16:57:00,Sheep_4,31.000006613629406,-6.999966819312978
2025-08-27 16:57:00,Sheep_5,30.999999401718735,-7.000000488802425
2025-08-27 16:57:00,Sheep_6,31.00002878622983,-6.999969774835541
2025-08-27 16:57:00,Sheep_7,31.000042686034163,-7.000055215868975
2025-08-27 16:57:00,Sheep_8,31.00002439236031,-6.9999810863266605
2025-08-27 16:57:00,Sheep_9,30.999976132256617,-6.999992090077233
2025-08-27 16:57:00,Sheep_10,30.99785058499518,-7.000699630314182
2025-08-27 16:57:30,Sheep_1,31.000011926763268,-6.999972604645197
2025-08-27 16:57:30,Sheep_2,30.99997113673475,-7.000004473461393
2025-08-27 16:57:30,Sheep_3,31.00000811089768,-7.000025030370184
2025-08-27 16:57:30,Sheep_4,30.999976307405703,-7.000004245801544
2025-08-27 16:57:30,Sheep_5,31.00002160365748,-6.999979761006521
2025-08-27 16:57:30,Sheep_6,30.999976785499573,-6.999979495845256
2025-08-27 16:57:30,Sheep_7,30.999977471978724,-7.000050623729649
2025-08-27 16:57:30,Sheep_8,30.99999010572482,-6.999964693849094
2025-08-27 16:57:30,Sheep_9,31.00001767770083,-7.000000049417615
2025-08-27 16:57:30,Sheep_10,30.998257873621696,-7.000553970329903
2025-08-27 16:58:00,Sheep_1,31.0000029316809,-7.000033591668716
2025-08-27 16:58:00,Sheep_2,30.99999061873845,-7.000006777502687
2025-08-27 16:58:00,Sheep_3,30.99996358944147,-7.000026360808426
2025-08-27 16:58:00,Sheep_4,31.000011062885147,-6.9999997009478045
2025-08-27 16:58:00,Sheep_5,30.999991679074977,-7.000028655273655
2025-08-27 16:58:00,Sheep_6,31.00004249505459,-7.00002634606193
2025-08-27 16:58:00,Sheep_7,31.00000678025891,-7.000015338601463
2025-08-27 16:58:00,Sheep_8,31.00000097770282,-6.999985612752214
2025-08-27 16:58:00,Sheep_9,30.9999630724958,-7.00000020801468
2025-08-27 16:58:00,Sheep_10,30.998720413081195,-7.000372429614442
2025-08-27 16:58:30,Sheep_1,30.999996496209846,-6.999998689543073
2025-08-27 16:58:30,Sheep_2,31.000059593955136,-6.999964317986789
2025-08-27 16:58:30,Sheep_3,30.9999833645912,-7.000019460836313
2025-08-27 16:58:30,Sheep_4,31.00002577837213,-7.000031787001843
2025-08-27 16:58:30,Sheep_5,31.000029313512883,-6.999989489610966
2025-08-27 16:58:30,Sheep_6,31.000013952230436,-7.000008071709378
2025-08-27 16:58:30,Sheep_7,30.9999830266402,-6.9999540349533875
2025-08-27 16:58:30,Sheep_8,30.99999335059431,-7.0000129197965615
2025-08-27 16:58:30,Sheep_9,30.999997840359292,-6.999993931385202
2025-08-27 16:58:30,Sheep_10,30.99911416008816,-7.000284740162936
2025-08-27 16:59:00,Sheep_1,30.999983344446445,-6.999973424391842
2025-08-27 16:59:00,Sheep_2,30.999976123897735,-7.000055201331853
2025-08-27 16:59:00,Sheep_3,30.999946988109155,-7.000046228743399
2025-08-27 16:59:00,Sheep_4,31.000036692549482,-6.9999994904646
2025-08-27 16:59:00,Sheep_5,31.000013508329683,-6.999983132828791
2025-08-27 16:59:00,Sheep_6,31.00000151411925,-7.000002351123558
2025-08-27 16:59:00,Sheep_7,31.000028149292934,-6.999995409889252
2025-08-27 16:59:00,Sheep_8,31.000037704747015,-6.999980481109913
2025-08-27 16:59:00,Sheep_9,30.99998335080111,-7.000015629890994
2025-08-27 16:59:00,Sheep_10,30.999553270266087,-7.000110930427133
2025-08-27 16:59:30,Sheep_1,30.999989084146076,-7.000025103980367
2025-08-27 16:59:30,Sheep_2,31.000008617805637,-7.000003054933293
2025-08-27 16:59:30,Sheep_3,31.0000079384256,-6.999940584261189
2025-08-27 16:59:30,Sheep_4,31.000024606651255,-6.99999915078832
2025-08-27 16:59:30,Sheep_5,30.999962043926047,-7.00001571881818
2025-08-27 16:59:30,Sheep_6,31.000019162219797,-7.000036817523887
2025-08-27 16:59:30,Sheep_7,31.000057697726277,-6.999999546743349
2025-08-27 16:59:30,Sheep_8,31.000001316431725,-7.0000209593212235
2025-08-27 16:59:30,Sheep_9,31.00001338675234,-7.000036407570469
2025-08-27 16:59:30,Sheep_10,31.000038894944108,-6.999972388321454
