latitude,longitude,elevation_m,slope_degrees,terrain_type,zone_id,suitable_for_grazing
33.5,-5.2,1928.5,13.8,hills,1,True
33.5,-5.195918,1481.9,19.2,hills,1,True
33.5,-5.191837,1877.5,18.8,hills,1,True
33.5,-5.187755,1716.8,15.0,hills,1,True
33.5,-5.183673,2227.1,9.2,hills,1,True
33.5,-5.179592,1647.6,17.9,hills,1,True
33.5,-5.17551,1577.7,5.4,hills,1,True
33.5,-5.171429,1592.3,14.7,hills,1,True
33.5,-5.167347,1622.7,17.0,hills,1,True
33.5,-5.163265,1185.9,12.4,hills,1,True
33.5,-5.159184,1910.0,8.4,hills,1,True
33.5,-5.155102,1359.1,15.6,hills,1,True
33.5,-5.15102,1474.9,18.2,hills,1,True
33.5,-5.146939,1646.3,17.3,hills,1,True
33.5,-5.142857,1742.3,18.8,hills,1,True
33.5,-5.138776,1674.6,13.9,hills,1,True
33.5,-5.134694,1741.9,10.2,hills,1,True
33.5,-5.130612,1634.0,11.4,hills,1,True
33.5,-5.126531,1248.8,18.9,hills,1,True
33.5,-5.122449,2057.2,7.9,hills,1,True
33.5,-5.118367,2238.0,6.3,hills,1,True
33.5,-5.114286,1729.9,11.5,hills,1,True
33.5,-5.110204,2009.1,11.0,hills,1,True
33.5,-5.106122,1585.7,15.7,hills,1,True
33.5,-5.102041,1397.9,19.2,hills,1,True
33.5,-5.097959,1788.4,11.5,hills,1,True
33.5,-5.093878,1605.0,15.7,hills,1,True
33.5,-5.089796,1459.8,15.3,hills,1,True
33.5,-5.085714,1706.7,12.3,hills,1,True
33.5,-5.081633,1533.5,7.1,hills,1,True
33.5,-5.077551,1309.6,14.0,hills,1,True
33.5,-5.073469,1647.2,14.5,hills,1,True
33.5,-5.069388,1620.4,18.9,hills,1,True
33.5,-5.065306,1100.5,5.8,hills,1,True
33.5,-5.061224,1622.2,6.6,hills,1,True
33.5,-5.057143,1401.4,7.1,hills,1,True
33.5,-5.053061,1577.8,8.3,hills,1,True
33.5,-5.04898,1648.4,12.1,hills,1,True
33.5,-5.044898,1422.4,6.6,hills,1,True
33.5,-5.040816,1776.2,15.8,hills,1,True
33.5,-5.036735,1793.2,7.7,hills,1,True
33.5,-5.032653,2093.6,15.7,hills,1,True
33.5,-5.028571,1519.0,9.2,hills,1,True
33.5,-5.02449,1604.9,16.6,hills,1,True
33.5,-5.020408,1778.2,5.5,hills,1,True
33.5,-5.016327,1598.3,18.8,hills,1,True
33.5,-5.012245,1734.8,18.2,hills,1,True
33.5,-5.008163,1583.4,8.2,hills,1,True
33.5,-5.004082,1662.6,19.6,hills,1,True
33.5,-5.0,1668.6,6.0,hills,1,True
33.502041,-5.2,1729.9,7.8,hills,1,True
33.502041,-5.195918,1571.0,12.8,hills,1,True
33.502041,-5.191837,1813.9,16.9,hills,1,True
33.502041,-5.187755,1994.0,15.8,hills,1,True
33.502041,-5.183673,1427.8,9.4,hills,1,True
33.502041,-5.179592,1607.1,9.9,hills,1,True
33.502041,-5.17551,1497.7,10.5,hills,1,True
33.502041,-5.171429,1531.4,14.8,hills,1,True
33.502041,-5.167347,1879.9,14.8,hills,1,True
33.502041,-5.163265,1688.7,16.2,hills,1,True
33.502041,-5.159184,1704.8,14.4,hills,1,True
33.502041,-5.155102,1544.4,16.0,hills,1,True
33.502041,-5.15102,1822.3,17.5,hills,1,True
33.502041,-5.146939,1711.9,14.1,hills,1,True
33.502041,-5.142857,1426.0,19.6,hills,1,True
33.502041,-5.138776,1653.2,10.8,hills,1,True
33.502041,-5.134694,1173.0,19.6,hills,1,True
33.502041,-5.130612,1436.2,13.0,hills,1,True
33.502041,-5.126531,1659.6,11.3,hills,1,True
33.502041,-5.122449,1780.6,5.7,hills,1,True
33.502041,-5.118367,1766.1,11.7,hills,1,True
33.502041,-5.114286,1519.8,9.2,hills,1,True
33.502041,-5.110204,1408.7,10.8,hills,1,True
33.502041,-5.106122,1893.9,13.5,hills,1,True
33.502041,-5.102041,1964.0,17.4,hills,1,True
33.502041,-5.097959,1673.1,14.9,hills,1,True
33.502041,-5.093878,1643.3,11.3,hills,1,True
33.502041,-5.089796,1946.9,10.5,hills,1,True
33.502041,-5.085714,1394.9,11.7,hills,1,True
33.502041,-5.081633,1904.8,13.6,hills,1,True
33.502041,-5.077551,1528.9,9.5,hills,1,True
33.502041,-5.073469,1561.8,14.5,hills,1,True
33.502041,-5.069388,1639.9,9.4,hills,1,True
33.502041,-5.065306,1748.3,16.1,hills,1,True
33.502041,-5.061224,1550.3,7.1,hills,1,True
33.502041,-5.057143,1734.7,16.0,hills,1,True
33.502041,-5.053061,1418.0,12.1,hills,1,True
33.502041,-5.04898,1763.6,5.7,hills,1,True
33.502041,-5.044898,1863.4,14.7,hills,1,True
33.502041,-5.040816,1435.7,14.9,hills,1,True
33.502041,-5.036735,1828.8,11.8,hills,1,True
33.502041,-5.032653,1607.4,6.4,hills,1,True
33.502041,-5.028571,1519.8,15.2,hills,1,True
33.502041,-5.02449,1990.5,12.7,hills,1,True
33.502041,-5.020408,1829.0,11.8,hills,1,True
33.502041,-5.016327,1580.5,14.4,hills,1,True
33.502041,-5.012245,1589.5,17.6,hills,1,True
33.502041,-5.008163,1898.1,13.8,hills,1,True
33.502041,-5.004082,1719.6,12.6,hills,1,True
33.502041,-5.0,1727.9,16.5,hills,1,True
33.504082,-5.2,1811.1,13.8,hills,1,True
33.504082,-5.195918,1491.6,10.9,hills,1,True
33.504082,-5.191837,1626.4,17.9,hills,1,True
33.504082,-5.187755,1369.5,12.4,hills,1,True
33.504082,-5.183673,1382.5,11.7,hills,1,True
33.504082,-5.179592,1734.3,8.2,hills,1,True
33.504082,-5.17551,1971.3,18.7,hills,1,True
33.504082,-5.171429,1649.9,10.0,hills,1,True
33.504082,-5.167347,1693.9,13.1,hills,1,True
33.504082,-5.163265,1811.7,11.8,hills,1,True
33.504082,-5.159184,2075.5,8.7,hills,1,True
33.504082,-5.155102,1570.3,13.2,hills,1,True
33.504082,-5.15102,1461.8,19.2,hills,1,True
33.504082,-5.146939,1905.0,19.8,hills,1,True
33.504082,-5.142857,1617.1,14.2,hills,1,True
33.504082,-5.138776,1846.4,15.1,hills,1,True
33.504082,-5.134694,1788.1,7.0,hills,1,True
33.504082,-5.130612,1747.3,11.7,hills,1,True
33.504082,-5.126531,1643.2,13.4,hills,1,True
33.504082,-5.122449,1850.8,18.8,hills,1,True
33.504082,-5.118367,1540.5,17.9,hills,1,True
33.504082,-5.114286,1707.0,19.7,hills,1,True
33.504082,-5.110204,1781.4,12.5,hills,1,True
33.504082,-5.106122,1539.0,10.8,hills,1,True
33.504082,-5.102041,1472.4,18.3,hills,1,True
33.504082,-5.097959,1698.7,14.2,hills,1,True
33.504082,-5.093878,1850.2,6.3,hills,1,True
33.504082,-5.089796,1683.1,7.6,hills,1,True
33.504082,-5.085714,1514.0,6.7,hills,1,True
33.504082,-5.081633,1086.4,16.2,hills,1,True
33.504082,-5.077551,1791.5,15.4,hills,1,True
33.504082,-5.073469,1815.3,11.8,hills,1,True
33.504082,-5.069388,1670.7,18.3,hills,1,True
33.504082,-5.065306,1510.6,11.2,hills,1,True
33.504082,-5.061224,1353.1,8.0,hills,1,True
33.504082,-5.057143,1839.9,17.9,hills,1,True
33.504082,-5.053061,1596.2,7.3,hills,1,True
33.504082,-5.04898,1665.3,6.9,hills,1,True
33.504082,-5.044898,1771.1,14.0,hills,1,True
33.504082,-5.040816,1425.3,7.7,hills,1,True
33.504082,-5.036735,1365.0,9.2,hills,1,True
33.504082,-5.032653,1430.5,17.5,hills,1,True
33.504082,-5.028571,1555.4,18.9,hills,1,True
33.504082,-5.02449,1680.1,15.7,hills,1,True
33.504082,-5.020408,1463.3,16.2,hills,1,True
33.504082,-5.016327,1662.4,16.8,hills,1,True
33.504082,-5.012245,1489.5,15.2,hills,1,True
33.504082,-5.008163,1615.2,15.5,hills,1,True
33.504082,-5.004082,1856.0,17.0,hills,1,True
33.504082,-5.0,1764.0,17.0,hills,1,True
33.506122,-5.2,1589.9,9.5,hills,1,True
33.506122,-5.195918,1852.8,15.9,hills,1,True
33.506122,-5.191837,1663.5,17.7,hills,1,True
33.506122,-5.187755,1640.4,12.7,hills,1,True
33.506122,-5.183673,1823.6,15.5,hills,1,True
33.506122,-5.179592,1730.0,18.3,hills,1,True
33.506122,-5.17551,1554.7,11.9,hills,1,True
33.506122,-5.171429,1783.9,7.1,hills,1,True
33.506122,-5.167347,1523.0,8.6,hills,1,True
33.506122,-5.163265,1725.2,5.4,hills,1,True
33.506122,-5.159184,1580.2,10.2,hills,1,True
33.506122,-5.155102,1412.0,9.3,hills,1,True
33.506122,-5.15102,1492.2,10.1,hills,1,True
33.506122,-5.146939,1914.1,12.0,hills,1,True
33.506122,-5.142857,1753.1,19.1,hills,1,True
33.506122,-5.138776,1774.5,10.2,hills,1,True
33.506122,-5.134694,1612.8,19.3,hills,1,True
33.506122,-5.130612,2045.4,11.2,hills,1,True
33.506122,-5.126531,1776.2,13.7,hills,1,True
33.506122,-5.122449,1460.8,9.5,hills,1,True
33.506122,-5.118367,1455.7,19.5,hills,1,True
33.506122,-5.114286,1742.6,7.0,hills,1,True
33.506122,-5.110204,1457.8,16.6,hills,1,True
33.506122,-5.106122,1301.1,10.2,hills,1,True
33.506122,-5.102041,1895.9,12.0,hills,1,True
33.506122,-5.097959,1843.2,8.5,hills,1,True
33.506122,-5.093878,1690.9,7.1,hills,1,True
33.506122,-5.089796,1691.1,13.9,hills,1,True
33.506122,-5.085714,1613.4,9.4,hills,1,True
33.506122,-5.081633,1167.8,15.5,hills,1,True
33.506122,-5.077551,1688.0,7.0,hills,1,True
33.506122,-5.073469,1549.5,6.8,hills,1,True
33.506122,-5.069388,1937.9,11.2,hills,1,True
33.506122,-5.065306,1702.7,5.2,hills,1,True
33.506122,-5.061224,1799.4,13.2,hills,1,True
33.506122,-5.057143,1949.3,17.8,hills,1,True
33.506122,-5.053061,1443.0,9.4,hills,1,True
33.506122,-5.04898,1721.0,12.4,hills,1,True
33.506122,-5.044898,1485.2,9.2,hills,1,True
33.506122,-5.040816,1620.3,7.5,hills,1,True
33.506122,-5.036735,1640.5,15.0,hills,1,True
33.506122,-5.032653,1603.5,13.7,hills,1,True
33.506122,-5.028571,1512.6,11.1,hills,1,True
33.506122,-5.02449,1653.0,18.9,hills,1,True
33.506122,-5.020408,1587.3,13.5,hills,1,True
33.506122,-5.016327,1401.3,5.0,hills,1,True
33.506122,-5.012245,1619.0,12.3,hills,1,True
33.506122,-5.008163,1710.8,6.0,hills,1,True
33.506122,-5.004082,1898.2,15.0,hills,1,True
33.506122,-5.0,1452.4,10.3,hills,1,True
33.508163,-5.2,1324.2,14.6,hills,1,True
33.508163,-5.195918,1467.0,6.4,hills,1,True
33.508163,-5.191837,1989.4,16.0,hills,1,True
33.508163,-5.187755,2052.4,15.1,hills,1,True
33.508163,-5.183673,1516.0,14.6,hills,1,True
33.508163,-5.179592,1761.5,15.7,hills,1,True
33.508163,-5.17551,1497.6,18.1,hills,1,True
33.508163,-5.171429,1597.3,5.2,hills,1,True
33.508163,-5.167347,1561.8,17.6,hills,1,True
33.508163,-5.163265,1907.3,12.3,hills,1,True
33.508163,-5.159184,1487.5,14.1,hills,1,True
33.508163,-5.155102,1897.0,7.2,hills,1,True
33.508163,-5.15102,1928.5,20.0,hills,1,True
33.508163,-5.146939,1414.5,15.0,hills,1,True
33.508163,-5.142857,1354.9,8.4,hills,1,True
33.508163,-5.138776,1817.6,9.7,hills,1,True
33.508163,-5.134694,1758.5,17.4,hills,1,True
33.508163,-5.130612,1655.5,14.8,hills,1,True
33.508163,-5.126531,1849.8,17.6,hills,1,True
33.508163,-5.122449,1538.6,15.3,hills,1,True
33.508163,-5.118367,1730.3,10.6,hills,1,True
33.508163,-5.114286,1785.0,12.4,hills,1,True
33.508163,-5.110204,1810.7,9.5,hills,1,True
33.508163,-5.106122,1525.2,14.1,hills,1,True
33.508163,-5.102041,1607.9,7.4,hills,1,True
33.508163,-5.097959,1912.3,9.7,hills,1,True
33.508163,-5.093878,1987.9,14.7,hills,1,True
33.508163,-5.089796,1609.5,8.1,hills,1,True
33.508163,-5.085714,1674.3,13.9,hills,1,True
33.508163,-5.081633,1864.9,20.0,hills,1,True
33.508163,-5.077551,2052.7,16.8,hills,1,True
33.508163,-5.073469,2029.8,19.9,hills,1,True
33.508163,-5.069388,1360.9,14.0,hills,1,True
33.508163,-5.065306,1838.8,6.6,hills,1,True
33.508163,-5.061224,1741.4,9.8,hills,1,True
33.508163,-5.057143,1729.1,16.5,hills,1,True
33.508163,-5.053061,1739.6,5.8,hills,1,True
33.508163,-5.04898,1676.7,15.9,hills,1,True
33.508163,-5.044898,1772.0,12.5,hills,1,True
33.508163,-5.040816,1952.9,19.7,hills,1,True
33.508163,-5.036735,1717.1,5.4,hills,1,True
33.508163,-5.032653,1642.4,7.5,hills,1,True
33.508163,-5.028571,1812.8,15.6,hills,1,True
33.508163,-5.02449,1535.1,5.4,hills,1,True
33.508163,-5.020408,1753.8,6.8,hills,1,True
33.508163,-5.016327,1388.8,6.0,hills,1,True
33.508163,-5.012245,1809.3,14.8,hills,1,True
33.508163,-5.008163,1333.7,16.7,hills,1,True
33.508163,-5.004082,1567.0,8.1,hills,1,True
33.508163,-5.0,1945.6,13.7,hills,1,True
33.510204,-5.2,1607.2,8.2,hills,2,True
33.510204,-5.195918,1723.5,11.2,hills,2,True
33.510204,-5.191837,1467.1,12.4,hills,2,True
33.510204,-5.187755,1548.5,19.8,hills,2,True
33.510204,-5.183673,1643.4,14.1,hills,2,True
33.510204,-5.179592,1407.9,19.0,hills,2,True
33.510204,-5.17551,1739.3,11.6,hills,2,True
33.510204,-5.171429,1941.8,5.2,hills,2,True
33.510204,-5.167347,1374.1,8.8,hills,2,True
33.510204,-5.163265,1485.7,5.1,hills,2,True
33.510204,-5.159184,1542.0,6.2,hills,2,True
33.510204,-5.155102,1679.5,7.0,hills,2,True
33.510204,-5.15102,1968.1,18.0,hills,2,True
33.510204,-5.146939,1860.8,9.4,hills,2,True
33.510204,-5.142857,1651.1,15.0,hills,2,True
33.510204,-5.138776,1802.9,18.2,hills,2,True
33.510204,-5.134694,1677.4,17.5,hills,2,True
33.510204,-5.130612,1745.1,14.9,hills,2,True
33.510204,-5.126531,1726.7,12.7,hills,2,True
33.510204,-5.122449,1665.1,13.9,hills,2,True
33.510204,-5.118367,1575.5,9.6,hills,2,True
33.510204,-5.114286,1859.3,14.1,hills,2,True
33.510204,-5.110204,1504.6,9.2,hills,2,True
33.510204,-5.106122,1546.9,16.6,hills,2,True
33.510204,-5.102041,1232.1,11.5,hills,2,True
33.510204,-5.097959,1643.1,17.7,hills,2,True
33.510204,-5.093878,1614.8,14.2,hills,2,True
33.510204,-5.089796,1925.9,15.8,hills,2,True
33.510204,-5.085714,1651.5,17.6,hills,2,True
33.510204,-5.081633,1883.5,10.2,hills,2,True
33.510204,-5.077551,1439.2,10.3,hills,2,True
33.510204,-5.073469,1936.8,6.3,hills,2,True
33.510204,-5.069388,1988.9,8.5,hills,2,True
33.510204,-5.065306,1804.1,18.0,hills,2,True
33.510204,-5.061224,1660.3,13.5,hills,2,True
33.510204,-5.057143,1791.1,14.4,hills,2,True
33.510204,-5.053061,1476.6,6.1,hills,2,True
33.510204,-5.04898,1928.6,17.1,hills,2,True
33.510204,-5.044898,1854.0,10.9,hills,2,True
33.510204,-5.040816,1705.4,15.2,hills,2,True
33.510204,-5.036735,1735.4,8.5,hills,2,True
33.510204,-5.032653,1462.7,12.5,hills,2,True
33.510204,-5.028571,1908.9,11.8,hills,2,True
33.510204,-5.02449,1701.4,11.5,hills,2,True
33.510204,-5.020408,1835.7,17.6,hills,2,True
33.510204,-5.016327,1840.6,7.2,hills,2,True
33.510204,-5.012245,1578.7,11.4,hills,2,True
33.510204,-5.008163,1882.9,16.1,hills,2,True
33.510204,-5.004082,1351.7,14.6,hills,2,True
33.510204,-5.0,1913.6,19.5,hills,2,True
33.512245,-5.2,1529.0,17.0,hills,2,True
33.512245,-5.195918,1644.9,9.6,hills,2,True
33.512245,-5.191837,1470.2,19.8,hills,2,True
33.512245,-5.187755,1246.3,14.6,hills,2,True
33.512245,-5.183673,1519.4,6.8,hills,2,True
33.512245,-5.179592,1576.8,8.1,hills,2,True
33.512245,-5.17551,1442.7,5.8,hills,2,True
33.512245,-5.171429,1410.5,11.4,hills,2,True
33.512245,-5.167347,1558.8,18.2,hills,2,True
33.512245,-5.163265,1405.4,12.6,hills,2,True
33.512245,-5.159184,1594.9,14.8,hills,2,True
33.512245,-5.155102,1591.6,14.3,hills,2,True
33.512245,-5.15102,1680.8,18.5,hills,2,True
33.512245,-5.146939,1896.9,7.8,hills,2,True
33.512245,-5.142857,1476.2,5.2,hills,2,True
33.512245,-5.138776,1684.3,14.0,hills,2,True
33.512245,-5.134694,2024.6,12.3,hills,2,True
33.512245,-5.130612,1564.6,13.6,hills,2,True
33.512245,-5.126531,1613.1,11.8,hills,2,True
33.512245,-5.122449,1832.4,5.4,hills,2,True
33.512245,-5.118367,1260.9,16.1,hills,2,True
33.512245,-5.114286,1988.8,19.4,hills,2,True
33.512245,-5.110204,1926.0,7.0,hills,2,True
33.512245,-5.106122,1340.5,9.5,hills,2,True
33.512245,-5.102041,1933.4,12.6,hills,2,True
33.512245,-5.097959,1951.9,14.1,hills,2,True
33.512245,-5.093878,1392.9,16.5,hills,2,True
33.512245,-5.089796,1684.6,18.1,hills,2,True
33.512245,-5.085714,1787.9,6.7,hills,2,True
33.512245,-5.081633,1505.9,18.1,hills,2,True
33.512245,-5.077551,1506.3,16.8,hills,2,True
33.512245,-5.073469,1376.8,14.4,hills,2,True
33.512245,-5.069388,1389.0,13.0,hills,2,True
33.512245,-5.065306,1739.9,18.2,hills,2,True
33.512245,-5.061224,1678.8,17.8,hills,2,True
33.512245,-5.057143,1769.5,14.9,hills,2,True
33.512245,-5.053061,1526.7,15.4,hills,2,True
33.512245,-5.04898,1735.7,18.9,hills,2,True
33.512245,-5.044898,1479.2,8.1,hills,2,True
33.512245,-5.040816,1556.8,16.1,hills,2,True
33.512245,-5.036735,1745.1,18.1,hills,2,True
33.512245,-5.032653,1439.0,15.6,hills,2,True
33.512245,-5.028571,1648.3,15.6,hills,2,True
33.512245,-5.02449,2037.6,16.4,hills,2,True
33.512245,-5.020408,1597.7,17.6,hills,2,True
33.512245,-5.016327,1606.6,15.2,hills,2,True
33.512245,-5.012245,1570.0,17.7,hills,2,True
33.512245,-5.008163,1633.8,9.3,hills,2,True
33.512245,-5.004082,1595.3,7.7,hills,2,True
33.512245,-5.0,1850.2,10.0,hills,2,True
33.514286,-5.2,1908.4,13.2,hills,2,True
33.514286,-5.195918,1603.5,17.0,hills,2,True
33.514286,-5.191837,1484.0,19.0,hills,2,True
33.514286,-5.187755,1918.3,13.0,hills,2,True
33.514286,-5.183673,1387.9,19.9,hills,2,True
33.514286,-5.179592,1814.1,19.0,hills,2,True
33.514286,-5.17551,1158.9,17.8,hills,2,True
33.514286,-5.171429,1542.9,18.5,hills,2,True
33.514286,-5.167347,1507.5,17.0,hills,2,True
33.514286,-5.163265,1746.2,13.8,hills,2,True
33.514286,-5.159184,1526.5,15.5,hills,2,True
33.514286,-5.155102,1408.8,8.3,hills,2,True
33.514286,-5.15102,2156.0,15.0,hills,2,True
33.514286,-5.146939,1423.7,9.0,hills,2,True
33.514286,-5.142857,1527.5,8.5,hills,2,True
33.514286,-5.138776,1811.8,19.5,hills,2,True
33.514286,-5.134694,1835.8,11.5,hills,2,True
33.514286,-5.130612,1707.9,17.1,hills,2,True
33.514286,-5.126531,1590.2,7.0,hills,2,True
33.514286,-5.122449,1766.1,8.7,hills,2,True
33.514286,-5.118367,1704.6,16.1,hills,2,True
33.514286,-5.114286,1666.2,8.2,hills,2,True
33.514286,-5.110204,1271.5,17.9,hills,2,True
33.514286,-5.106122,1945.9,16.0,hills,2,True
33.514286,-5.102041,1747.5,18.5,hills,2,True
33.514286,-5.097959,1576.9,6.8,hills,2,True
33.514286,-5.093878,2203.4,14.9,hills,2,True
33.514286,-5.089796,1671.5,18.1,hills,2,True
33.514286,-5.085714,1567.4,11.4,hills,2,True
33.514286,-5.081633,1633.3,6.7,hills,2,True
33.514286,-5.077551,2172.4,11.9,hills,2,True
33.514286,-5.073469,1525.1,9.7,hills,2,True
33.514286,-5.069388,1476.3,6.6,hills,2,True
33.514286,-5.065306,1869.9,5.2,hills,2,True
33.514286,-5.061224,1414.9,11.6,hills,2,True
33.514286,-5.057143,1510.0,17.3,hills,2,True
33.514286,-5.053061,1285.9,6.0,hills,2,True
33.514286,-5.04898,1728.3,13.9,hills,2,True
33.514286,-5.044898,1723.3,10.0,hills,2,True
33.514286,-5.040816,1974.2,19.4,hills,2,True
33.514286,-5.036735,1230.4,8.8,hills,2,True
33.514286,-5.032653,1495.0,17.6,hills,2,True
33.514286,-5.028571,1995.2,9.6,hills,2,True
33.514286,-5.02449,1557.6,11.1,hills,2,True
33.514286,-5.020408,1701.5,18.1,hills,2,True
33.514286,-5.016327,1515.8,7.0,hills,2,True
33.514286,-5.012245,1567.4,15.3,hills,2,True
33.514286,-5.008163,2005.6,7.5,hills,2,True
33.514286,-5.004082,1853.9,7.3,hills,2,True
33.514286,-5.0,1796.6,11.6,hills,2,True
33.516327,-5.2,1795.2,17.6,hills,2,True
33.516327,-5.195918,1421.1,13.9,hills,2,True
33.516327,-5.191837,1460.9,17.2,hills,2,True
33.516327,-5.187755,1366.4,19.9,hills,2,True
33.516327,-5.183673,1637.6,18.2,hills,2,True
33.516327,-5.179592,1614.9,18.4,hills,2,True
33.516327,-5.17551,1379.7,18.0,hills,2,True
33.516327,-5.171429,1414.3,12.9,hills,2,True
33.516327,-5.167347,1849.7,8.9,hills,2,True
33.516327,-5.163265,1668.1,5.2,hills,2,True
33.516327,-5.159184,1839.7,17.4,hills,2,True
33.516327,-5.155102,1896.7,9.1,hills,2,True
33.516327,-5.15102,1591.8,14.4,hills,2,True
33.516327,-5.146939,1795.7,14.6,hills,2,True
33.516327,-5.142857,1823.6,11.4,hills,2,True
33.516327,-5.138776,1604.5,15.6,hills,2,True
33.516327,-5.134694,1527.4,18.5,hills,2,True
33.516327,-5.130612,1319.2,15.2,hills,2,True
33.516327,-5.126531,1741.9,14.0,hills,2,True
33.516327,-5.122449,1798.2,7.8,hills,2,True
33.516327,-5.118367,1464.2,5.2,hills,2,True
33.516327,-5.114286,2050.6,6.7,hills,2,True
33.516327,-5.110204,1662.6,17.2,hills,2,True
33.516327,-5.106122,1604.4,17.7,hills,2,True
33.516327,-5.102041,1817.6,5.9,hills,2,True
33.516327,-5.097959,1797.7,6.0,hills,2,True
33.516327,-5.093878,1588.5,6.9,hills,2,True
33.516327,-5.089796,1861.0,19.1,hills,2,True
33.516327,-5.085714,1821.2,5.6,hills,2,True
33.516327,-5.081633,1745.8,13.7,hills,2,True
33.516327,-5.077551,1353.8,8.0,hills,2,True
33.516327,-5.073469,1553.8,17.2,hills,2,True
33.516327,-5.069388,1757.9,18.2,hills,2,True
33.516327,-5.065306,1485.2,15.5,hills,2,True
33.516327,-5.061224,1758.4,11.8,hills,2,True
33.516327,-5.057143,1799.2,12.7,hills,2,True
33.516327,-5.053061,1408.0,16.6,hills,2,True
33.516327,-5.04898,1786.5,19.9,hills,2,True
33.516327,-5.044898,1842.5,17.3,hills,2,True
33.516327,-5.040816,1789.9,15.5,hills,2,True
33.516327,-5.036735,2126.3,11.8,hills,2,True
33.516327,-5.032653,1471.5,11.7,hills,2,True
33.516327,-5.028571,1370.9,8.2,hills,2,True
33.516327,-5.02449,1709.5,17.3,hills,2,True
33.516327,-5.020408,1612.1,8.9,hills,2,True
33.516327,-5.016327,1554.3,6.4,hills,2,True
33.516327,-5.012245,1409.1,11.9,hills,2,True
33.516327,-5.008163,1558.7,13.9,hills,2,True
33.516327,-5.004082,1758.5,11.7,hills,2,True
33.516327,-5.0,1551.1,8.9,hills,2,True
33.518367,-5.2,1223.9,6.1,hills,2,True
33.518367,-5.195918,1881.5,13.2,hills,2,True
33.518367,-5.191837,1827.5,13.0,hills,2,True
33.518367,-5.187755,1527.7,9.3,hills,2,True
33.518367,-5.183673,1676.1,13.9,hills,2,True
33.518367,-5.179592,1772.5,17.2,hills,2,True
33.518367,-5.17551,1803.4,13.5,hills,2,True
33.518367,-5.171429,1700.6,13.3,hills,2,True
33.518367,-5.167347,1489.5,14.3,hills,2,True
33.518367,-5.163265,1927.0,16.4,hills,2,True
33.518367,-5.159184,1674.4,16.8,hills,2,True
33.518367,-5.155102,1738.9,10.2,hills,2,True
33.518367,-5.15102,1528.6,14.3,hills,2,True
33.518367,-5.146939,1303.1,10.3,hills,2,True
33.518367,-5.142857,1739.1,9.5,hills,2,True
33.518367,-5.138776,1723.6,6.7,hills,2,True
33.518367,-5.134694,1426.7,10.6,hills,2,True
33.518367,-5.130612,1860.1,17.4,hills,2,True
33.518367,-5.126531,2060.0,9.5,hills,2,True
33.518367,-5.122449,1719.5,9.1,hills,2,True
33.518367,-5.118367,1877.1,8.3,hills,2,True
33.518367,-5.114286,1692.7,10.2,hills,2,True
33.518367,-5.110204,1916.3,15.4,hills,2,True
33.518367,-5.106122,1610.5,18.8,hills,2,True
33.518367,-5.102041,1813.1,7.1,hills,2,True
33.518367,-5.097959,1587.2,7.1,hills,2,True
33.518367,-5.093878,2064.2,12.5,hills,2,True
33.518367,-5.089796,1825.4,17.1,hills,2,True
33.518367,-5.085714,1845.4,11.5,hills,2,True
33.518367,-5.081633,1530.2,7.8,hills,2,True
33.518367,-5.077551,1732.0,13.4,hills,2,True
33.518367,-5.073469,1488.4,17.0,hills,2,True
33.518367,-5.069388,1978.7,16.6,hills,2,True
33.518367,-5.065306,2025.0,13.0,hills,2,True
33.518367,-5.061224,1630.7,11.4,hills,2,True
33.518367,-5.057143,1574.4,14.9,hills,2,True
33.518367,-5.053061,1626.3,10.6,hills,2,True
33.518367,-5.04898,1482.1,13.2,hills,2,True
33.518367,-5.044898,1695.2,14.1,hills,2,True
33.518367,-5.040816,1883.7,5.5,hills,2,True
33.518367,-5.036735,1645.8,6.8,hills,2,True
33.518367,-5.032653,1572.0,5.4,hills,2,True
33.518367,-5.028571,1816.3,13.5,hills,2,True
33.518367,-5.02449,1628.1,9.6,hills,2,True
33.518367,-5.020408,1725.0,8.9,hills,2,True
33.518367,-5.016327,1614.1,7.9,hills,2,True
33.518367,-5.012245,1667.8,5.1,hills,2,True
33.518367,-5.008163,1363.3,17.6,hills,2,True
33.518367,-5.004082,1704.9,8.8,hills,2,True
33.518367,-5.0,1697.0,5.0,hills,2,True
33.520408,-5.2,1654.6,9.7,hills,3,True
33.520408,-5.195918,1696.7,12.0,hills,3,True
33.520408,-5.191837,1633.7,14.5,hills,3,True
33.520408,-5.187755,1572.9,7.9,hills,3,True
33.520408,-5.183673,1487.6,14.2,hills,3,True
33.520408,-5.179592,1355.2,8.6,hills,3,True
33.520408,-5.17551,1726.7,12.5,hills,3,True
33.520408,-5.171429,1923.3,12.1,hills,3,True
33.520408,-5.167347,1399.3,14.0,hills,3,True
33.520408,-5.163265,1617.8,11.2,hills,3,True
33.520408,-5.159184,1602.3,19.6,hills,3,True
33.520408,-5.155102,1650.5,10.0,hills,3,True
33.520408,-5.15102,1358.9,16.7,hills,3,True
33.520408,-5.146939,1546.1,11.2,hills,3,True
33.520408,-5.142857,1620.7,19.6,hills,3,True
33.520408,-5.138776,1675.5,7.1,hills,3,True
33.520408,-5.134694,1099.0,12.9,hills,3,True
33.520408,-5.130612,1758.2,13.8,hills,3,True
33.520408,-5.126531,1503.5,13.2,hills,3,True
33.520408,-5.122449,1825.3,16.4,hills,3,True
33.520408,-5.118367,1711.4,8.3,hills,3,True
33.520408,-5.114286,1726.0,12.4,hills,3,True
33.520408,-5.110204,1525.0,8.8,hills,3,True
33.520408,-5.106122,1541.4,7.0,hills,3,True
33.520408,-5.102041,1655.3,13.2,hills,3,True
33.520408,-5.097959,1424.5,9.1,hills,3,True
33.520408,-5.093878,1680.6,6.2,hills,3,True
33.520408,-5.089796,1686.3,15.1,hills,3,True
33.520408,-5.085714,1605.0,14.2,hills,3,True
33.520408,-5.081633,1477.4,7.6,hills,3,True
33.520408,-5.077551,1492.8,6.2,hills,3,True
33.520408,-5.073469,1523.0,8.4,hills,3,True
33.520408,-5.069388,1844.7,16.7,hills,3,True
33.520408,-5.065306,1545.0,15.5,hills,3,True
33.520408,-5.061224,1539.7,18.6,hills,3,True
33.520408,-5.057143,1864.1,11.2,hills,3,True
33.520408,-5.053061,1711.6,6.0,hills,3,True
33.520408,-5.04898,1779.4,6.3,hills,3,True
33.520408,-5.044898,2159.7,8.4,hills,3,True
33.520408,-5.040816,1473.3,5.8,hills,3,True
33.520408,-5.036735,1577.5,10.9,hills,3,True
33.520408,-5.032653,1289.8,16.6,hills,3,True
33.520408,-5.028571,1489.0,11.8,hills,3,True
33.520408,-5.02449,1587.4,6.0,hills,3,True
33.520408,-5.020408,1604.9,13.8,hills,3,True
33.520408,-5.016327,1825.7,10.2,hills,3,True
33.520408,-5.012245,1094.1,18.7,hills,3,True
33.520408,-5.008163,1452.8,19.8,hills,3,True
33.520408,-5.004082,1637.2,13.6,hills,3,True
33.520408,-5.0,1836.9,16.4,hills,3,True
33.522449,-5.2,1447.0,18.7,hills,3,True
33.522449,-5.195918,1542.8,9.2,hills,3,True
33.522449,-5.191837,1619.9,17.9,hills,3,True
33.522449,-5.187755,1780.0,6.9,hills,3,True
33.522449,-5.183673,1760.5,19.9,hills,3,True
33.522449,-5.179592,2177.7,11.6,hills,3,True
33.522449,-5.17551,1175.7,12.1,hills,3,True
33.522449,-5.171429,1594.4,17.4,hills,3,True
33.522449,-5.167347,1754.3,15.2,hills,3,True
33.522449,-5.163265,1617.0,6.1,hills,3,True
33.522449,-5.159184,1439.2,5.4,hills,3,True
33.522449,-5.155102,1385.0,6.5,hills,3,True
33.522449,-5.15102,1623.2,9.2,hills,3,True
33.522449,-5.146939,1625.3,19.9,hills,3,True
33.522449,-5.142857,1565.0,10.2,hills,3,True
33.522449,-5.138776,2006.9,12.8,hills,3,True
33.522449,-5.134694,1670.0,17.4,hills,3,True
33.522449,-5.130612,1609.5,11.9,hills,3,True
33.522449,-5.126531,1981.2,19.5,hills,3,True
33.522449,-5.122449,1239.8,19.0,hills,3,True
33.522449,-5.118367,1971.7,15.0,hills,3,True
33.522449,-5.114286,1611.8,16.7,hills,3,True
33.522449,-5.110204,1718.9,9.0,hills,3,True
33.522449,-5.106122,1810.8,15.1,hills,3,True
33.522449,-5.102041,1820.9,19.2,hills,3,True
33.522449,-5.097959,1573.9,6.9,hills,3,True
33.522449,-5.093878,1048.8,10.7,hills,3,True
33.522449,-5.089796,1879.2,18.7,hills,3,True
33.522449,-5.085714,1667.5,9.6,hills,3,True
33.522449,-5.081633,1868.4,9.1,hills,3,True
33.522449,-5.077551,1327.9,15.2,hills,3,True
33.522449,-5.073469,1971.8,17.2,hills,3,True
33.522449,-5.069388,1543.2,7.6,hills,3,True
33.522449,-5.065306,1385.6,5.7,hills,3,True
33.522449,-5.061224,1637.9,10.3,hills,3,True
33.522449,-5.057143,1807.8,8.1,hills,3,True
33.522449,-5.053061,1637.5,17.8,hills,3,True
33.522449,-5.04898,1801.2,18.7,hills,3,True
33.522449,-5.044898,1587.3,13.9,hills,3,True
33.522449,-5.040816,1969.6,12.3,hills,3,True
33.522449,-5.036735,1594.3,6.3,hills,3,True
33.522449,-5.032653,1547.9,13.7,hills,3,True
33.522449,-5.028571,1805.0,10.5,hills,3,True
33.522449,-5.02449,1932.3,14.1,hills,3,True
33.522449,-5.020408,1696.6,5.9,hills,3,True
33.522449,-5.016327,1885.5,16.7,hills,3,True
33.522449,-5.012245,1733.4,11.1,hills,3,True
33.522449,-5.008163,1518.4,13.0,hills,3,True
33.522449,-5.004082,1890.3,13.1,hills,3,True
33.522449,-5.0,1718.1,17.1,hills,3,True
33.52449,-5.2,1451.2,5.3,hills,3,True
33.52449,-5.195918,1599.4,15.5,hills,3,True
33.52449,-5.191837,1643.9,11.2,hills,3,True
33.52449,-5.187755,1513.1,18.2,hills,3,True
33.52449,-5.183673,1554.8,11.8,hills,3,True
33.52449,-5.179592,1915.8,11.1,hills,3,True
33.52449,-5.17551,1303.5,6.3,hills,3,True
33.52449,-5.171429,1932.8,8.8,hills,3,True
33.52449,-5.167347,1648.8,8.1,hills,3,True
33.52449,-5.163265,1573.7,16.8,hills,3,True
33.52449,-5.159184,1921.9,12.2,hills,3,True
33.52449,-5.155102,1798.1,11.5,hills,3,True
33.52449,-5.15102,1489.3,6.6,hills,3,True
33.52449,-5.146939,1468.2,11.9,hills,3,True
33.52449,-5.142857,1729.9,13.0,hills,3,True
33.52449,-5.138776,1673.9,14.1,hills,3,True
33.52449,-5.134694,2107.6,17.1,hills,3,True
33.52449,-5.130612,1739.3,9.8,hills,3,True
33.52449,-5.126531,1811.0,17.2,hills,3,True
33.52449,-5.122449,1831.9,18.7,hills,3,True
33.52449,-5.118367,1424.4,18.1,hills,3,True
33.52449,-5.114286,1739.4,16.4,hills,3,True
33.52449,-5.110204,1720.3,18.9,hills,3,True
33.52449,-5.106122,1398.4,9.6,hills,3,True
33.52449,-5.102041,1505.7,9.3,hills,3,True
33.52449,-5.097959,1831.4,13.3,hills,3,True
33.52449,-5.093878,1730.9,6.4,hills,3,True
33.52449,-5.089796,1740.0,5.2,hills,3,True
33.52449,-5.085714,1269.5,7.6,hills,3,True
33.52449,-5.081633,1962.6,12.8,hills,3,True
33.52449,-5.077551,1691.8,7.8,hills,3,True
33.52449,-5.073469,1654.7,8.2,hills,3,True
33.52449,-5.069388,1807.3,17.4,hills,3,True
33.52449,-5.065306,2227.4,6.9,hills,3,True
33.52449,-5.061224,2103.2,17.6,hills,3,True
33.52449,-5.057143,1561.7,16.0,hills,3,True
33.52449,-5.053061,2045.3,9.1,hills,3,True
33.52449,-5.04898,1642.0,16.5,hills,3,True
33.52449,-5.044898,1529.2,8.0,hills,3,True
33.52449,-5.040816,1460.5,16.5,hills,3,True
33.52449,-5.036735,1818.7,13.0,hills,3,True
33.52449,-5.032653,1768.8,10.5,hills,3,True
33.52449,-5.028571,1384.8,18.5,hills,3,True
33.52449,-5.02449,1472.2,19.5,hills,3,True
33.52449,-5.020408,1510.5,10.8,hills,3,True
33.52449,-5.016327,1525.8,16.4,hills,3,True
33.52449,-5.012245,1656.4,15.4,hills,3,True
33.52449,-5.008163,1784.8,16.9,hills,3,True
33.52449,-5.004082,1789.4,13.4,hills,3,True
33.52449,-5.0,1776.4,7.9,hills,3,True
33.526531,-5.2,1831.8,10.7,hills,3,True
33.526531,-5.195918,1604.6,5.5,hills,3,True
33.526531,-5.191837,2128.7,6.8,hills,3,True
33.526531,-5.187755,1496.7,13.2,hills,3,True
33.526531,-5.183673,1714.7,5.4,hills,3,True
33.526531,-5.179592,1428.1,12.1,hills,3,True
33.526531,-5.17551,1735.8,5.0,hills,3,True
33.526531,-5.171429,1466.2,8.6,hills,3,True
33.526531,-5.167347,1802.0,14.1,hills,3,True
33.526531,-5.163265,1629.9,19.7,hills,3,True
33.526531,-5.159184,1637.5,7.7,hills,3,True
33.526531,-5.155102,1504.2,8.3,hills,3,True
33.526531,-5.15102,1639.6,11.7,hills,3,True
33.526531,-5.146939,1705.7,9.6,hills,3,True
33.526531,-5.142857,1817.1,8.8,hills,3,True
33.526531,-5.138776,1785.1,17.2,hills,3,True
33.526531,-5.134694,1524.7,9.9,hills,3,True
33.526531,-5.130612,1702.1,6.6,hills,3,True
33.526531,-5.126531,1763.8,14.5,hills,3,True
33.526531,-5.122449,1756.0,7.3,hills,3,True
33.526531,-5.118367,1359.8,11.6,hills,3,True
33.526531,-5.114286,1791.1,14.9,hills,3,True
33.526531,-5.110204,1330.5,5.7,hills,3,True
33.526531,-5.106122,1342.5,13.7,hills,3,True
33.526531,-5.102041,1643.1,5.6,hills,3,True
33.526531,-5.097959,1754.7,16.1,hills,3,True
33.526531,-5.093878,1526.4,9.8,hills,3,True
33.526531,-5.089796,2117.3,6.0,hills,3,True
33.526531,-5.085714,1615.4,14.9,hills,3,True
33.526531,-5.081633,1451.4,11.8,hills,3,True
33.526531,-5.077551,1555.7,8.0,hills,3,True
33.526531,-5.073469,1943.2,13.1,hills,3,True
33.526531,-5.069388,1188.0,13.0,hills,3,True
33.526531,-5.065306,1744.7,9.4,hills,3,True
33.526531,-5.061224,1348.1,14.6,hills,3,True
33.526531,-5.057143,1447.2,15.0,hills,3,True
33.526531,-5.053061,1617.8,6.2,hills,3,True
33.526531,-5.04898,1454.5,16.8,hills,3,True
33.526531,-5.044898,1557.5,6.0,hills,3,True
33.526531,-5.040816,2000.3,11.4,hills,3,True
33.526531,-5.036735,1519.8,6.2,hills,3,True
33.526531,-5.032653,1708.5,17.4,hills,3,True
33.526531,-5.028571,1736.0,11.6,hills,3,True
33.526531,-5.02449,1562.8,17.3,hills,3,True
33.526531,-5.020408,1649.8,8.5,hills,3,True
33.526531,-5.016327,1643.3,17.4,hills,3,True
33.526531,-5.012245,2091.0,8.6,hills,3,True
33.526531,-5.008163,1664.4,6.3,hills,3,True
33.526531,-5.004082,1715.8,6.5,hills,3,True
33.526531,-5.0,1669.4,19.5,hills,3,True
33.528571,-5.2,1705.0,16.9,hills,3,True
33.528571,-5.195918,1905.0,5.8,hills,3,True
33.528571,-5.191837,1397.1,5.9,hills,3,True
33.528571,-5.187755,1796.7,5.7,hills,3,True
33.528571,-5.183673,1813.9,15.3,hills,3,True
33.528571,-5.179592,1513.0,17.7,hills,3,True
33.528571,-5.17551,1639.4,5.1,hills,3,True
33.528571,-5.171429,1661.8,19.3,hills,3,True
33.528571,-5.167347,1986.3,15.7,hills,3,True
33.528571,-5.163265,1511.3,18.4,hills,3,True
33.528571,-5.159184,1785.6,14.0,hills,3,True
33.528571,-5.155102,1415.0,10.0,hills,3,True
33.528571,-5.15102,1990.7,9.5,hills,3,True
33.528571,-5.146939,1484.1,9.2,hills,3,True
33.528571,-5.142857,1361.4,6.8,hills,3,True
33.528571,-5.138776,1720.1,15.6,hills,3,True
33.528571,-5.134694,1852.6,10.1,hills,3,True
33.528571,-5.130612,1892.1,17.2,hills,3,True
33.528571,-5.126531,1598.4,7.4,hills,3,True
33.528571,-5.122449,1593.0,14.2,hills,3,True
33.528571,-5.118367,1513.1,18.5,hills,3,True
33.528571,-5.114286,1291.9,10.7,hills,3,True
33.528571,-5.110204,1493.7,6.5,hills,3,True
33.528571,-5.106122,1733.8,13.9,hills,3,True
33.528571,-5.102041,1946.9,6.1,hills,3,True
33.528571,-5.097959,1780.0,19.4,hills,3,True
33.528571,-5.093878,1699.6,13.5,hills,3,True
33.528571,-5.089796,1518.1,14.2,hills,3,True
33.528571,-5.085714,1811.9,14.6,hills,3,True
33.528571,-5.081633,1756.6,19.3,hills,3,True
33.528571,-5.077551,1737.6,12.8,hills,3,True
33.528571,-5.073469,1643.2,16.8,hills,3,True
33.528571,-5.069388,1610.9,15.3,hills,3,True
33.528571,-5.065306,1656.7,7.0,hills,3,True
33.528571,-5.061224,1713.4,10.7,hills,3,True
33.528571,-5.057143,1422.3,14.0,hills,3,True
33.528571,-5.053061,1811.5,17.1,hills,3,True
33.528571,-5.04898,1456.1,7.5,hills,3,True
33.528571,-5.044898,1530.5,12.6,hills,3,True
33.528571,-5.040816,1905.6,16.2,hills,3,True
33.528571,-5.036735,1901.9,18.9,hills,3,True
33.528571,-5.032653,1573.3,6.8,hills,3,True
33.528571,-5.028571,1624.6,17.4,hills,3,True
33.528571,-5.02449,1770.5,9.8,hills,3,True
33.528571,-5.020408,1690.6,17.0,hills,3,True
33.528571,-5.016327,1823.4,8.9,hills,3,True
33.528571,-5.012245,1761.0,13.3,hills,3,True
33.528571,-5.008163,1682.4,15.7,hills,3,True
33.528571,-5.004082,1457.8,13.0,hills,3,True
33.528571,-5.0,1651.3,17.6,hills,3,True
33.530612,-5.2,1394.9,11.1,valley,4,True
33.530612,-5.195918,1378.3,3.0,valley,4,True
33.530612,-5.191837,1294.1,10.0,valley,4,True
33.530612,-5.187755,1854.4,6.9,valley,4,True
33.530612,-5.183673,1336.6,9.7,valley,4,True
33.530612,-5.179592,1349.3,10.1,valley,4,True
33.530612,-5.17551,1646.5,3.9,valley,4,True
33.530612,-5.171429,1351.9,2.5,valley,4,True
33.530612,-5.167347,1500.8,2.3,valley,4,True
33.530612,-5.163265,1271.0,4.7,valley,4,True
33.530612,-5.159184,1718.8,9.6,valley,4,True
33.530612,-5.155102,1570.4,4.0,valley,4,True
33.530612,-5.15102,2096.0,10.4,valley,4,True
33.530612,-5.146939,1135.9,8.7,valley,4,True
33.530612,-5.142857,1582.8,7.3,valley,4,True
33.530612,-5.138776,1785.0,8.2,valley,4,True
33.530612,-5.134694,1444.9,7.0,valley,4,True
33.530612,-5.130612,1236.8,2.4,valley,4,True
33.530612,-5.126531,2011.3,11.9,valley,4,True
33.530612,-5.122449,1549.2,4.9,valley,4,True
33.530612,-5.118367,1446.7,2.6,valley,4,True
33.530612,-5.114286,1634.1,2.2,valley,4,True
33.530612,-5.110204,1759.4,12.0,valley,4,True
33.530612,-5.106122,1326.1,9.6,valley,4,True
33.530612,-5.102041,1860.2,9.5,valley,4,True
33.530612,-5.097959,1514.9,11.6,valley,4,True
33.530612,-5.093878,1754.4,7.4,valley,4,True
33.530612,-5.089796,1444.0,6.5,valley,4,True
33.530612,-5.085714,1192.2,4.5,valley,4,True
33.530612,-5.081633,1255.9,3.3,valley,4,True
33.530612,-5.077551,1354.2,8.3,valley,4,True
33.530612,-5.073469,1745.7,2.6,valley,4,True
33.530612,-5.069388,1606.7,2.9,valley,4,True
33.530612,-5.065306,1639.7,8.0,valley,4,True
33.530612,-5.061224,1470.7,8.3,valley,4,True
33.530612,-5.057143,1533.3,7.5,valley,4,True
33.530612,-5.053061,1356.7,10.5,valley,4,True
33.530612,-5.04898,1755.5,8.4,valley,4,True
33.530612,-5.044898,1652.7,10.3,valley,4,True
33.530612,-5.040816,1580.1,6.9,valley,4,True
33.530612,-5.036735,1525.5,8.7,valley,4,True
33.530612,-5.032653,1531.0,8.5,valley,4,True
33.530612,-5.028571,1793.6,5.3,valley,4,True
33.530612,-5.02449,1419.9,10.5,valley,4,True
33.530612,-5.020408,1542.4,7.6,valley,4,True
33.530612,-5.016327,1783.4,5.4,valley,4,True
33.530612,-5.012245,1638.4,5.7,valley,4,True
33.530612,-5.008163,1617.8,11.9,valley,4,True
33.530612,-5.004082,1732.7,11.5,valley,4,True
33.530612,-5.0,1473.4,6.0,valley,4,True
33.532653,-5.2,1394.4,2.7,valley,4,True
33.532653,-5.195918,1415.0,2.9,valley,4,True
33.532653,-5.191837,1528.5,4.8,valley,4,True
33.532653,-5.187755,1173.8,8.6,valley,4,True
33.532653,-5.183673,1450.2,6.8,valley,4,True
33.532653,-5.179592,1438.4,2.2,valley,4,True
33.532653,-5.17551,1685.7,2.9,valley,4,True
33.532653,-5.171429,1425.2,11.8,valley,4,True
33.532653,-5.167347,1383.4,2.9,valley,4,True
33.532653,-5.163265,1741.4,3.8,valley,4,True
33.532653,-5.159184,1371.8,9.9,valley,4,True
33.532653,-5.155102,1534.1,9.9,valley,4,True
33.532653,-5.15102,1765.9,8.8,valley,4,True
33.532653,-5.146939,1407.9,6.0,valley,4,True
33.532653,-5.142857,1580.8,9.5,valley,4,True
33.532653,-5.138776,1419.8,11.1,valley,4,True
33.532653,-5.134694,1367.3,6.2,valley,4,True
33.532653,-5.130612,1802.9,10.5,valley,4,True
33.532653,-5.126531,1600.1,9.6,valley,4,True
33.532653,-5.122449,1504.6,11.8,valley,4,True
33.532653,-5.118367,1316.6,8.8,valley,4,True
33.532653,-5.114286,1299.3,10.8,valley,4,True
33.532653,-5.110204,1471.7,5.1,valley,4,True
33.532653,-5.106122,1443.9,6.8,valley,4,True
33.532653,-5.102041,1393.8,2.1,valley,4,True
33.532653,-5.097959,1554.2,2.7,valley,4,True
33.532653,-5.093878,1651.8,7.7,valley,4,True
33.532653,-5.089796,1581.9,5.4,valley,4,True
33.532653,-5.085714,1656.2,6.6,valley,4,True
33.532653,-5.081633,1735.2,9.0,valley,4,True
33.532653,-5.077551,1210.3,5.1,valley,4,True
33.532653,-5.073469,1933.4,11.3,valley,4,True
33.532653,-5.069388,1450.8,5.2,valley,4,True
33.532653,-5.065306,1266.0,6.2,valley,4,True
33.532653,-5.061224,1805.5,6.4,valley,4,True
33.532653,-5.057143,1594.6,8.9,valley,4,True
33.532653,-5.053061,1843.1,4.1,valley,4,True
33.532653,-5.04898,1742.8,11.7,valley,4,True
33.532653,-5.044898,1576.3,7.6,valley,4,True
33.532653,-5.040816,1747.1,9.8,valley,4,True
33.532653,-5.036735,1555.0,7.6,valley,4,True
33.532653,-5.032653,1231.6,11.7,valley,4,True
33.532653,-5.028571,1684.2,4.0,valley,4,True
33.532653,-5.02449,1762.0,2.4,valley,4,True
33.532653,-5.020408,1799.1,2.6,valley,4,True
33.532653,-5.016327,1416.5,5.8,valley,4,True
33.532653,-5.012245,1379.8,10.3,valley,4,True
33.532653,-5.008163,1734.4,11.6,valley,4,True
33.532653,-5.004082,1357.4,7.4,valley,4,True
33.532653,-5.0,1766.0,5.9,valley,4,True
33.534694,-5.2,1642.2,5.1,valley,4,True
33.534694,-5.195918,1672.9,7.2,valley,4,True
33.534694,-5.191837,1585.9,2.2,valley,4,True
33.534694,-5.187755,1297.9,7.4,valley,4,True
33.534694,-5.183673,1292.9,10.7,valley,4,True
33.534694,-5.179592,1541.2,8.7,valley,4,True
33.534694,-5.17551,1401.2,10.7,valley,4,True
33.534694,-5.171429,1270.7,8.7,valley,4,True
33.534694,-5.167347,1518.1,4.1,valley,4,True
33.534694,-5.163265,1578.9,8.6,valley,4,True
33.534694,-5.159184,1679.6,4.6,valley,4,True
33.534694,-5.155102,1371.4,6.5,valley,4,True
33.534694,-5.15102,1485.1,3.7,valley,4,True
33.534694,-5.146939,1628.5,3.2,valley,4,True
33.534694,-5.142857,1198.8,7.2,valley,4,True
33.534694,-5.138776,1311.9,2.9,valley,4,True
33.534694,-5.134694,1629.4,4.3,valley,4,True
33.534694,-5.130612,1412.2,3.9,valley,4,True
33.534694,-5.126531,1626.9,6.1,valley,4,True
33.534694,-5.122449,1424.2,8.1,valley,4,True
33.534694,-5.118367,1347.8,4.0,valley,4,True
33.534694,-5.114286,1602.2,11.0,valley,4,True
33.534694,-5.110204,1583.5,11.2,valley,4,True
33.534694,-5.106122,1310.7,7.3,valley,4,True
33.534694,-5.102041,1350.2,4.8,valley,4,True
33.534694,-5.097959,1266.6,9.7,valley,4,True
33.534694,-5.093878,1338.7,4.5,valley,4,True
33.534694,-5.089796,1345.0,3.8,valley,4,True
33.534694,-5.085714,1579.5,10.8,valley,4,True
33.534694,-5.081633,1614.8,3.2,valley,4,True
33.534694,-5.077551,1571.2,4.2,valley,4,True
33.534694,-5.073469,2113.7,4.7,valley,4,True
33.534694,-5.069388,1345.5,5.8,valley,4,True
33.534694,-5.065306,1548.3,6.7,valley,4,True
33.534694,-5.061224,1926.3,11.6,valley,4,True
33.534694,-5.057143,1281.5,4.9,valley,4,True
33.534694,-5.053061,1677.4,9.2,valley,4,True
33.534694,-5.04898,1828.5,8.0,valley,4,True
33.534694,-5.044898,1349.8,11.9,valley,4,True
33.534694,-5.040816,1469.1,5.5,valley,4,True
33.534694,-5.036735,1633.1,10.3,valley,4,True
33.534694,-5.032653,1771.4,5.9,valley,4,True
33.534694,-5.028571,1619.6,10.2,valley,4,True
33.534694,-5.02449,1467.9,10.8,valley,4,True
33.534694,-5.020408,1500.0,11.9,valley,4,True
33.534694,-5.016327,1784.9,2.1,valley,4,True
33.534694,-5.012245,1662.9,9.9,valley,4,True
33.534694,-5.008163,1589.1,7.4,valley,4,True
33.534694,-5.004082,1101.0,4.2,valley,4,True
33.534694,-5.0,1834.3,4.3,valley,4,True
33.536735,-5.2,1501.1,8.6,valley,4,True
33.536735,-5.195918,1185.9,3.5,valley,4,True
33.536735,-5.191837,1413.8,3.1,valley,4,True
33.536735,-5.187755,1383.0,4.5,valley,4,True
33.536735,-5.183673,1376.0,8.1,valley,4,True
33.536735,-5.179592,1601.6,5.7,valley,4,True
33.536735,-5.17551,1180.6,5.9,valley,4,True
33.536735,-5.171429,1557.2,8.9,valley,4,True
33.536735,-5.167347,1363.5,7.7,valley,4,True
33.536735,-5.163265,1612.3,4.4,valley,4,True
33.536735,-5.159184,1488.9,11.4,valley,4,True
33.536735,-5.155102,1564.2,11.0,valley,4,True
33.536735,-5.15102,1492.8,11.5,valley,4,True
33.536735,-5.146939,1599.3,6.0,valley,4,True
33.536735,-5.142857,1627.0,5.0,valley,4,True
33.536735,-5.138776,1724.7,7.6,valley,4,True
33.536735,-5.134694,1559.2,8.4,valley,4,True
33.536735,-5.130612,1740.4,4.8,valley,4,True
33.536735,-5.126531,1299.8,5.5,valley,4,True
33.536735,-5.122449,1646.1,7.2,valley,4,True
33.536735,-5.118367,1356.9,5.4,valley,4,True
33.536735,-5.114286,1851.8,10.2,valley,4,True
33.536735,-5.110204,1436.1,10.4,valley,4,True
33.536735,-5.106122,1349.0,8.7,valley,4,True
33.536735,-5.102041,1683.2,8.4,valley,4,True
33.536735,-5.097959,1868.8,7.3,valley,4,True
33.536735,-5.093878,1423.4,7.1,valley,4,True
33.536735,-5.089796,1633.7,5.1,valley,4,True
33.536735,-5.085714,1535.4,9.3,valley,4,True
33.536735,-5.081633,1689.1,11.6,valley,4,True
33.536735,-5.077551,1566.4,8.7,valley,4,True
33.536735,-5.073469,1542.7,2.9,valley,4,True
33.536735,-5.069388,1733.5,5.2,valley,4,True
33.536735,-5.065306,1495.6,2.6,valley,4,True
33.536735,-5.061224,1915.8,7.6,valley,4,True
33.536735,-5.057143,1536.6,9.8,valley,4,True
33.536735,-5.053061,1342.8,9.0,valley,4,True
33.536735,-5.04898,1660.9,9.7,valley,4,True
33.536735,-5.044898,1648.1,3.0,valley,4,True
33.536735,-5.040816,1491.7,2.9,valley,4,True
33.536735,-5.036735,1373.8,6.0,valley,4,True
33.536735,-5.032653,1852.9,2.8,valley,4,True
33.536735,-5.028571,1666.8,11.5,valley,4,True
33.536735,-5.02449,1095.3,7.0,valley,4,True
33.536735,-5.020408,1509.0,9.4,valley,4,True
33.536735,-5.016327,1757.5,2.6,valley,4,True
33.536735,-5.012245,1510.9,11.9,valley,4,True
33.536735,-5.008163,1287.2,4.8,valley,4,True
33.536735,-5.004082,1644.3,10.6,valley,4,True
33.536735,-5.0,1156.7,9.3,valley,4,True
33.538776,-5.2,1352.6,9.4,valley,4,True
33.538776,-5.195918,1676.7,2.1,valley,4,True
33.538776,-5.191837,1612.3,9.2,valley,4,True
33.538776,-5.187755,1229.6,4.5,valley,4,True
33.538776,-5.183673,1370.1,4.5,valley,4,True
33.538776,-5.179592,1669.5,4.2,valley,4,True
33.538776,-5.17551,1253.1,3.3,valley,4,True
33.538776,-5.171429,1526.6,9.2,valley,4,True
33.538776,-5.167347,1458.7,8.2,valley,4,True
33.538776,-5.163265,1560.9,4.3,valley,4,True
33.538776,-5.159184,1691.1,6.8,valley,4,True
33.538776,-5.155102,1498.6,6.1,valley,4,True
33.538776,-5.15102,1661.9,10.6,valley,4,True
33.538776,-5.146939,1556.8,5.5,valley,4,True
33.538776,-5.142857,1170.7,2.1,valley,4,True
33.538776,-5.138776,1504.1,5.9,valley,4,True
33.538776,-5.134694,1790.0,6.8,valley,4,True
33.538776,-5.130612,1146.0,5.0,valley,4,True
33.538776,-5.126531,1521.6,2.7,valley,4,True
33.538776,-5.122449,1616.9,3.6,valley,4,True
33.538776,-5.118367,1559.6,7.4,valley,4,True
33.538776,-5.114286,1482.4,4.6,valley,4,True
33.538776,-5.110204,1390.3,5.8,valley,4,True
33.538776,-5.106122,1841.5,11.4,valley,4,True
33.538776,-5.102041,1788.1,3.7,valley,4,True
33.538776,-5.097959,1315.0,3.0,valley,4,True
33.538776,-5.093878,1619.6,8.3,valley,4,True
33.538776,-5.089796,1563.8,2.5,valley,4,True
33.538776,-5.085714,1487.1,4.1,valley,4,True
33.538776,-5.081633,1555.6,10.8,valley,4,True
33.538776,-5.077551,1641.3,11.2,valley,4,True
33.538776,-5.073469,1543.7,5.1,valley,4,True
33.538776,-5.069388,1553.8,4.3,valley,4,True
33.538776,-5.065306,1849.7,8.4,valley,4,True
33.538776,-5.061224,1393.7,3.8,valley,4,True
33.538776,-5.057143,1501.2,6.7,valley,4,True
33.538776,-5.053061,1303.0,5.0,valley,4,True
33.538776,-5.04898,1853.3,3.9,valley,4,True
33.538776,-5.044898,1460.4,8.2,valley,4,True
33.538776,-5.040816,1522.1,2.7,valley,4,True
33.538776,-5.036735,1170.6,9.5,valley,4,True
33.538776,-5.032653,1228.0,10.3,valley,4,True
33.538776,-5.028571,1796.5,2.7,valley,4,True
33.538776,-5.02449,1755.0,11.0,valley,4,True
33.538776,-5.020408,1864.9,8.5,valley,4,True
33.538776,-5.016327,1523.8,6.1,valley,4,True
33.538776,-5.012245,1471.6,11.4,valley,4,True
33.538776,-5.008163,1244.9,11.9,valley,4,True
33.538776,-5.004082,1196.6,8.0,valley,4,True
33.538776,-5.0,1229.2,10.4,valley,4,True
33.540816,-5.2,1934.0,17.1,hills,5,True
33.540816,-5.195918,1699.0,14.9,hills,5,True
33.540816,-5.191837,1697.7,18.2,hills,5,True
33.540816,-5.187755,1648.1,9.4,hills,5,True
33.540816,-5.183673,1623.1,18.6,hills,5,True
33.540816,-5.179592,1577.0,19.7,hills,5,True
33.540816,-5.17551,1459.0,18.7,hills,5,True
33.540816,-5.171429,1983.5,12.6,hills,5,True
33.540816,-5.167347,2059.8,5.9,hills,5,True
33.540816,-5.163265,1169.7,8.2,hills,5,True
33.540816,-5.159184,1609.6,11.7,hills,5,True
33.540816,-5.155102,1465.3,20.0,hills,5,True
33.540816,-5.15102,1718.4,5.8,hills,5,True
33.540816,-5.146939,1424.5,18.3,hills,5,True
33.540816,-5.142857,1849.7,6.1,hills,5,True
33.540816,-5.138776,1691.7,11.2,hills,5,True
33.540816,-5.134694,1849.2,8.1,hills,5,True
33.540816,-5.130612,1470.5,17.4,hills,5,True
33.540816,-5.126531,2184.0,14.6,hills,5,True
33.540816,-5.122449,1859.3,10.7,hills,5,True
33.540816,-5.118367,1963.3,15.9,hills,5,True
33.540816,-5.114286,1547.4,9.5,hills,5,True
33.540816,-5.110204,1979.8,10.7,hills,5,True
33.540816,-5.106122,1688.7,18.5,hills,5,True
33.540816,-5.102041,1876.1,14.7,hills,5,True
33.540816,-5.097959,1397.3,10.1,hills,5,True
33.540816,-5.093878,1778.5,5.8,hills,5,True
33.540816,-5.089796,1525.5,17.8,hills,5,True
33.540816,-5.085714,1560.8,13.2,hills,5,True
33.540816,-5.081633,1459.8,10.0,hills,5,True
33.540816,-5.077551,2055.1,16.3,hills,5,True
33.540816,-5.073469,1933.3,15.2,hills,5,True
33.540816,-5.069388,1433.9,17.0,hills,5,True
33.540816,-5.065306,1639.0,6.0,hills,5,True
33.540816,-5.061224,1774.8,7.2,hills,5,True
33.540816,-5.057143,1721.7,6.8,hills,5,True
33.540816,-5.053061,1813.1,5.7,hills,5,True
33.540816,-5.04898,1698.8,5.4,hills,5,True
33.540816,-5.044898,1240.9,7.8,hills,5,True
33.540816,-5.040816,1290.4,10.0,hills,5,True
33.540816,-5.036735,2006.7,12.8,hills,5,True
33.540816,-5.032653,1970.2,5.2,hills,5,True
33.540816,-5.028571,1267.7,9.2,hills,5,True
33.540816,-5.02449,1575.1,11.3,hills,5,True
33.540816,-5.020408,1520.0,8.6,hills,5,True
33.540816,-5.016327,1617.5,7.5,hills,5,True
33.540816,-5.012245,1607.3,9.3,hills,5,True
33.540816,-5.008163,1853.3,8.5,hills,5,True
33.540816,-5.004082,1712.4,11.4,hills,5,True
33.540816,-5.0,1556.4,9.2,hills,5,True
33.542857,-5.2,1609.1,6.8,hills,5,True
33.542857,-5.195918,1783.6,14.2,hills,5,True
33.542857,-5.191837,1543.9,18.3,hills,5,True
33.542857,-5.187755,1519.6,14.8,hills,5,True
33.542857,-5.183673,1987.9,11.9,hills,5,True
33.542857,-5.179592,1809.0,14.7,hills,5,True
33.542857,-5.17551,1505.8,12.0,hills,5,True
33.542857,-5.171429,1389.9,7.3,hills,5,True
33.542857,-5.167347,1715.7,5.3,hills,5,True
33.542857,-5.163265,1728.8,15.0,hills,5,True
33.542857,-5.159184,1755.7,16.3,hills,5,True
33.542857,-5.155102,1749.7,17.4,hills,5,True
33.542857,-5.15102,1714.7,16.7,hills,5,True
33.542857,-5.146939,1925.8,17.4,hills,5,True
33.542857,-5.142857,1678.6,6.1,hills,5,True
33.542857,-5.138776,1656.6,7.0,hills,5,True
33.542857,-5.134694,2341.4,15.4,hills,5,True
33.542857,-5.130612,2120.9,9.8,hills,5,True
33.542857,-5.126531,1511.7,15.3,hills,5,True
33.542857,-5.122449,1594.0,10.2,hills,5,True
33.542857,-5.118367,1696.9,11.1,hills,5,True
33.542857,-5.114286,1464.8,12.4,hills,5,True
33.542857,-5.110204,1565.9,19.5,hills,5,True
33.542857,-5.106122,1694.6,13.0,hills,5,True
33.542857,-5.102041,1338.4,8.1,hills,5,True
33.542857,-5.097959,1569.3,13.8,hills,5,True
33.542857,-5.093878,1755.4,12.8,hills,5,True
33.542857,-5.089796,1669.5,10.6,hills,5,True
33.542857,-5.085714,1734.6,18.4,hills,5,True
33.542857,-5.081633,1542.6,12.6,hills,5,True
33.542857,-5.077551,1703.1,5.1,hills,5,True
33.542857,-5.073469,1385.5,8.3,hills,5,True
33.542857,-5.069388,2031.4,13.1,hills,5,True
33.542857,-5.065306,1656.9,6.0,hills,5,True
33.542857,-5.061224,1734.8,5.3,hills,5,True
33.542857,-5.057143,1893.8,11.7,hills,5,True
33.542857,-5.053061,1555.2,19.2,hills,5,True
33.542857,-5.04898,1660.0,7.3,hills,5,True
33.542857,-5.044898,1384.3,15.8,hills,5,True
33.542857,-5.040816,1331.1,5.5,hills,5,True
33.542857,-5.036735,1806.2,12.9,hills,5,True
33.542857,-5.032653,1749.4,19.8,hills,5,True
33.542857,-5.028571,1736.2,19.4,hills,5,True
33.542857,-5.02449,1884.0,14.0,hills,5,True
33.542857,-5.020408,2010.0,6.0,hills,5,True
33.542857,-5.016327,1589.8,13.1,hills,5,True
33.542857,-5.012245,1798.8,5.6,hills,5,True
33.542857,-5.008163,1644.9,11.0,hills,5,True
33.542857,-5.004082,1745.7,15.7,hills,5,True
33.542857,-5.0,1498.7,6.0,hills,5,True
33.544898,-5.2,1508.3,18.9,hills,5,True
33.544898,-5.195918,1548.4,5.2,hills,5,True
33.544898,-5.191837,1797.0,8.8,hills,5,True
33.544898,-5.187755,1774.8,17.2,hills,5,True
33.544898,-5.183673,1438.3,14.0,hills,5,True
33.544898,-5.179592,1590.1,10.7,hills,5,True
33.544898,-5.17551,1203.3,19.2,hills,5,True
33.544898,-5.171429,1635.3,12.5,hills,5,True
33.544898,-5.167347,1515.0,17.9,hills,5,True
33.544898,-5.163265,1966.9,6.4,hills,5,True
33.544898,-5.159184,1384.8,19.5,hills,5,True
33.544898,-5.155102,1792.6,10.2,hills,5,True
33.544898,-5.15102,1831.4,13.3,hills,5,True
33.544898,-5.146939,1673.2,5.8,hills,5,True
33.544898,-5.142857,1774.8,19.6,hills,5,True
33.544898,-5.138776,1661.2,5.8,hills,5,True
33.544898,-5.134694,1589.8,17.6,hills,5,True
33.544898,-5.130612,1217.4,7.2,hills,5,True
33.544898,-5.126531,1819.0,17.2,hills,5,True
33.544898,-5.122449,1405.3,16.7,hills,5,True
33.544898,-5.118367,1699.0,7.8,hills,5,True
33.544898,-5.114286,1448.8,11.0,hills,5,True
33.544898,-5.110204,1707.6,18.4,hills,5,True
33.544898,-5.106122,1659.1,13.5,hills,5,True
33.544898,-5.102041,1802.5,13.0,hills,5,True
33.544898,-5.097959,1462.4,11.1,hills,5,True
33.544898,-5.093878,1713.1,8.7,hills,5,True
33.544898,-5.089796,1794.4,16.4,hills,5,True
33.544898,-5.085714,1436.5,11.9,hills,5,True
33.544898,-5.081633,1714.6,15.6,hills,5,True
33.544898,-5.077551,1728.8,5.0,hills,5,True
33.544898,-5.073469,1492.6,11.6,hills,5,True
33.544898,-5.069388,1826.2,7.1,hills,5,True
33.544898,-5.065306,1709.8,10.3,hills,5,True
33.544898,-5.061224,1498.0,17.1,hills,5,True
33.544898,-5.057143,1518.5,13.8,hills,5,True
33.544898,-5.053061,1715.0,12.9,hills,5,True
33.544898,-5.04898,1830.0,12.0,hills,5,True
33.544898,-5.044898,1749.8,9.2,hills,5,True
33.544898,-5.040816,1694.2,18.4,hills,5,True
33.544898,-5.036735,1578.0,14.2,hills,5,True
33.544898,-5.032653,1848.3,18.7,hills,5,True
33.544898,-5.028571,1540.7,7.3,hills,5,True
33.544898,-5.02449,1498.5,13.3,hills,5,True
33.544898,-5.020408,1557.6,8.8,hills,5,True
33.544898,-5.016327,1825.1,14.7,hills,5,True
33.544898,-5.012245,1975.5,19.9,hills,5,True
33.544898,-5.008163,1903.9,11.6,hills,5,True
33.544898,-5.004082,1723.4,15.6,hills,5,True
33.544898,-5.0,1478.5,9.8,hills,5,True
33.546939,-5.2,1762.2,8.6,hills,5,True
33.546939,-5.195918,1878.8,8.9,hills,5,True
33.546939,-5.191837,1329.4,5.6,hills,5,True
33.546939,-5.187755,1213.0,18.4,hills,5,True
33.546939,-5.183673,1529.8,6.0,hills,5,True
33.546939,-5.179592,1393.7,5.5,hills,5,True
33.546939,-5.17551,1530.4,8.7,hills,5,True
33.546939,-5.171429,1695.3,9.5,hills,5,True
33.546939,-5.167347,1640.3,14.1,hills,5,True
33.546939,-5.163265,1804.1,9.3,hills,5,True
33.546939,-5.159184,2087.8,6.6,hills,5,True
33.546939,-5.155102,1511.3,6.7,hills,5,True
33.546939,-5.15102,1589.5,19.2,hills,5,True
33.546939,-5.146939,1428.9,13.6,hills,5,True
33.546939,-5.142857,1135.7,14.6,hills,5,True
33.546939,-5.138776,1490.3,9.8,hills,5,True
33.546939,-5.134694,1337.7,19.0,hills,5,True
33.546939,-5.130612,1790.2,11.3,hills,5,True
33.546939,-5.126531,1570.0,12.7,hills,5,True
33.546939,-5.122449,1728.5,6.7,hills,5,True
33.546939,-5.118367,1759.9,7.2,hills,5,True
33.546939,-5.114286,1400.1,16.0,hills,5,True
33.546939,-5.110204,1375.3,13.4,hills,5,True
33.546939,-5.106122,1760.3,17.0,hills,5,True
33.546939,-5.102041,1453.9,6.1,hills,5,True
33.546939,-5.097959,1679.4,8.9,hills,5,True
33.546939,-5.093878,1614.7,5.9,hills,5,True
33.546939,-5.089796,1367.3,6.5,hills,5,True
33.546939,-5.085714,1835.0,8.3,hills,5,True
33.546939,-5.081633,1839.0,15.8,hills,5,True
33.546939,-5.077551,1323.7,18.2,hills,5,True
33.546939,-5.073469,1251.1,6.3,hills,5,True
33.546939,-5.069388,1325.1,6.9,hills,5,True
33.546939,-5.065306,1641.9,6.6,hills,5,True
33.546939,-5.061224,1749.9,11.1,hills,5,True
33.546939,-5.057143,1770.5,6.3,hills,5,True
33.546939,-5.053061,1810.2,18.2,hills,5,True
33.546939,-5.04898,1382.6,8.3,hills,5,True
33.546939,-5.044898,1345.1,12.1,hills,5,True
33.546939,-5.040816,1493.8,8.9,hills,5,True
33.546939,-5.036735,1201.3,6.3,hills,5,True
33.546939,-5.032653,1246.9,12.5,hills,5,True
33.546939,-5.028571,1739.9,9.0,hills,5,True
33.546939,-5.02449,1592.4,8.2,hills,5,True
33.546939,-5.020408,1382.8,6.8,hills,5,True
33.546939,-5.016327,1593.4,18.0,hills,5,True
33.546939,-5.012245,1335.6,15.2,hills,5,True
33.546939,-5.008163,1279.4,15.9,hills,5,True
33.546939,-5.004082,1883.1,19.7,hills,5,True
33.546939,-5.0,1719.9,15.5,hills,5,True
33.54898,-5.2,1940.0,11.0,hills,5,True
33.54898,-5.195918,1695.5,17.6,hills,5,True
33.54898,-5.191837,1494.0,17.2,hills,5,True
33.54898,-5.187755,1544.8,18.4,hills,5,True
33.54898,-5.183673,1358.7,10.3,hills,5,True
33.54898,-5.179592,1714.7,10.2,hills,5,True
33.54898,-5.17551,1418.2,9.5,hills,5,True
33.54898,-5.171429,1903.6,7.7,hills,5,True
33.54898,-5.167347,1853.0,19.1,hills,5,True
33.54898,-5.163265,1513.7,18.1,hills,5,True
33.54898,-5.159184,1050.7,17.9,hills,5,True
33.54898,-5.155102,1815.7,7.2,hills,5,True
33.54898,-5.15102,1484.5,6.4,hills,5,True
33.54898,-5.146939,1399.9,12.6,hills,5,True
33.54898,-5.142857,1352.4,16.7,hills,5,True
33.54898,-5.138776,1594.2,6.8,hills,5,True
33.54898,-5.134694,1624.4,19.3,hills,5,True
33.54898,-5.130612,1516.8,7.6,hills,5,True
33.54898,-5.126531,1954.4,13.1,hills,5,True
33.54898,-5.122449,1642.3,10.4,hills,5,True
33.54898,-5.118367,1280.6,11.3,hills,5,True
33.54898,-5.114286,1495.6,14.7,hills,5,True
33.54898,-5.110204,2152.9,19.4,hills,5,True
33.54898,-5.106122,1664.4,7.7,hills,5,True
33.54898,-5.102041,2136.7,12.5,hills,5,True
33.54898,-5.097959,2138.0,5.5,hills,5,True
33.54898,-5.093878,1465.3,13.0,hills,5,True
33.54898,-5.089796,1629.7,17.4,hills,5,True
33.54898,-5.085714,1780.6,14.0,hills,5,True
33.54898,-5.081633,1184.6,8.1,hills,5,True
33.54898,-5.077551,1561.2,15.7,hills,5,True
33.54898,-5.073469,1484.5,9.2,hills,5,True
33.54898,-5.069388,1552.4,17.8,hills,5,True
33.54898,-5.065306,1462.7,11.4,hills,5,True
33.54898,-5.061224,1608.0,7.5,hills,5,True
33.54898,-5.057143,1414.5,8.8,hills,5,True
33.54898,-5.053061,1889.9,14.7,hills,5,True
33.54898,-5.04898,1500.4,15.8,hills,5,True
33.54898,-5.044898,1768.4,10.5,hills,5,True
33.54898,-5.040816,1586.3,15.7,hills,5,True
33.54898,-5.036735,1837.4,13.9,hills,5,True
33.54898,-5.032653,1442.0,7.5,hills,5,True
33.54898,-5.028571,1437.8,12.1,hills,5,True
33.54898,-5.02449,1395.8,6.6,hills,5,True
33.54898,-5.020408,1652.9,12.4,hills,5,True
33.54898,-5.016327,1679.8,15.0,hills,5,True
33.54898,-5.012245,1416.3,14.9,hills,5,True
33.54898,-5.008163,1672.3,19.1,hills,5,True
33.54898,-5.004082,1858.4,12.5,hills,5,True
33.54898,-5.0,1640.8,16.5,hills,5,True
33.55102,-5.2,1088.2,7.0,valley,6,True
33.55102,-5.195918,1421.0,8.7,valley,6,True
33.55102,-5.191837,1904.0,3.1,valley,6,True
33.55102,-5.187755,1285.3,6.5,valley,6,True
33.55102,-5.183673,1876.9,9.4,valley,6,True
33.55102,-5.179592,1347.4,5.7,valley,6,True
33.55102,-5.17551,1697.3,8.3,valley,6,True
33.55102,-5.171429,1439.1,10.3,valley,6,True
33.55102,-5.167347,1389.0,5.6,valley,6,True
33.55102,-5.163265,1266.1,3.2,valley,6,True
33.55102,-5.159184,1121.7,10.4,valley,6,True
33.55102,-5.155102,1162.1,4.4,valley,6,True
33.55102,-5.15102,1777.4,8.9,valley,6,True
33.55102,-5.146939,1827.6,7.8,valley,6,True
33.55102,-5.142857,1694.1,2.6,valley,6,True
33.55102,-5.138776,1583.4,2.3,valley,6,True
33.55102,-5.134694,1658.1,8.1,valley,6,True
33.55102,-5.130612,1881.3,11.1,valley,6,True
33.55102,-5.126531,1701.6,6.8,valley,6,True
33.55102,-5.122449,1403.7,10.3,valley,6,True
33.55102,-5.118367,1515.2,6.3,valley,6,True
33.55102,-5.114286,1355.2,6.3,valley,6,True
33.55102,-5.110204,1342.1,9.6,valley,6,True
33.55102,-5.106122,1576.1,6.7,valley,6,True
33.55102,-5.102041,1836.7,9.4,valley,6,True
33.55102,-5.097959,1566.0,4.8,valley,6,True
33.55102,-5.093878,1536.3,2.7,valley,6,True
33.55102,-5.089796,1333.6,8.1,valley,6,True
33.55102,-5.085714,1698.3,7.8,valley,6,True
33.55102,-5.081633,1278.1,4.3,valley,6,True
33.55102,-5.077551,1624.2,9.6,valley,6,True
33.55102,-5.073469,1469.3,8.6,valley,6,True
33.55102,-5.069388,1706.6,10.7,valley,6,True
33.55102,-5.065306,1653.3,9.0,valley,6,True
33.55102,-5.061224,1591.1,8.5,valley,6,True
33.55102,-5.057143,1486.3,8.8,valley,6,True
33.55102,-5.053061,1533.6,11.2,valley,6,True
33.55102,-5.04898,1563.7,8.4,valley,6,True
33.55102,-5.044898,1787.5,4.1,valley,6,True
33.55102,-5.040816,1526.3,9.4,valley,6,True
33.55102,-5.036735,1630.4,9.9,valley,6,True
33.55102,-5.032653,1246.2,4.4,valley,6,True
33.55102,-5.028571,1305.4,9.7,valley,6,True
33.55102,-5.02449,1409.5,3.0,valley,6,True
33.55102,-5.020408,944.3,11.9,valley,6,True
33.55102,-5.016327,1283.1,5.2,valley,6,True
33.55102,-5.012245,1621.9,5.7,valley,6,True
33.55102,-5.008163,1542.5,2.1,valley,6,True
33.55102,-5.004082,1639.5,3.5,valley,6,True
33.55102,-5.0,1665.4,6.7,valley,6,True
33.553061,-5.2,1738.3,6.4,valley,6,True
33.553061,-5.195918,1530.6,5.1,valley,6,True
33.553061,-5.191837,1342.3,6.0,valley,6,True
33.553061,-5.187755,1276.0,3.6,valley,6,True
33.553061,-5.183673,1739.0,5.3,valley,6,True
33.553061,-5.179592,1638.3,5.4,valley,6,True
33.553061,-5.17551,1546.8,8.0,valley,6,True
33.553061,-5.171429,1252.0,6.6,valley,6,True
33.553061,-5.167347,1706.7,9.5,valley,6,True
33.553061,-5.163265,1516.5,6.9,valley,6,True
33.553061,-5.159184,1425.7,11.8,valley,6,True
33.553061,-5.155102,1796.5,11.7,valley,6,True
33.553061,-5.15102,1314.6,11.3,valley,6,True
33.553061,-5.146939,1734.3,6.7,valley,6,True
33.553061,-5.142857,1288.9,3.6,valley,6,True
33.553061,-5.138776,1554.6,2.5,valley,6,True
33.553061,-5.134694,1813.9,2.4,valley,6,True
33.553061,-5.130612,1315.3,7.9,valley,6,True
33.553061,-5.126531,1721.8,2.3,valley,6,True
33.553061,-5.122449,1935.6,2.3,valley,6,True
33.553061,-5.118367,1638.0,5.1,valley,6,True
33.553061,-5.114286,1221.3,11.7,valley,6,True
33.553061,-5.110204,1541.3,8.1,valley,6,True
33.553061,-5.106122,1502.0,7.4,valley,6,True
33.553061,-5.102041,1647.2,5.6,valley,6,True
33.553061,-5.097959,1538.5,5.2,valley,6,True
33.553061,-5.093878,1736.5,8.3,valley,6,True
33.553061,-5.089796,1439.1,10.5,valley,6,True
33.553061,-5.085714,1364.1,7.7,valley,6,True
33.553061,-5.081633,1519.0,5.5,valley,6,True
33.553061,-5.077551,1686.2,11.9,valley,6,True
33.553061,-5.073469,1715.8,6.0,valley,6,True
33.553061,-5.069388,1552.8,9.9,valley,6,True
33.553061,-5.065306,1416.3,2.2,valley,6,True
33.553061,-5.061224,1698.3,8.1,valley,6,True
33.553061,-5.057143,1653.9,2.9,valley,6,True
33.553061,-5.053061,1609.1,5.1,valley,6,True
33.553061,-5.04898,1909.9,2.5,valley,6,True
33.553061,-5.044898,1476.1,3.7,valley,6,True
33.553061,-5.040816,1267.2,4.3,valley,6,True
33.553061,-5.036735,1421.6,5.9,valley,6,True
33.553061,-5.032653,1651.5,8.4,valley,6,True
33.553061,-5.028571,1536.8,3.2,valley,6,True
33.553061,-5.02449,1649.5,7.5,valley,6,True
33.553061,-5.020408,1468.6,7.2,valley,6,True
33.553061,-5.016327,1734.6,7.3,valley,6,True
33.553061,-5.012245,1780.8,9.2,valley,6,True
33.553061,-5.008163,1336.4,11.6,valley,6,True
33.553061,-5.004082,1432.8,6.5,valley,6,True
33.553061,-5.0,1246.1,5.8,valley,6,True
33.555102,-5.2,1868.7,9.3,valley,6,True
33.555102,-5.195918,1409.6,11.8,valley,6,True
33.555102,-5.191837,1586.2,11.1,valley,6,True
33.555102,-5.187755,1283.4,11.0,valley,6,True
33.555102,-5.183673,1883.6,11.8,valley,6,True
33.555102,-5.179592,1419.5,9.0,valley,6,True
33.555102,-5.17551,1270.4,4.7,valley,6,True
33.555102,-5.171429,1422.6,5.2,valley,6,True
33.555102,-5.167347,1706.5,3.6,valley,6,True
33.555102,-5.163265,1251.2,11.4,valley,6,True
33.555102,-5.159184,1499.4,10.6,valley,6,True
33.555102,-5.155102,1699.6,3.9,valley,6,True
33.555102,-5.15102,1194.5,4.4,valley,6,True
33.555102,-5.146939,1491.9,8.7,valley,6,True
33.555102,-5.142857,1701.5,5.3,valley,6,True
33.555102,-5.138776,1519.9,5.2,valley,6,True
33.555102,-5.134694,1310.3,8.4,valley,6,True
33.555102,-5.130612,1185.6,5.7,valley,6,True
33.555102,-5.126531,1586.8,10.6,valley,6,True
33.555102,-5.122449,1370.9,2.2,valley,6,True
33.555102,-5.118367,1916.1,10.6,valley,6,True
33.555102,-5.114286,1801.7,8.2,valley,6,True
33.555102,-5.110204,1578.6,9.7,valley,6,True
33.555102,-5.106122,1541.9,2.8,valley,6,True
33.555102,-5.102041,1487.2,4.9,valley,6,True
33.555102,-5.097959,1440.4,10.1,valley,6,True
33.555102,-5.093878,1706.5,2.1,valley,6,True
33.555102,-5.089796,1242.9,4.1,valley,6,True
33.555102,-5.085714,1180.9,8.9,valley,6,True
33.555102,-5.081633,1625.4,6.5,valley,6,True
33.555102,-5.077551,1475.7,6.5,valley,6,True
33.555102,-5.073469,1283.9,4.5,valley,6,True
33.555102,-5.069388,1769.2,10.5,valley,6,True
33.555102,-5.065306,1422.9,9.1,valley,6,True
33.555102,-5.061224,1528.9,9.8,valley,6,True
33.555102,-5.057143,1560.4,7.6,valley,6,True
33.555102,-5.053061,1432.5,10.2,valley,6,True
33.555102,-5.04898,1563.7,10.3,valley,6,True
33.555102,-5.044898,1497.9,4.4,valley,6,True
33.555102,-5.040816,1644.4,6.4,valley,6,True
33.555102,-5.036735,1728.4,2.2,valley,6,True
33.555102,-5.032653,1604.6,2.8,valley,6,True
33.555102,-5.028571,1471.6,11.8,valley,6,True
33.555102,-5.02449,1554.4,6.7,valley,6,True
33.555102,-5.020408,1255.6,8.3,valley,6,True
33.555102,-5.016327,1445.6,7.1,valley,6,True
33.555102,-5.012245,1408.1,4.4,valley,6,True
33.555102,-5.008163,1676.6,5.9,valley,6,True
33.555102,-5.004082,1555.8,4.9,valley,6,True
33.555102,-5.0,1819.3,4.7,valley,6,True
33.557143,-5.2,1098.3,2.9,valley,6,True
33.557143,-5.195918,1683.7,4.1,valley,6,True
33.557143,-5.191837,1829.9,3.3,valley,6,True
33.557143,-5.187755,1646.4,6.1,valley,6,True
33.557143,-5.183673,1776.4,9.9,valley,6,True
33.557143,-5.179592,1586.6,4.0,valley,6,True
33.557143,-5.17551,1628.9,11.9,valley,6,True
33.557143,-5.171429,1461.3,2.1,valley,6,True
33.557143,-5.167347,1396.0,2.1,valley,6,True
33.557143,-5.163265,1891.9,6.3,valley,6,True
33.557143,-5.159184,1312.3,6.9,valley,6,True
33.557143,-5.155102,1468.6,10.9,valley,6,True
33.557143,-5.15102,1124.4,11.7,valley,6,True
33.557143,-5.146939,1520.1,3.2,valley,6,True
33.557143,-5.142857,1665.5,8.9,valley,6,True
33.557143,-5.138776,1761.2,3.2,valley,6,True
33.557143,-5.134694,1757.6,11.6,valley,6,True
33.557143,-5.130612,1339.6,7.4,valley,6,True
33.557143,-5.126531,1436.5,6.5,valley,6,True
33.557143,-5.122449,1552.5,5.8,valley,6,True
33.557143,-5.118367,1697.2,7.2,valley,6,True
33.557143,-5.114286,1547.6,8.9,valley,6,True
33.557143,-5.110204,1766.7,11.2,valley,6,True
33.557143,-5.106122,1277.6,6.1,valley,6,True
33.557143,-5.102041,1466.1,11.2,valley,6,True
33.557143,-5.097959,1692.7,4.6,valley,6,True
33.557143,-5.093878,1650.0,5.0,valley,6,True
33.557143,-5.089796,1710.8,2.3,valley,6,True
33.557143,-5.085714,1659.5,9.4,valley,6,True
33.557143,-5.081633,1674.2,3.5,valley,6,True
33.557143,-5.077551,1730.8,6.5,valley,6,True
33.557143,-5.073469,1397.3,9.4,valley,6,True
33.557143,-5.069388,1504.5,4.9,valley,6,True
33.557143,-5.065306,1681.7,8.7,valley,6,True
33.557143,-5.061224,1601.3,9.5,valley,6,True
33.557143,-5.057143,1370.6,5.9,valley,6,True
33.557143,-5.053061,1551.4,10.8,valley,6,True
33.557143,-5.04898,1559.7,2.0,valley,6,True
33.557143,-5.044898,1550.7,10.1,valley,6,True
33.557143,-5.040816,1781.1,5.9,valley,6,True
33.557143,-5.036735,1773.0,5.7,valley,6,True
33.557143,-5.032653,1608.8,9.0,valley,6,True
33.557143,-5.028571,1671.8,7.8,valley,6,True
33.557143,-5.02449,1791.9,2.1,valley,6,True
33.557143,-5.020408,1822.0,5.8,valley,6,True
33.557143,-5.016327,1531.0,10.0,valley,6,True
33.557143,-5.012245,1594.4,8.7,valley,6,True
33.557143,-5.008163,1304.8,8.3,valley,6,True
33.557143,-5.004082,1750.7,6.1,valley,6,True
33.557143,-5.0,1634.6,8.6,valley,6,True
33.559184,-5.2,1729.6,7.5,valley,6,True
33.559184,-5.195918,1401.9,3.5,valley,6,True
33.559184,-5.191837,1802.0,11.6,valley,6,True
33.559184,-5.187755,1813.1,5.5,valley,6,True
33.559184,-5.183673,1454.1,3.6,valley,6,True
33.559184,-5.179592,1365.3,4.7,valley,6,True
33.559184,-5.17551,1437.3,9.9,valley,6,True
33.559184,-5.171429,1314.0,7.1,valley,6,True
33.559184,-5.167347,1334.6,2.1,valley,6,True
33.559184,-5.163265,1614.9,5.8,valley,6,True
33.559184,-5.159184,1410.4,6.8,valley,6,True
33.559184,-5.155102,1618.2,6.4,valley,6,True
33.559184,-5.15102,1322.8,6.9,valley,6,True
33.559184,-5.146939,1545.4,2.8,valley,6,True
33.559184,-5.142857,1305.1,7.2,valley,6,True
33.559184,-5.138776,1662.8,10.3,valley,6,True
33.559184,-5.134694,1578.0,8.7,valley,6,True
33.559184,-5.130612,1645.4,11.3,valley,6,True
33.559184,-5.126531,1311.7,3.7,valley,6,True
33.559184,-5.122449,1627.7,4.2,valley,6,True
33.559184,-5.118367,1802.8,6.5,valley,6,True
33.559184,-5.114286,1869.4,10.0,valley,6,True
33.559184,-5.110204,1608.3,11.5,valley,6,True
33.559184,-5.106122,1348.4,6.0,valley,6,True
33.559184,-5.102041,1430.9,3.4,valley,6,True
33.559184,-5.097959,1618.4,4.6,valley,6,True
33.559184,-5.093878,1293.1,6.7,valley,6,True
33.559184,-5.089796,1283.7,6.5,valley,6,True
33.559184,-5.085714,1626.4,8.2,valley,6,True
33.559184,-5.081633,1538.1,7.6,valley,6,True
33.559184,-5.077551,1498.1,8.5,valley,6,True
33.559184,-5.073469,1842.6,11.2,valley,6,True
33.559184,-5.069388,1740.2,5.0,valley,6,True
33.559184,-5.065306,1496.4,8.2,valley,6,True
33.559184,-5.061224,1511.6,7.9,valley,6,True
33.559184,-5.057143,1247.9,3.5,valley,6,True
33.559184,-5.053061,1532.5,10.3,valley,6,True
33.559184,-5.04898,1837.5,10.1,valley,6,True
33.559184,-5.044898,1485.0,5.7,valley,6,True
33.559184,-5.040816,1460.6,9.9,valley,6,True
33.559184,-5.036735,1950.0,4.6,valley,6,True
33.559184,-5.032653,1418.6,6.6,valley,6,True
33.559184,-5.028571,1224.8,9.1,valley,6,True
33.559184,-5.02449,1336.0,11.4,valley,6,True
33.559184,-5.020408,1566.3,11.9,valley,6,True
33.559184,-5.016327,1571.7,7.3,valley,6,True
33.559184,-5.012245,1591.6,10.4,valley,6,True
33.559184,-5.008163,1726.1,7.1,valley,6,True
33.559184,-5.004082,1799.3,11.8,valley,6,True
33.559184,-5.0,1498.3,10.7,valley,6,True
33.561224,-5.2,1804.0,17.9,hills,7,True
33.561224,-5.195918,1864.1,9.2,hills,7,True
33.561224,-5.191837,1229.8,18.1,hills,7,True
33.561224,-5.187755,1459.2,13.1,hills,7,True
33.561224,-5.183673,1440.8,9.7,hills,7,True
33.561224,-5.179592,1456.5,18.1,hills,7,True
33.561224,-5.17551,1624.1,9.1,hills,7,True
33.561224,-5.171429,1845.1,19.5,hills,7,True
33.561224,-5.167347,1814.5,15.1,hills,7,True
33.561224,-5.163265,1439.6,18.7,hills,7,True
33.561224,-5.159184,1534.5,7.8,hills,7,True
33.561224,-5.155102,1524.1,5.1,hills,7,True
33.561224,-5.15102,1693.4,8.3,hills,7,True
33.561224,-5.146939,1679.2,11.7,hills,7,True
33.561224,-5.142857,1551.0,18.5,hills,7,True
33.561224,-5.138776,1809.6,9.0,hills,7,True
33.561224,-5.134694,1289.8,12.8,hills,7,True
33.561224,-5.130612,1577.3,19.2,hills,7,True
33.561224,-5.126531,1558.5,11.5,hills,7,True
33.561224,-5.122449,1283.5,9.0,hills,7,True
33.561224,-5.118367,1644.9,15.9,hills,7,True
33.561224,-5.114286,1788.4,9.8,hills,7,True
33.561224,-5.110204,1847.2,19.4,hills,7,True
33.561224,-5.106122,1891.0,5.8,hills,7,True
33.561224,-5.102041,1556.8,8.3,hills,7,True
33.561224,-5.097959,1169.1,10.1,hills,7,True
33.561224,-5.093878,1409.9,9.6,hills,7,True
33.561224,-5.089796,1623.8,15.8,hills,7,True
33.561224,-5.085714,1760.5,8.1,hills,7,True
33.561224,-5.081633,1510.8,6.4,hills,7,True
33.561224,-5.077551,1765.4,13.9,hills,7,True
33.561224,-5.073469,1472.3,14.9,hills,7,True
33.561224,-5.069388,1690.3,5.7,hills,7,True
33.561224,-5.065306,1736.3,12.5,hills,7,True
33.561224,-5.061224,1812.6,5.4,hills,7,True
33.561224,-5.057143,1924.4,15.4,hills,7,True
33.561224,-5.053061,1357.6,19.8,hills,7,True
33.561224,-5.04898,1510.6,8.1,hills,7,True
33.561224,-5.044898,1645.2,9.6,hills,7,True
33.561224,-5.040816,1652.8,18.0,hills,7,True
33.561224,-5.036735,1608.5,13.0,hills,7,True
33.561224,-5.032653,1787.6,5.9,hills,7,True
33.561224,-5.028571,1916.8,17.9,hills,7,True
33.561224,-5.02449,1635.1,6.9,hills,7,True
33.561224,-5.020408,1456.3,10.3,hills,7,True
33.561224,-5.016327,1702.1,15.3,hills,7,True
33.561224,-5.012245,1803.6,16.3,hills,7,True
33.561224,-5.008163,1112.9,14.0,hills,7,True
33.561224,-5.004082,1797.0,15.6,hills,7,True
33.561224,-5.0,1431.0,7.0,hills,7,True
33.563265,-5.2,1704.6,9.9,hills,7,True
33.563265,-5.195918,1560.7,15.1,hills,7,True
33.563265,-5.191837,1840.2,12.2,hills,7,True
33.563265,-5.187755,1483.2,15.4,hills,7,True
33.563265,-5.183673,1477.7,8.2,hills,7,True
33.563265,-5.179592,1711.2,15.3,hills,7,True
33.563265,-5.17551,1580.4,7.5,hills,7,True
33.563265,-5.171429,1714.3,9.2,hills,7,True
33.563265,-5.167347,1644.6,15.3,hills,7,True
33.563265,-5.163265,1568.0,15.6,hills,7,True
33.563265,-5.159184,1794.0,9.7,hills,7,True
33.563265,-5.155102,1600.4,13.6,hills,7,True
33.563265,-5.15102,1312.8,19.4,hills,7,True
33.563265,-5.146939,2191.9,6.2,hills,7,True
33.563265,-5.142857,2016.9,19.2,hills,7,True
33.563265,-5.138776,1914.7,14.4,hills,7,True
33.563265,-5.134694,1449.2,16.0,hills,7,True
33.563265,-5.130612,1499.8,16.4,hills,7,True
33.563265,-5.126531,1879.0,18.8,hills,7,True
33.563265,-5.122449,1631.5,19.3,hills,7,True
33.563265,-5.118367,1511.9,16.3,hills,7,True
33.563265,-5.114286,1726.4,18.7,hills,7,True
33.563265,-5.110204,1636.4,19.2,hills,7,True
33.563265,-5.106122,1419.7,13.2,hills,7,True
33.563265,-5.102041,1487.4,10.6,hills,7,True
33.563265,-5.097959,1640.2,12.9,hills,7,True
33.563265,-5.093878,1560.8,13.4,hills,7,True
33.563265,-5.089796,1850.5,6.2,hills,7,True
33.563265,-5.085714,1582.7,5.3,hills,7,True
33.563265,-5.081633,1721.5,18.6,hills,7,True
33.563265,-5.077551,1524.0,13.8,hills,7,True
33.563265,-5.073469,1664.2,7.7,hills,7,True
33.563265,-5.069388,1736.2,18.3,hills,7,True
33.563265,-5.065306,1249.4,6.7,hills,7,True
33.563265,-5.061224,1350.8,15.5,hills,7,True
33.563265,-5.057143,1573.1,9.9,hills,7,True
33.563265,-5.053061,1908.6,7.6,hills,7,True
33.563265,-5.04898,1609.9,15.0,hills,7,True
33.563265,-5.044898,1531.9,6.1,hills,7,True
33.563265,-5.040816,1569.8,8.2,hills,7,True
33.563265,-5.036735,1654.7,7.6,hills,7,True
33.563265,-5.032653,1865.1,17.1,hills,7,True
33.563265,-5.028571,2289.6,16.3,hills,7,True
33.563265,-5.02449,1512.4,5.4,hills,7,True
33.563265,-5.020408,1463.9,17.7,hills,7,True
33.563265,-5.016327,1876.9,15.0,hills,7,True
33.563265,-5.012245,1875.7,8.0,hills,7,True
33.563265,-5.008163,1557.2,14.4,hills,7,True
33.563265,-5.004082,1598.3,13.1,hills,7,True
33.563265,-5.0,1701.1,5.2,hills,7,True
33.565306,-5.2,1545.8,9.5,hills,7,True
33.565306,-5.195918,1816.6,14.6,hills,7,True
33.565306,-5.191837,2161.9,16.1,hills,7,True
33.565306,-5.187755,1546.8,17.6,hills,7,True
33.565306,-5.183673,1427.6,5.2,hills,7,True
33.565306,-5.179592,1943.0,17.0,hills,7,True
33.565306,-5.17551,1288.7,10.4,hills,7,True
33.565306,-5.171429,1724.2,19.1,hills,7,True
33.565306,-5.167347,1491.8,17.4,hills,7,True
33.565306,-5.163265,1545.0,19.4,hills,7,True
33.565306,-5.159184,1502.2,9.7,hills,7,True
33.565306,-5.155102,1393.9,17.9,hills,7,True
33.565306,-5.15102,1642.4,8.8,hills,7,True
33.565306,-5.146939,1762.1,12.4,hills,7,True
33.565306,-5.142857,1692.4,5.5,hills,7,True
33.565306,-5.138776,1488.4,13.3,hills,7,True
33.565306,-5.134694,1912.3,17.6,hills,7,True
33.565306,-5.130612,1362.9,10.3,hills,7,True
33.565306,-5.126531,1482.3,17.9,hills,7,True
33.565306,-5.122449,1366.6,15.9,hills,7,True
33.565306,-5.118367,1505.8,12.1,hills,7,True
33.565306,-5.114286,1574.7,16.8,hills,7,True
33.565306,-5.110204,1559.7,17.4,hills,7,True
33.565306,-5.106122,1750.7,19.8,hills,7,True
33.565306,-5.102041,1964.0,18.7,hills,7,True
33.565306,-5.097959,1670.4,10.4,hills,7,True
33.565306,-5.093878,1813.0,19.1,hills,7,True
33.565306,-5.089796,1337.1,13.0,hills,7,True
33.565306,-5.085714,1251.9,8.4,hills,7,True
33.565306,-5.081633,1168.5,14.6,hills,7,True
33.565306,-5.077551,1542.7,8.2,hills,7,True
33.565306,-5.073469,1705.7,15.5,hills,7,True
33.565306,-5.069388,1916.6,17.5,hills,7,True
33.565306,-5.065306,1757.8,18.2,hills,7,True
33.565306,-5.061224,1323.7,19.4,hills,7,True
33.565306,-5.057143,1555.7,18.8,hills,7,True
33.565306,-5.053061,1340.4,14.8,hills,7,True
33.565306,-5.04898,1453.8,19.4,hills,7,True
33.565306,-5.044898,1626.2,14.3,hills,7,True
33.565306,-5.040816,1446.8,18.2,hills,7,True
33.565306,-5.036735,1600.3,7.5,hills,7,True
33.565306,-5.032653,1858.0,18.5,hills,7,True
33.565306,-5.028571,1606.5,19.3,hills,7,True
33.565306,-5.02449,1696.0,13.3,hills,7,True
33.565306,-5.020408,1890.9,13.2,hills,7,True
33.565306,-5.016327,1775.7,11.4,hills,7,True
33.565306,-5.012245,1528.3,6.8,hills,7,True
33.565306,-5.008163,1666.7,6.9,hills,7,True
33.565306,-5.004082,1395.1,10.8,hills,7,True
33.565306,-5.0,1644.3,18.9,hills,7,True
33.567347,-5.2,1784.4,19.1,hills,7,True
33.567347,-5.195918,1817.0,17.4,hills,7,True
33.567347,-5.191837,1270.3,12.6,hills,7,True
33.567347,-5.187755,1619.6,5.2,hills,7,True
33.567347,-5.183673,1692.5,9.9,hills,7,True
33.567347,-5.179592,1682.8,16.8,hills,7,True
33.567347,-5.17551,1536.4,14.5,hills,7,True
33.567347,-5.171429,1774.3,10.5,hills,7,True
33.567347,-5.167347,1580.2,10.3,hills,7,True
33.567347,-5.163265,1517.0,6.2,hills,7,True
33.567347,-5.159184,1863.8,19.1,hills,7,True
33.567347,-5.155102,1795.8,16.6,hills,7,True
33.567347,-5.15102,1743.2,12.9,hills,7,True
33.567347,-5.146939,1596.2,6.0,hills,7,True
33.567347,-5.142857,1640.7,8.2,hills,7,True
33.567347,-5.138776,1569.2,16.5,hills,7,True
33.567347,-5.134694,1815.3,9.5,hills,7,True
33.567347,-5.130612,1858.7,6.6,hills,7,True
33.567347,-5.126531,1747.0,6.2,hills,7,True
33.567347,-5.122449,1506.6,13.4,hills,7,True
33.567347,-5.118367,1767.0,7.7,hills,7,True
33.567347,-5.114286,1415.6,6.2,hills,7,True
33.567347,-5.110204,1883.3,19.1,hills,7,True
33.567347,-5.106122,1655.0,13.8,hills,7,True
33.567347,-5.102041,1599.2,14.5,hills,7,True
33.567347,-5.097959,1890.0,17.8,hills,7,True
33.567347,-5.093878,1739.0,9.9,hills,7,True
33.567347,-5.089796,1616.4,16.6,hills,7,True
33.567347,-5.085714,1908.8,15.6,hills,7,True
33.567347,-5.081633,1439.5,12.5,hills,7,True
33.567347,-5.077551,1702.8,13.9,hills,7,True
33.567347,-5.073469,1711.4,17.3,hills,7,True
33.567347,-5.069388,1807.1,18.7,hills,7,True
33.567347,-5.065306,1541.0,8.0,hills,7,True
33.567347,-5.061224,1801.9,7.1,hills,7,True
33.567347,-5.057143,1769.5,17.6,hills,7,True
33.567347,-5.053061,1579.9,9.1,hills,7,True
33.567347,-5.04898,1822.8,10.4,hills,7,True
33.567347,-5.044898,1643.4,19.2,hills,7,True
33.567347,-5.040816,2150.8,16.1,hills,7,True
33.567347,-5.036735,1487.1,7.3,hills,7,True
33.567347,-5.032653,1425.3,11.6,hills,7,True
33.567347,-5.028571,1298.7,14.3,hills,7,True
33.567347,-5.02449,1526.2,17.8,hills,7,True
33.567347,-5.020408,1515.2,15.1,hills,7,True
33.567347,-5.016327,1579.3,17.9,hills,7,True
33.567347,-5.012245,1798.6,8.3,hills,7,True
33.567347,-5.008163,1789.5,17.0,hills,7,True
33.567347,-5.004082,1499.3,7.6,hills,7,True
33.567347,-5.0,1539.8,7.1,hills,7,True
33.569388,-5.2,1553.0,5.1,hills,7,True
33.569388,-5.195918,1847.9,19.5,hills,7,True
33.569388,-5.191837,1630.0,9.1,hills,7,True
33.569388,-5.187755,1255.4,5.3,hills,7,True
33.569388,-5.183673,1994.4,12.0,hills,7,True
33.569388,-5.179592,1689.7,9.0,hills,7,True
33.569388,-5.17551,1605.3,11.0,hills,7,True
33.569388,-5.171429,1615.6,6.7,hills,7,True
33.569388,-5.167347,1612.6,17.0,hills,7,True
33.569388,-5.163265,1578.3,8.2,hills,7,True
33.569388,-5.159184,1823.2,11.7,hills,7,True
33.569388,-5.155102,1103.8,17.0,hills,7,True
33.569388,-5.15102,1532.8,6.7,hills,7,True
33.569388,-5.146939,1551.0,19.1,hills,7,True
33.569388,-5.142857,1812.5,6.0,hills,7,True
33.569388,-5.138776,1514.9,19.5,hills,7,True
33.569388,-5.134694,1394.6,11.5,hills,7,True
33.569388,-5.130612,1554.5,18.2,hills,7,True
33.569388,-5.126531,1648.6,11.6,hills,7,True
33.569388,-5.122449,1496.7,14.7,hills,7,True
33.569388,-5.118367,2042.4,19.5,hills,7,True
33.569388,-5.114286,1704.1,17.1,hills,7,True
33.569388,-5.110204,1899.0,17.7,hills,7,True
33.569388,-5.106122,1403.4,6.0,hills,7,True
33.569388,-5.102041,1668.1,10.4,hills,7,True
33.569388,-5.097959,1962.2,15.7,hills,7,True
33.569388,-5.093878,1956.7,17.4,hills,7,True
33.569388,-5.089796,1536.1,11.7,hills,7,True
33.569388,-5.085714,1793.6,12.0,hills,7,True
33.569388,-5.081633,1738.3,10.8,hills,7,True
33.569388,-5.077551,1487.3,10.1,hills,7,True
33.569388,-5.073469,1604.8,8.5,hills,7,True
33.569388,-5.069388,1819.8,7.2,hills,7,True
33.569388,-5.065306,1639.2,18.4,hills,7,True
33.569388,-5.061224,1558.5,12.5,hills,7,True
33.569388,-5.057143,1609.5,17.8,hills,7,True
33.569388,-5.053061,1989.0,11.2,hills,7,True
33.569388,-5.04898,1625.9,5.6,hills,7,True
33.569388,-5.044898,1582.9,12.4,hills,7,True
33.569388,-5.040816,1853.3,17.6,hills,7,True
33.569388,-5.036735,1738.7,18.9,hills,7,True
33.569388,-5.032653,1705.3,18.2,hills,7,True
33.569388,-5.028571,1795.8,10.3,hills,7,True
33.569388,-5.02449,1537.6,5.1,hills,7,True
33.569388,-5.020408,1723.6,11.5,hills,7,True
33.569388,-5.016327,1548.2,19.7,hills,7,True
33.569388,-5.012245,1510.8,18.2,hills,7,True
33.569388,-5.008163,1816.5,8.8,hills,7,True
33.569388,-5.004082,1613.8,13.2,hills,7,True
33.569388,-5.0,1531.0,8.8,hills,7,True
33.571429,-5.2,1343.1,30.6,mountainous,8,False
33.571429,-5.195918,2127.4,27.4,mountainous,8,False
33.571429,-5.191837,2007.6,22.7,mountainous,8,True
33.571429,-5.187755,1911.8,23.4,mountainous,8,True
33.571429,-5.183673,2125.5,28.4,mountainous,8,False
33.571429,-5.179592,1781.8,33.1,mountainous,8,False
33.571429,-5.17551,1919.9,19.7,mountainous,8,True
33.571429,-5.171429,1857.5,21.4,mountainous,8,True
33.571429,-5.167347,1903.3,34.8,mountainous,8,False
33.571429,-5.163265,1963.0,25.7,mountainous,8,False
33.571429,-5.159184,1883.0,15.1,mountainous,8,True
33.571429,-5.155102,1851.5,27.7,mountainous,8,False
33.571429,-5.15102,1688.6,30.3,mountainous,8,False
33.571429,-5.146939,1949.6,30.0,mountainous,8,False
33.571429,-5.142857,1838.5,26.8,mountainous,8,False
33.571429,-5.138776,2168.3,19.9,mountainous,8,True
33.571429,-5.134694,1862.4,31.9,mountainous,8,False
33.571429,-5.130612,2341.0,20.1,mountainous,8,True
33.571429,-5.126531,1590.0,29.2,mountainous,8,False
33.571429,-5.122449,2057.2,26.0,mountainous,8,False
33.571429,-5.118367,1978.3,17.2,mountainous,8,True
33.571429,-5.114286,2035.2,33.8,mountainous,8,False
33.571429,-5.110204,2012.4,30.1,mountainous,8,False
33.571429,-5.106122,1856.3,34.5,mountainous,8,False
33.571429,-5.102041,1856.8,24.0,mountainous,8,True
33.571429,-5.097959,2068.9,27.8,mountainous,8,False
33.571429,-5.093878,1915.7,17.5,mountainous,8,True
33.571429,-5.089796,2312.4,30.9,mountainous,8,False
33.571429,-5.085714,1770.1,16.5,mountainous,8,True
33.571429,-5.081633,1661.4,15.2,mountainous,8,True
33.571429,-5.077551,2056.7,22.5,mountainous,8,True
33.571429,-5.073469,2095.5,21.7,mountainous,8,True
33.571429,-5.069388,1699.8,19.2,mountainous,8,True
33.571429,-5.065306,2212.8,18.3,mountainous,8,True
33.571429,-5.061224,1998.3,32.7,mountainous,8,False
33.571429,-5.057143,2271.6,32.6,mountainous,8,False
33.571429,-5.053061,2008.2,15.9,mountainous,8,True
33.571429,-5.04898,1851.5,21.3,mountainous,8,True
33.571429,-5.044898,2020.9,26.3,mountainous,8,False
33.571429,-5.040816,2074.1,22.4,mountainous,8,True
33.571429,-5.036735,1842.8,21.3,mountainous,8,True
33.571429,-5.032653,2003.4,29.4,mountainous,8,False
33.571429,-5.028571,2019.9,30.6,mountainous,8,False
33.571429,-5.02449,1862.2,25.6,mountainous,8,False
33.571429,-5.020408,2178.8,31.2,mountainous,8,False
33.571429,-5.016327,2134.7,17.6,mountainous,8,True
33.571429,-5.012245,2025.5,33.8,mountainous,8,False
33.571429,-5.008163,1756.3,23.5,mountainous,8,True
33.571429,-5.004082,2111.7,15.2,mountainous,8,True
33.571429,-5.0,1899.7,22.7,mountainous,8,True
33.573469,-5.2,2092.4,25.7,mountainous,8,False
33.573469,-5.195918,1883.0,27.2,mountainous,8,False
33.573469,-5.191837,1890.7,33.3,mountainous,8,False
33.573469,-5.187755,1937.5,16.6,mountainous,8,True
33.573469,-5.183673,1919.2,23.8,mountainous,8,True
33.573469,-5.179592,1928.1,20.4,mountainous,8,True
33.573469,-5.17551,2297.8,22.1,mountainous,8,True
33.573469,-5.171429,1943.1,28.8,mountainous,8,False
33.573469,-5.167347,1715.8,35.0,mountainous,8,False
33.573469,-5.163265,1997.2,18.2,mountainous,8,True
33.573469,-5.159184,2227.2,23.0,mountainous,8,True
33.573469,-5.155102,1879.0,28.3,mountainous,8,False
33.573469,-5.15102,1935.0,27.9,mountainous,8,False
33.573469,-5.146939,1920.7,20.7,mountainous,8,True
33.573469,-5.142857,2034.3,34.0,mountainous,8,False
33.573469,-5.138776,1652.8,34.8,mountainous,8,False
33.573469,-5.134694,1674.5,28.5,mountainous,8,False
33.573469,-5.130612,1962.8,19.0,mountainous,8,True
33.573469,-5.126531,1879.8,20.7,mountainous,8,True
33.573469,-5.122449,1763.8,21.7,mountainous,8,True
33.573469,-5.118367,2042.8,21.1,mountainous,8,True
33.573469,-5.114286,1693.3,33.0,mountainous,8,False
33.573469,-5.110204,1922.9,16.0,mountainous,8,True
33.573469,-5.106122,1936.2,29.3,mountainous,8,False
33.573469,-5.102041,1957.2,20.6,mountainous,8,True
33.573469,-5.097959,2207.0,25.5,mountainous,8,False
33.573469,-5.093878,1643.6,15.0,mountainous,8,True
33.573469,-5.089796,1749.0,20.6,mountainous,8,True
33.573469,-5.085714,2061.2,23.7,mountainous,8,True
33.573469,-5.081633,1818.5,33.4,mountainous,8,False
33.573469,-5.077551,1960.7,28.5,mountainous,8,False
33.573469,-5.073469,2109.0,20.5,mountainous,8,True
33.573469,-5.069388,2011.6,17.5,mountainous,8,True
33.573469,-5.065306,2016.7,19.0,mountainous,8,True
33.573469,-5.061224,2040.3,27.5,mountainous,8,False
33.573469,-5.057143,1734.5,18.5,mountainous,8,True
33.573469,-5.053061,1776.2,20.7,mountainous,8,True
33.573469,-5.04898,2245.5,29.1,mountainous,8,False
33.573469,-5.044898,2224.2,22.1,mountainous,8,True
33.573469,-5.040816,1798.9,32.5,mountainous,8,False
33.573469,-5.036735,1878.9,15.0,mountainous,8,True
33.573469,-5.032653,2002.0,24.3,mountainous,8,True
33.573469,-5.028571,1974.1,27.3,mountainous,8,False
33.573469,-5.02449,1998.2,20.6,mountainous,8,True
33.573469,-5.020408,2020.9,15.3,mountainous,8,True
33.573469,-5.016327,2203.2,22.1,mountainous,8,True
33.573469,-5.012245,1749.7,25.2,mountainous,8,False
33.573469,-5.008163,2186.0,18.4,mountainous,8,True
33.573469,-5.004082,2062.7,29.7,mountainous,8,False
33.573469,-5.0,1737.4,29.6,mountainous,8,False
33.57551,-5.2,2313.3,16.1,mountainous,8,True
33.57551,-5.195918,1473.0,21.8,mountainous,8,True
33.57551,-5.191837,2047.7,25.6,mountainous,8,False
33.57551,-5.187755,2087.3,29.2,mountainous,8,False
33.57551,-5.183673,1908.6,32.4,mountainous,8,False
33.57551,-5.179592,1953.7,33.7,mountainous,8,False
33.57551,-5.17551,2170.4,17.7,mountainous,8,True
33.57551,-5.171429,2079.4,31.3,mountainous,8,False
33.57551,-5.167347,2099.5,19.5,mountainous,8,True
33.57551,-5.163265,1923.5,23.9,mountainous,8,True
33.57551,-5.159184,1749.6,15.9,mountainous,8,True
33.57551,-5.155102,2120.9,29.3,mountainous,8,False
33.57551,-5.15102,1899.7,27.9,mountainous,8,False
33.57551,-5.146939,1663.5,30.7,mountainous,8,False
33.57551,-5.142857,2035.9,17.6,mountainous,8,True
33.57551,-5.138776,2164.3,18.3,mountainous,8,True
33.57551,-5.134694,1820.6,23.0,mountainous,8,True
33.57551,-5.130612,2010.8,27.3,mountainous,8,False
33.57551,-5.126531,1892.4,15.4,mountainous,8,True
33.57551,-5.122449,1761.7,16.1,mountainous,8,True
33.57551,-5.118367,2196.1,22.0,mountainous,8,True
33.57551,-5.114286,1961.4,33.0,mountainous,8,False
33.57551,-5.110204,1943.6,29.1,mountainous,8,False
33.57551,-5.106122,1823.1,16.0,mountainous,8,True
33.57551,-5.102041,2243.9,23.3,mountainous,8,True
33.57551,-5.097959,1742.8,31.9,mountainous,8,False
33.57551,-5.093878,1813.1,25.0,mountainous,8,True
33.57551,-5.089796,2239.7,25.6,mountainous,8,False
33.57551,-5.085714,1714.8,32.8,mountainous,8,False
33.57551,-5.081633,2546.6,30.0,mountainous,8,False
33.57551,-5.077551,1664.1,16.1,mountainous,8,True
33.57551,-5.073469,1900.5,34.8,mountainous,8,False
33.57551,-5.069388,1675.5,30.6,mountainous,8,False
33.57551,-5.065306,1530.5,23.6,mountainous,8,True
33.57551,-5.061224,2259.2,22.9,mountainous,8,True
33.57551,-5.057143,1848.0,30.8,mountainous,8,False
33.57551,-5.053061,1940.3,22.6,mountainous,8,True
33.57551,-5.04898,1644.5,32.9,mountainous,8,False
33.57551,-5.044898,1790.7,19.5,mountainous,8,True
33.57551,-5.040816,2408.7,28.1,mountainous,8,False
33.57551,-5.036735,2003.8,26.2,mountainous,8,False
33.57551,-5.032653,1952.0,33.7,mountainous,8,False
33.57551,-5.028571,1700.7,33.8,mountainous,8,False
33.57551,-5.02449,1934.7,31.5,mountainous,8,False
33.57551,-5.020408,1856.9,34.1,mountainous,8,False
33.57551,-5.016327,2351.3,33.3,mountainous,8,False
33.57551,-5.012245,1915.1,19.5,mountainous,8,True
33.57551,-5.008163,2492.5,26.4,mountainous,8,False
33.57551,-5.004082,2150.8,20.8,mountainous,8,True
33.57551,-5.0,1647.5,28.6,mountainous,8,False
33.577551,-5.2,2044.8,23.9,mountainous,8,True
33.577551,-5.195918,1692.3,16.7,mountainous,8,True
33.577551,-5.191837,2049.2,23.9,mountainous,8,True
33.577551,-5.187755,2056.6,31.0,mountainous,8,False
33.577551,-5.183673,2100.6,22.8,mountainous,8,True
33.577551,-5.179592,2058.9,16.5,mountainous,8,True
33.577551,-5.17551,2049.0,29.3,mountainous,8,False
33.577551,-5.171429,2002.9,19.0,mountainous,8,True
33.577551,-5.167347,1919.6,17.9,mountainous,8,True
33.577551,-5.163265,1422.9,21.7,mountainous,8,True
33.577551,-5.159184,2231.9,31.8,mountainous,8,False
33.577551,-5.155102,2217.4,26.9,mountainous,8,False
33.577551,-5.15102,2141.2,21.2,mountainous,8,True
33.577551,-5.146939,1746.4,25.5,mountainous,8,False
33.577551,-5.142857,1939.3,24.9,mountainous,8,True
33.577551,-5.138776,2155.7,31.6,mountainous,8,False
33.577551,-5.134694,1916.0,18.4,mountainous,8,True
33.577551,-5.130612,1867.4,31.2,mountainous,8,False
33.577551,-5.126531,2030.6,33.7,mountainous,8,False
33.577551,-5.122449,2010.3,21.3,mountainous,8,True
33.577551,-5.118367,1589.2,15.2,mountainous,8,True
33.577551,-5.114286,1357.7,23.2,mountainous,8,True
33.577551,-5.110204,1955.1,31.5,mountainous,8,False
33.577551,-5.106122,2358.3,17.8,mountainous,8,True
33.577551,-5.102041,1990.5,19.4,mountainous,8,True
33.577551,-5.097959,2100.7,16.2,mountainous,8,True
33.577551,-5.093878,2188.6,17.0,mountainous,8,True
33.577551,-5.089796,1761.4,27.8,mountainous,8,False
33.577551,-5.085714,1899.6,22.9,mountainous,8,True
33.577551,-5.081633,2276.9,31.6,mountainous,8,False
33.577551,-5.077551,1818.3,26.0,mountainous,8,False
33.577551,-5.073469,2099.0,18.2,mountainous,8,True
33.577551,-5.069388,2008.5,30.7,mountainous,8,False
33.577551,-5.065306,2010.0,15.3,mountainous,8,True
33.577551,-5.061224,1996.6,17.4,mountainous,8,True
33.577551,-5.057143,1845.3,20.2,mountainous,8,True
33.577551,-5.053061,2066.5,30.0,mountainous,8,False
33.577551,-5.04898,1644.5,32.1,mountainous,8,False
33.577551,-5.044898,1901.6,20.4,mountainous,8,True
33.577551,-5.040816,2115.2,15.0,mountainous,8,True
33.577551,-5.036735,1784.2,23.0,mountainous,8,True
33.577551,-5.032653,1932.2,25.8,mountainous,8,False
33.577551,-5.028571,2037.8,30.4,mountainous,8,False
33.577551,-5.02449,1846.8,32.1,mountainous,8,False
33.577551,-5.020408,1972.1,15.8,mountainous,8,True
33.577551,-5.016327,2177.0,29.0,mountainous,8,False
33.577551,-5.012245,1973.6,21.4,mountainous,8,True
33.577551,-5.008163,2037.5,16.3,mountainous,8,True
33.577551,-5.004082,1768.6,27.1,mountainous,8,False
33.577551,-5.0,1677.2,17.0,mountainous,8,True
33.579592,-5.2,1896.4,26.0,mountainous,8,False
33.579592,-5.195918,2278.1,21.3,mountainous,8,True
33.579592,-5.191837,1871.2,30.5,mountainous,8,False
33.579592,-5.187755,1942.1,18.7,mountainous,8,True
33.579592,-5.183673,1860.7,33.7,mountainous,8,False
33.579592,-5.179592,1930.0,28.5,mountainous,8,False
33.579592,-5.17551,2155.2,17.0,mountainous,8,True
33.579592,-5.171429,1865.7,26.9,mountainous,8,False
33.579592,-5.167347,2134.0,15.1,mountainous,8,True
33.579592,-5.163265,2167.0,33.6,mountainous,8,False
33.579592,-5.159184,2094.0,24.1,mountainous,8,True
33.579592,-5.155102,1871.0,28.4,mountainous,8,False
33.579592,-5.15102,2163.4,23.8,mountainous,8,True
33.579592,-5.146939,1939.5,22.5,mountainous,8,True
33.579592,-5.142857,2164.4,30.7,mountainous,8,False
33.579592,-5.138776,2142.4,16.8,mountainous,8,True
33.579592,-5.134694,1748.7,30.0,mountainous,8,False
33.579592,-5.130612,2164.1,15.0,mountainous,8,True
33.579592,-5.126531,2013.8,19.6,mountainous,8,True
33.579592,-5.122449,1916.8,23.9,mountainous,8,True
33.579592,-5.118367,2068.2,28.0,mountainous,8,False
33.579592,-5.114286,2074.1,34.3,mountainous,8,False
33.579592,-5.110204,1949.8,18.3,mountainous,8,True
33.579592,-5.106122,1872.5,17.4,mountainous,8,True
33.579592,-5.102041,1957.7,21.1,mountainous,8,True
33.579592,-5.097959,1792.9,26.0,mountainous,8,False
33.579592,-5.093878,2227.6,17.9,mountainous,8,True
33.579592,-5.089796,1930.5,16.3,mountainous,8,True
33.579592,-5.085714,1779.9,28.7,mountainous,8,False
33.579592,-5.081633,2248.6,21.9,mountainous,8,True
33.579592,-5.077551,1844.0,34.1,mountainous,8,False
33.579592,-5.073469,1973.9,33.3,mountainous,8,False
33.579592,-5.069388,1955.5,26.0,mountainous,8,False
33.579592,-5.065306,2009.0,33.1,mountainous,8,False
33.579592,-5.061224,2163.2,22.1,mountainous,8,True
33.579592,-5.057143,1837.1,27.2,mountainous,8,False
33.579592,-5.053061,1894.1,16.2,mountainous,8,True
33.579592,-5.04898,2170.8,31.9,mountainous,8,False
33.579592,-5.044898,1753.6,16.9,mountainous,8,True
33.579592,-5.040816,1756.9,19.7,mountainous,8,True
33.579592,-5.036735,1820.6,28.0,mountainous,8,False
33.579592,-5.032653,1929.1,31.2,mountainous,8,False
33.579592,-5.028571,1662.6,17.5,mountainous,8,True
33.579592,-5.02449,2099.4,26.6,mountainous,8,False
33.579592,-5.020408,1997.5,33.9,mountainous,8,False
33.579592,-5.016327,1793.2,15.9,mountainous,8,True
33.579592,-5.012245,2256.5,34.8,mountainous,8,False
33.579592,-5.008163,2072.1,15.3,mountainous,8,True
33.579592,-5.004082,2020.9,17.2,mountainous,8,True
33.579592,-5.0,1880.0,31.4,mountainous,8,False
33.581633,-5.2,1655.3,42.3,mountainous,9,False
33.581633,-5.195918,2440.8,37.4,mountainous,9,False
33.581633,-5.191837,1766.2,39.4,mountainous,9,False
33.581633,-5.187755,1587.0,26.2,mountainous,9,False
33.581633,-5.183673,2061.9,27.9,mountainous,9,False
33.581633,-5.179592,2122.1,29.0,mountainous,9,False
33.581633,-5.17551,2036.7,44.3,mountainous,9,False
33.581633,-5.171429,1940.1,35.7,mountainous,9,False
33.581633,-5.167347,2093.8,31.2,mountainous,9,False
33.581633,-5.163265,1793.4,25.7,mountainous,9,False
33.581633,-5.159184,1779.0,36.0,mountainous,9,False
33.581633,-5.155102,1717.4,36.0,mountainous,9,False
33.581633,-5.15102,1876.2,30.4,mountainous,9,False
33.581633,-5.146939,2128.8,26.2,mountainous,9,False
33.581633,-5.142857,1911.7,44.3,mountainous,9,False
33.581633,-5.138776,2024.9,32.8,mountainous,9,False
33.581633,-5.134694,2366.7,44.1,mountainous,9,False
33.581633,-5.130612,2294.1,40.0,mountainous,9,False
33.581633,-5.126531,2003.6,27.3,mountainous,9,False
33.581633,-5.122449,2097.1,27.1,mountainous,9,False
33.581633,-5.118367,2010.9,29.6,mountainous,9,False
33.581633,-5.114286,2208.7,26.8,mountainous,9,False
33.581633,-5.110204,2098.1,35.4,mountainous,9,False
33.581633,-5.106122,1883.4,32.1,mountainous,9,False
33.581633,-5.102041,1540.6,40.1,mountainous,9,False
33.581633,-5.097959,1945.3,30.3,mountainous,9,False
33.581633,-5.093878,1594.5,33.1,mountainous,9,False
33.581633,-5.089796,1785.4,44.2,mountainous,9,False
33.581633,-5.085714,2026.1,31.8,mountainous,9,False
33.581633,-5.081633,2219.3,32.3,mountainous,9,False
33.581633,-5.077551,2259.4,30.8,mountainous,9,False
33.581633,-5.073469,1737.2,34.3,mountainous,9,False
33.581633,-5.069388,2102.2,38.5,mountainous,9,False
33.581633,-5.065306,2110.5,32.7,mountainous,9,False
33.581633,-5.061224,1638.1,40.9,mountainous,9,False
33.581633,-5.057143,1935.8,38.2,mountainous,9,False
33.581633,-5.053061,1680.6,30.4,mountainous,9,False
33.581633,-5.04898,2125.9,30.5,mountainous,9,False
33.581633,-5.044898,1813.9,31.9,mountainous,9,False
33.581633,-5.040816,2195.0,32.6,mountainous,9,False
33.581633,-5.036735,1828.0,41.2,mountainous,9,False
33.581633,-5.032653,1715.9,31.5,mountainous,9,False
33.581633,-5.028571,1675.2,36.8,mountainous,9,False
33.581633,-5.02449,1657.0,33.9,mountainous,9,False
33.581633,-5.020408,1950.4,27.5,mountainous,9,False
33.581633,-5.016327,2063.7,27.5,mountainous,9,False
33.581633,-5.012245,2122.1,27.6,mountainous,9,False
33.581633,-5.008163,1361.7,40.0,mountainous,9,False
33.581633,-5.004082,1620.8,31.9,mountainous,9,False
33.581633,-5.0,2098.1,41.6,mountainous,9,False
33.583673,-5.2,1714.1,28.1,mountainous,9,False
33.583673,-5.195918,1928.7,43.4,mountainous,9,False
33.583673,-5.191837,2072.8,39.8,mountainous,9,False
33.583673,-5.187755,2437.1,44.1,mountainous,9,False
33.583673,-5.183673,2203.7,39.2,mountainous,9,False
33.583673,-5.179592,1962.9,25.4,mountainous,9,False
33.583673,-5.17551,2162.4,33.7,mountainous,9,False
33.583673,-5.171429,1736.6,44.4,mountainous,9,False
33.583673,-5.167347,1841.8,35.6,mountainous,9,False
33.583673,-5.163265,2186.2,41.1,mountainous,9,False
33.583673,-5.159184,1520.2,41.7,mountainous,9,False
33.583673,-5.155102,2147.1,28.3,mountainous,9,False
33.583673,-5.15102,2075.0,30.6,mountainous,9,False
33.583673,-5.146939,1918.5,34.2,mountainous,9,False
33.583673,-5.142857,1966.6,43.6,mountainous,9,False
33.583673,-5.138776,2174.6,38.3,mountainous,9,False
33.583673,-5.134694,1854.8,42.8,mountainous,9,False
33.583673,-5.130612,2064.7,36.7,mountainous,9,False
33.583673,-5.126531,2200.9,38.6,mountainous,9,False
33.583673,-5.122449,1757.6,28.8,mountainous,9,False
33.583673,-5.118367,2247.0,44.3,mountainous,9,False
33.583673,-5.114286,2072.2,26.0,mountainous,9,False
33.583673,-5.110204,2005.1,40.4,mountainous,9,False
33.583673,-5.106122,2084.8,31.6,mountainous,9,False
33.583673,-5.102041,1946.8,44.2,mountainous,9,False
33.583673,-5.097959,1949.5,31.8,mountainous,9,False
33.583673,-5.093878,2208.8,44.4,mountainous,9,False
33.583673,-5.089796,1900.4,44.1,mountainous,9,False
33.583673,-5.085714,1948.4,41.5,mountainous,9,False
33.583673,-5.081633,2217.7,31.7,mountainous,9,False
33.583673,-5.077551,1767.8,33.9,mountainous,9,False
33.583673,-5.073469,2105.7,34.4,mountainous,9,False
33.583673,-5.069388,1822.5,43.3,mountainous,9,False
33.583673,-5.065306,1655.4,32.0,mountainous,9,False
33.583673,-5.061224,2258.8,35.6,mountainous,9,False
33.583673,-5.057143,1818.4,30.3,mountainous,9,False
33.583673,-5.053061,2260.7,28.1,mountainous,9,False
33.583673,-5.04898,1962.0,37.2,mountainous,9,False
33.583673,-5.044898,1784.4,29.3,mountainous,9,False
33.583673,-5.040816,1898.6,30.5,mountainous,9,False
33.583673,-5.036735,1977.6,27.5,mountainous,9,False
33.583673,-5.032653,1808.0,27.7,mountainous,9,False
33.583673,-5.028571,1839.7,38.3,mountainous,9,False
33.583673,-5.02449,2036.3,39.3,mountainous,9,False
33.583673,-5.020408,2055.1,30.8,mountainous,9,False
33.583673,-5.016327,1744.3,30.6,mountainous,9,False
33.583673,-5.012245,2115.8,42.8,mountainous,9,False
33.583673,-5.008163,1867.2,27.6,mountainous,9,False
33.583673,-5.004082,1980.1,27.1,mountainous,9,False
33.583673,-5.0,1933.0,31.6,mountainous,9,False
33.585714,-5.2,1675.7,43.5,mountainous,9,False
33.585714,-5.195918,1973.1,33.4,mountainous,9,False
33.585714,-5.191837,1873.0,27.2,mountainous,9,False
33.585714,-5.187755,2435.4,36.4,mountainous,9,False
33.585714,-5.183673,2152.3,40.6,mountainous,9,False
33.585714,-5.179592,2141.9,36.9,mountainous,9,False
33.585714,-5.17551,2193.5,32.9,mountainous,9,False
33.585714,-5.171429,2406.0,32.0,mountainous,9,False
33.585714,-5.167347,2111.4,40.4,mountainous,9,False
33.585714,-5.163265,2220.4,29.9,mountainous,9,False
33.585714,-5.159184,1745.3,32.9,mountainous,9,False
33.585714,-5.155102,2033.7,36.9,mountainous,9,False
33.585714,-5.15102,1558.3,27.2,mountainous,9,False
33.585714,-5.146939,1779.7,40.3,mountainous,9,False
33.585714,-5.142857,1974.3,38.2,mountainous,9,False
33.585714,-5.138776,1845.0,38.0,mountainous,9,False
33.585714,-5.134694,1610.9,34.1,mountainous,9,False
33.585714,-5.130612,1912.6,35.3,mountainous,9,False
33.585714,-5.126531,2426.0,30.3,mountainous,9,False
33.585714,-5.122449,2204.8,26.6,mountainous,9,False
33.585714,-5.118367,2423.7,43.2,mountainous,9,False
33.585714,-5.114286,1904.1,41.0,mountainous,9,False
33.585714,-5.110204,1853.9,40.9,mountainous,9,False
33.585714,-5.106122,2149.3,28.5,mountainous,9,False
33.585714,-5.102041,2181.0,39.3,mountainous,9,False
33.585714,-5.097959,1768.2,44.2,mountainous,9,False
33.585714,-5.093878,1688.4,31.9,mountainous,9,False
33.585714,-5.089796,1766.2,31.8,mountainous,9,False
33.585714,-5.085714,2345.7,42.2,mountainous,9,False
33.585714,-5.081633,2390.1,38.0,mountainous,9,False
33.585714,-5.077551,2023.3,36.7,mountainous,9,False
33.585714,-5.073469,2300.2,37.5,mountainous,9,False
33.585714,-5.069388,1872.9,34.3,mountainous,9,False
33.585714,-5.065306,2201.5,32.5,mountainous,9,False
33.585714,-5.061224,1573.7,41.8,mountainous,9,False
33.585714,-5.057143,1898.5,37.2,mountainous,9,False
33.585714,-5.053061,1972.9,42.5,mountainous,9,False
33.585714,-5.04898,2065.3,43.3,mountainous,9,False
33.585714,-5.044898,1998.0,43.3,mountainous,9,False
33.585714,-5.040816,2067.4,43.0,mountainous,9,False
33.585714,-5.036735,2011.8,25.9,mountainous,9,False
33.585714,-5.032653,1698.6,25.5,mountainous,9,False
33.585714,-5.028571,2444.7,44.0,mountainous,9,False
33.585714,-5.02449,2075.5,25.5,mountainous,9,False
33.585714,-5.020408,1926.7,32.8,mountainous,9,False
33.585714,-5.016327,1973.0,25.1,mountainous,9,False
33.585714,-5.012245,2151.4,44.2,mountainous,9,False
33.585714,-5.008163,1769.7,35.5,mountainous,9,False
33.585714,-5.004082,2197.9,31.5,mountainous,9,False
33.585714,-5.0,1792.4,36.4,mountainous,9,False
33.587755,-5.2,1563.6,28.2,mountainous,9,False
33.587755,-5.195918,2042.4,27.2,mountainous,9,False
33.587755,-5.191837,1808.8,29.8,mountainous,9,False
33.587755,-5.187755,1847.5,31.2,mountainous,9,False
33.587755,-5.183673,1950.5,42.0,mountainous,9,False
33.587755,-5.179592,1917.6,31.5,mountainous,9,False
33.587755,-5.17551,2026.1,42.4,mountainous,9,False
33.587755,-5.171429,1933.4,41.3,mountainous,9,False
33.587755,-5.167347,1577.8,30.4,mountainous,9,False
33.587755,-5.163265,1799.9,40.4,mountainous,9,False
33.587755,-5.159184,1822.8,40.3,mountainous,9,False
33.587755,-5.155102,2259.4,39.4,mountainous,9,False
33.587755,-5.15102,1884.7,44.8,mountainous,9,False
33.587755,-5.146939,1946.4,35.1,mountainous,9,False
33.587755,-5.142857,2241.3,31.5,mountainous,9,False
33.587755,-5.138776,1794.4,37.5,mountainous,9,False
33.587755,-5.134694,1871.8,30.6,mountainous,9,False
33.587755,-5.130612,1931.4,27.4,mountainous,9,False
33.587755,-5.126531,2041.6,44.4,mountainous,9,False
33.587755,-5.122449,2277.8,38.2,mountainous,9,False
33.587755,-5.118367,1977.2,33.1,mountainous,9,False
33.587755,-5.114286,1979.4,25.4,mountainous,9,False
33.587755,-5.110204,1980.4,34.6,mountainous,9,False
33.587755,-5.106122,1911.6,37.8,mountainous,9,False
33.587755,-5.102041,2019.8,43.0,mountainous,9,False
33.587755,-5.097959,1867.8,32.4,mountainous,9,False
33.587755,-5.093878,1651.4,35.3,mountainous,9,False
33.587755,-5.089796,2504.1,41.2,mountainous,9,False
33.587755,-5.085714,2208.1,40.2,mountainous,9,False
33.587755,-5.081633,1673.4,42.7,mountainous,9,False
33.587755,-5.077551,2307.9,28.4,mountainous,9,False
33.587755,-5.073469,1972.4,44.9,mountainous,9,False
33.587755,-5.069388,1564.9,30.2,mountainous,9,False
33.587755,-5.065306,1980.5,27.4,mountainous,9,False
33.587755,-5.061224,1697.3,27.1,mountainous,9,False
33.587755,-5.057143,1699.9,34.0,mountainous,9,False
33.587755,-5.053061,1828.0,31.1,mountainous,9,False
33.587755,-5.04898,2011.2,33.2,mountainous,9,False
33.587755,-5.044898,1677.7,33.3,mountainous,9,False
33.587755,-5.040816,1515.5,39.9,mountainous,9,False
33.587755,-5.036735,2102.3,35.9,mountainous,9,False
33.587755,-5.032653,2139.1,39.1,mountainous,9,False
33.587755,-5.028571,1740.2,29.0,mountainous,9,False
33.587755,-5.02449,1890.7,41.9,mountainous,9,False
33.587755,-5.020408,1777.2,39.0,mountainous,9,False
33.587755,-5.016327,1910.0,31.9,mountainous,9,False
33.587755,-5.012245,1676.3,44.5,mountainous,9,False
33.587755,-5.008163,2219.6,29.5,mountainous,9,False
33.587755,-5.004082,1860.4,35.0,mountainous,9,False
33.587755,-5.0,1797.8,36.1,mountainous,9,False
33.589796,-5.2,2165.5,41.0,mountainous,9,False
33.589796,-5.195918,1875.3,33.1,mountainous,9,False
33.589796,-5.191837,1966.6,34.7,mountainous,9,False
33.589796,-5.187755,1885.8,25.5,mountainous,9,False
33.589796,-5.183673,2045.0,42.9,mountainous,9,False
33.589796,-5.179592,2005.4,44.6,mountainous,9,False
33.589796,-5.17551,1724.4,43.9,mountainous,9,False
33.589796,-5.171429,2322.4,37.5,mountainous,9,False
33.589796,-5.167347,1817.3,42.6,mountainous,9,False
33.589796,-5.163265,2102.1,43.4,mountainous,9,False
33.589796,-5.159184,1766.8,29.7,mountainous,9,False
33.589796,-5.155102,1984.9,29.6,mountainous,9,False
33.589796,-5.15102,1951.5,36.2,mountainous,9,False
33.589796,-5.146939,1716.6,25.5,mountainous,9,False
33.589796,-5.142857,1989.2,41.3,mountainous,9,False
33.589796,-5.138776,1454.5,28.7,mountainous,9,False
33.589796,-5.134694,1637.5,37.7,mountainous,9,False
33.589796,-5.130612,2225.6,36.5,mountainous,9,False
33.589796,-5.126531,1968.3,32.9,mountainous,9,False
33.589796,-5.122449,2025.0,37.3,mountainous,9,False
33.589796,-5.118367,1771.2,28.0,mountainous,9,False
33.589796,-5.114286,1642.2,27.3,mountainous,9,False
33.589796,-5.110204,1984.9,39.6,mountainous,9,False
33.589796,-5.106122,2313.2,40.0,mountainous,9,False
33.589796,-5.102041,1889.3,30.9,mountainous,9,False
33.589796,-5.097959,1897.5,33.2,mountainous,9,False
33.589796,-5.093878,1841.7,30.8,mountainous,9,False
33.589796,-5.089796,1869.0,27.6,mountainous,9,False
33.589796,-5.085714,1920.8,37.7,mountainous,9,False
33.589796,-5.081633,2229.6,37.4,mountainous,9,False
33.589796,-5.077551,2337.4,38.1,mountainous,9,False
33.589796,-5.073469,1629.0,27.8,mountainous,9,False
33.589796,-5.069388,1721.3,35.2,mountainous,9,False
33.589796,-5.065306,1884.6,38.3,mountainous,9,False
33.589796,-5.061224,2062.7,34.7,mountainous,9,False
33.589796,-5.057143,2474.6,35.3,mountainous,9,False
33.589796,-5.053061,2156.6,29.4,mountainous,9,False
33.589796,-5.04898,1668.0,37.0,mountainous,9,False
33.589796,-5.044898,2186.4,43.6,mountainous,9,False
33.589796,-5.040816,1920.4,32.7,mountainous,9,False
33.589796,-5.036735,2098.9,26.0,mountainous,9,False
33.589796,-5.032653,2020.1,39.6,mountainous,9,False
33.589796,-5.028571,2161.3,35.5,mountainous,9,False
33.589796,-5.02449,2264.1,28.6,mountainous,9,False
33.589796,-5.020408,2238.8,25.7,mountainous,9,False
33.589796,-5.016327,1670.7,39.7,mountainous,9,False
33.589796,-5.012245,2266.0,44.3,mountainous,9,False
33.589796,-5.008163,1627.3,34.0,mountainous,9,False
33.589796,-5.004082,1797.5,38.5,mountainous,9,False
33.589796,-5.0,2024.8,39.9,mountainous,9,False
33.591837,-5.2,1564.1,6.1,hills,10,True
33.591837,-5.195918,1591.5,13.8,hills,10,True
33.591837,-5.191837,1543.4,5.1,hills,10,True
33.591837,-5.187755,1602.3,8.0,hills,10,True
33.591837,-5.183673,1564.3,10.5,hills,10,True
33.591837,-5.179592,1712.0,9.4,hills,10,True
33.591837,-5.17551,1759.9,10.8,hills,10,True
33.591837,-5.171429,1366.6,9.0,hills,10,True
33.591837,-5.167347,1412.0,5.2,hills,10,True
33.591837,-5.163265,1438.5,13.8,hills,10,True
33.591837,-5.159184,1617.1,9.7,hills,10,True
33.591837,-5.155102,1464.3,16.6,hills,10,True
33.591837,-5.15102,1610.6,12.6,hills,10,True
33.591837,-5.146939,1251.7,11.2,hills,10,True
33.591837,-5.142857,1656.9,18.3,hills,10,True
33.591837,-5.138776,1610.4,17.2,hills,10,True
33.591837,-5.134694,1463.5,14.0,hills,10,True
33.591837,-5.130612,1843.2,17.3,hills,10,True
33.591837,-5.126531,1793.7,14.0,hills,10,True
33.591837,-5.122449,1788.9,17.0,hills,10,True
33.591837,-5.118367,1567.8,10.8,hills,10,True
33.591837,-5.114286,1501.5,16.0,hills,10,True
33.591837,-5.110204,1479.7,8.3,hills,10,True
33.591837,-5.106122,1844.8,9.7,hills,10,True
33.591837,-5.102041,1974.0,8.0,hills,10,True
33.591837,-5.097959,1953.1,9.4,hills,10,True
33.591837,-5.093878,1845.0,9.5,hills,10,True
33.591837,-5.089796,1813.6,9.0,hills,10,True
33.591837,-5.085714,1760.7,8.0,hills,10,True
33.591837,-5.081633,1801.6,8.4,hills,10,True
33.591837,-5.077551,1755.3,6.6,hills,10,True
33.591837,-5.073469,1796.5,8.5,hills,10,True
33.591837,-5.069388,2023.3,10.1,hills,10,True
33.591837,-5.065306,1642.4,11.0,hills,10,True
33.591837,-5.061224,2095.8,11.3,hills,10,True
33.591837,-5.057143,1631.3,8.3,hills,10,True
33.591837,-5.053061,1553.4,14.4,hills,10,True
33.591837,-5.04898,1671.0,18.2,hills,10,True
33.591837,-5.044898,1910.7,12.4,hills,10,True
33.591837,-5.040816,1852.0,14.1,hills,10,True
33.591837,-5.036735,1463.0,9.8,hills,10,True
33.591837,-5.032653,1561.4,5.9,hills,10,True
33.591837,-5.028571,1265.1,19.7,hills,10,True
33.591837,-5.02449,1653.8,17.3,hills,10,True
33.591837,-5.020408,1452.4,15.9,hills,10,True
33.591837,-5.016327,1540.8,10.7,hills,10,True
33.591837,-5.012245,1563.3,9.0,hills,10,True
33.591837,-5.008163,1927.8,14.4,hills,10,True
33.591837,-5.004082,1453.1,15.9,hills,10,True
33.591837,-5.0,2159.5,13.0,hills,10,True
33.593878,-5.2,1577.2,9.1,hills,10,True
33.593878,-5.195918,1717.2,16.7,hills,10,True
33.593878,-5.191837,1441.9,11.9,hills,10,True
33.593878,-5.187755,1567.8,8.4,hills,10,True
33.593878,-5.183673,1663.3,15.9,hills,10,True
33.593878,-5.179592,1451.6,9.8,hills,10,True
33.593878,-5.17551,1431.6,8.2,hills,10,True
33.593878,-5.171429,1526.6,15.6,hills,10,True
33.593878,-5.167347,1607.3,18.8,hills,10,True
33.593878,-5.163265,1463.9,7.5,hills,10,True
33.593878,-5.159184,2012.5,13.7,hills,10,True
33.593878,-5.155102,1877.2,15.2,hills,10,True
33.593878,-5.15102,1340.5,7.2,hills,10,True
33.593878,-5.146939,1621.6,11.1,hills,10,True
33.593878,-5.142857,1482.5,15.0,hills,10,True
33.593878,-5.138776,1777.2,12.4,hills,10,True
33.593878,-5.134694,1668.4,12.1,hills,10,True
33.593878,-5.130612,1569.1,9.6,hills,10,True
33.593878,-5.126531,1906.0,5.9,hills,10,True
33.593878,-5.122449,1963.1,19.2,hills,10,True
33.593878,-5.118367,1374.2,20.0,hills,10,True
33.593878,-5.114286,1592.8,13.5,hills,10,True
33.593878,-5.110204,1514.3,6.1,hills,10,True
33.593878,-5.106122,1970.1,5.9,hills,10,True
33.593878,-5.102041,1764.3,12.0,hills,10,True
33.593878,-5.097959,1355.1,8.7,hills,10,True
33.593878,-5.093878,1601.3,9.9,hills,10,True
33.593878,-5.089796,1735.1,17.4,hills,10,True
33.593878,-5.085714,1367.3,18.8,hills,10,True
33.593878,-5.081633,1616.7,5.3,hills,10,True
33.593878,-5.077551,1593.5,15.8,hills,10,True
33.593878,-5.073469,1858.8,13.4,hills,10,True
33.593878,-5.069388,1760.6,18.2,hills,10,True
33.593878,-5.065306,1458.0,14.5,hills,10,True
33.593878,-5.061224,1532.6,10.9,hills,10,True
33.593878,-5.057143,1582.1,18.6,hills,10,True
33.593878,-5.053061,1757.6,12.4,hills,10,True
33.593878,-5.04898,1771.1,16.0,hills,10,True
33.593878,-5.044898,1701.7,15.4,hills,10,True
33.593878,-5.040816,1711.3,7.1,hills,10,True
33.593878,-5.036735,1664.6,13.8,hills,10,True
33.593878,-5.032653,1409.4,5.5,hills,10,True
33.593878,-5.028571,1711.1,10.1,hills,10,True
33.593878,-5.02449,1379.0,13.1,hills,10,True
33.593878,-5.020408,1824.8,15.4,hills,10,True
33.593878,-5.016327,1666.5,6.3,hills,10,True
33.593878,-5.012245,1538.0,7.7,hills,10,True
33.593878,-5.008163,1726.9,15.3,hills,10,True
33.593878,-5.004082,1784.9,11.2,hills,10,True
33.593878,-5.0,1648.0,6.7,hills,10,True
33.595918,-5.2,1540.3,15.8,hills,10,True
33.595918,-5.195918,1495.1,7.6,hills,10,True
33.595918,-5.191837,1600.8,16.0,hills,10,True
33.595918,-5.187755,1466.2,18.1,hills,10,True
33.595918,-5.183673,1596.5,12.6,hills,10,True
33.595918,-5.179592,1702.4,19.3,hills,10,True
33.595918,-5.17551,1386.4,5.1,hills,10,True
33.595918,-5.171429,1574.0,17.6,hills,10,True
33.595918,-5.167347,1933.6,16.1,hills,10,True
33.595918,-5.163265,1351.2,18.3,hills,10,True
33.595918,-5.159184,1377.7,15.8,hills,10,True
33.595918,-5.155102,1656.4,16.3,hills,10,True
33.595918,-5.15102,1654.9,8.3,hills,10,True
33.595918,-5.146939,1714.8,17.6,hills,10,True
33.595918,-5.142857,1719.4,10.1,hills,10,True
33.595918,-5.138776,1464.0,6.2,hills,10,True
33.595918,-5.134694,1531.6,9.2,hills,10,True
33.595918,-5.130612,1656.6,14.7,hills,10,True
33.595918,-5.126531,1458.4,6.3,hills,10,True
33.595918,-5.122449,1799.1,5.6,hills,10,True
33.595918,-5.118367,2316.5,6.6,hills,10,True
33.595918,-5.114286,1981.2,6.1,hills,10,True
33.595918,-5.110204,1943.9,17.3,hills,10,True
33.595918,-5.106122,1411.0,6.1,hills,10,True
33.595918,-5.102041,1502.0,13.6,hills,10,True
33.595918,-5.097959,1574.6,16.1,hills,10,True
33.595918,-5.093878,1777.1,15.4,hills,10,True
33.595918,-5.089796,1947.3,15.3,hills,10,True
33.595918,-5.085714,1680.5,18.8,hills,10,True
33.595918,-5.081633,1779.1,7.1,hills,10,True
33.595918,-5.077551,2069.7,14.0,hills,10,True
33.595918,-5.073469,1458.0,14.0,hills,10,True
33.595918,-5.069388,1692.9,5.9,hills,10,True
33.595918,-5.065306,1219.0,16.9,hills,10,True
33.595918,-5.061224,1481.7,10.0,hills,10,True
33.595918,-5.057143,1806.6,14.6,hills,10,True
33.595918,-5.053061,1605.2,17.3,hills,10,True
33.595918,-5.04898,1721.6,15.9,hills,10,True
33.595918,-5.044898,1687.1,6.0,hills,10,True
33.595918,-5.040816,1177.1,9.7,hills,10,True
33.595918,-5.036735,1548.2,14.8,hills,10,True
33.595918,-5.032653,1568.6,15.5,hills,10,True
33.595918,-5.028571,1701.7,17.2,hills,10,True
33.595918,-5.02449,1518.3,15.0,hills,10,True
33.595918,-5.020408,1371.6,8.6,hills,10,True
33.595918,-5.016327,1539.1,6.9,hills,10,True
33.595918,-5.012245,1658.9,11.3,hills,10,True
33.595918,-5.008163,1906.8,8.1,hills,10,True
33.595918,-5.004082,1804.7,5.9,hills,10,True
33.595918,-5.0,1648.8,11.8,hills,10,True
33.597959,-5.2,1723.7,7.5,hills,10,True
33.597959,-5.195918,1712.5,19.5,hills,10,True
33.597959,-5.191837,1939.2,19.3,hills,10,True
33.597959,-5.187755,1624.1,14.3,hills,10,True
33.597959,-5.183673,1418.4,7.8,hills,10,True
33.597959,-5.179592,1612.5,10.8,hills,10,True
33.597959,-5.17551,1363.3,11.2,hills,10,True
33.597959,-5.171429,1501.7,9.8,hills,10,True
33.597959,-5.167347,1954.6,12.2,hills,10,True
33.597959,-5.163265,1385.8,12.0,hills,10,True
33.597959,-5.159184,1714.5,15.0,hills,10,True
33.597959,-5.155102,1417.3,18.6,hills,10,True
33.597959,-5.15102,1737.6,8.8,hills,10,True
33.597959,-5.146939,1590.1,17.0,hills,10,True
33.597959,-5.142857,1367.6,5.0,hills,10,True
33.597959,-5.138776,1489.2,12.7,hills,10,True
33.597959,-5.134694,1592.2,14.3,hills,10,True
33.597959,-5.130612,1630.4,16.5,hills,10,True
33.597959,-5.126531,1597.4,5.7,hills,10,True
33.597959,-5.122449,1615.2,13.4,hills,10,True
33.597959,-5.118367,1626.2,7.8,hills,10,True
33.597959,-5.114286,1615.5,7.5,hills,10,True
33.597959,-5.110204,1621.3,15.4,hills,10,True
33.597959,-5.106122,1799.9,19.1,hills,10,True
33.597959,-5.102041,1616.9,15.7,hills,10,True
33.597959,-5.097959,1572.7,13.6,hills,10,True
33.597959,-5.093878,1848.2,15.6,hills,10,True
33.597959,-5.089796,2232.6,16.7,hills,10,True
33.597959,-5.085714,1367.0,8.3,hills,10,True
33.597959,-5.081633,1801.5,18.2,hills,10,True
33.597959,-5.077551,1591.2,14.9,hills,10,True
33.597959,-5.073469,1433.7,6.6,hills,10,True
33.597959,-5.069388,1461.4,6.6,hills,10,True
33.597959,-5.065306,1500.2,16.7,hills,10,True
33.597959,-5.061224,1387.2,14.1,hills,10,True
33.597959,-5.057143,1206.4,18.4,hills,10,True
33.597959,-5.053061,1358.2,8.7,hills,10,True
33.597959,-5.04898,1965.6,15.8,hills,10,True
33.597959,-5.044898,1922.5,9.7,hills,10,True
33.597959,-5.040816,1629.6,14.6,hills,10,True
33.597959,-5.036735,1805.4,10.5,hills,10,True
33.597959,-5.032653,1923.2,6.5,hills,10,True
33.597959,-5.028571,1358.3,9.3,hills,10,True
33.597959,-5.02449,1950.8,5.8,hills,10,True
33.597959,-5.020408,1924.2,13.4,hills,10,True
33.597959,-5.016327,1644.9,16.1,hills,10,True
33.597959,-5.012245,1672.6,6.6,hills,10,True
33.597959,-5.008163,1846.7,5.7,hills,10,True
33.597959,-5.004082,1870.2,8.7,hills,10,True
33.597959,-5.0,1815.6,6.2,hills,10,True
33.6,-5.2,1712.8,13.0,hills,10,True
33.6,-5.195918,1966.0,16.5,hills,10,True
33.6,-5.191837,1615.5,6.2,hills,10,True
33.6,-5.187755,1845.0,6.4,hills,10,True
33.6,-5.183673,1428.2,10.0,hills,10,True
33.6,-5.179592,1818.6,6.7,hills,10,True
33.6,-5.17551,1534.8,14.0,hills,10,True
33.6,-5.171429,1870.4,11.4,hills,10,True
33.6,-5.167347,1713.6,5.6,hills,10,True
33.6,-5.163265,1753.3,9.1,hills,10,True
33.6,-5.159184,1891.0,19.6,hills,10,True
33.6,-5.155102,1709.8,6.8,hills,10,True
33.6,-5.15102,1285.2,18.2,hills,10,True
33.6,-5.146939,1904.4,8.2,hills,10,True
33.6,-5.142857,1308.0,7.3,hills,10,True
33.6,-5.138776,1771.0,19.4,hills,10,True
33.6,-5.134694,1590.4,8.3,hills,10,True
33.6,-5.130612,1502.2,16.7,hills,10,True
33.6,-5.126531,1762.6,13.5,hills,10,True
33.6,-5.122449,1751.2,11.6,hills,10,True
33.6,-5.118367,1525.3,12.6,hills,10,True
33.6,-5.114286,1698.1,8.7,hills,10,True
33.6,-5.110204,1391.1,19.1,hills,10,True
33.6,-5.106122,1401.7,19.6,hills,10,True
33.6,-5.102041,1751.4,16.2,hills,10,True
33.6,-5.097959,1751.4,8.1,hills,10,True
33.6,-5.093878,1904.4,8.2,hills,10,True
33.6,-5.089796,1673.5,16.6,hills,10,True
33.6,-5.085714,1325.7,14.0,hills,10,True
33.6,-5.081633,1991.9,9.1,hills,10,True
33.6,-5.077551,1244.8,7.4,hills,10,True
33.6,-5.073469,1493.1,16.2,hills,10,True
33.6,-5.069388,1271.8,15.3,hills,10,True
33.6,-5.065306,1956.9,8.4,hills,10,True
33.6,-5.061224,1785.5,6.2,hills,10,True
33.6,-5.057143,2059.5,9.0,hills,10,True
33.6,-5.053061,1343.2,7.2,hills,10,True
33.6,-5.04898,1614.2,5.0,hills,10,True
33.6,-5.044898,1639.3,15.8,hills,10,True
33.6,-5.040816,1612.6,9.9,hills,10,True
33.6,-5.036735,1871.8,5.0,hills,10,True
33.6,-5.032653,1227.8,8.2,hills,10,True
33.6,-5.028571,1526.5,18.9,hills,10,True
33.6,-5.02449,1375.1,18.7,hills,10,True
33.6,-5.020408,1885.6,7.4,hills,10,True
33.6,-5.016327,1494.9,12.2,hills,10,True
33.6,-5.012245,1741.2,18.3,hills,10,True
33.6,-5.008163,1729.7,12.7,hills,10,True
33.6,-5.004082,1665.4,6.3,hills,10,True
33.6,-5.0,1685.7,7.0,hills,10,True
